chr11	3081786	3082592	1.7883e-05	35.560730	30	2.8764e-11	1.2742e-10	92.577	57.017
chr11	3099966	3100517	0.00010244	48.600568	37	2.29e-10	7.2988e-10	91.111	42.51
chr11	3114671	3115134	0.044294	52.290879	15	3.067e-06	3.156e-07	85.716	33.425
chr11	3141998	3143011	3.9474e-05	52.265085	36	1.3676e-10	2.8126e-10	70.616	18.351
chr11	3198752	3200569	1.1097e-05	76.306548	40	8.0203e-13	7.9065e-11	92.205	15.899
chr11	3200887	3201919	9.6771e-05	93.940476	30	2.8764e-11	6.8951e-10	98.107	4.1667
chr11	3267839	3268352	0.0002238	90.144533	31	8.985e-11	1.5946e-09	94.983	4.8387
chr11	3284388	3284945	0.03876	65.082071	20	6.3019e-08	2.7617e-07	71.582	6.5
chr11	3282907	3283818	0.00044656	74.547619	30	3.9999e-09	3.1818e-09	85.214	10.667
chr11	3318325	3319144	4.2116e-05	86.192169	30	2.8764e-11	3.0008e-10	90.359	4.1667
chr11	3404757	3405366	0.00010181	75.509473	31	2.389e-11	7.2542e-10	91.639	16.129
chr11	3236960	3237686	0.00019828	81.654762	30	2.8764e-11	1.4128e-09	83.044	1.3889
chr11	3475058	3475459	0.00075707	75.450450	37	2.1273e-11	5.3942e-09	94.144	18.694
chr11	3496738	3497953	0.0001457	76.139416	26	7.7879e-10	1.0381e-09	83.191	7.0513
chr11	3483290	3483495	6.4048e-05	93.782051	26	6.1792e-10	4.5635e-10	95.705	1.9231
chr11	3499406	3501320	2.2457e-05	83.860029	33	4.5992e-12	1.6001e-10	89.921	6.0606
chr11	3508967	3509860	0.00044093	74.797336	28	2.2728e-10	3.1417e-09	84.619	9.8214
chr11	3511207	3512743	1.1529e-06	85.370013	37	1.7819e-13	8.2145e-12	92.757	7.3874
chr11	3519698	3520914	6.4877e-05	92.599068	26	6.1792e-10	4.6226e-10	93.561	0.96154
chr11	3521392	3523080	1.9821e-07	88.784580	35	6.7091e-13	1.4123e-12	92.118	3.3333
chr11	3529797	3531139	5.4591e-05	89.885115	26	6.1792e-10	3.8897e-10	93.09	3.2051
chr11	3532468	3533349	0.0088481	91.956522	23	6.2158e-09	6.3044e-08	94.783	2.8261
chr11	3533727	3534512	0.0087706	75.096154	26	9.107e-09	6.2492e-08	86.25	11.154
chr11	3564984	3566083	0.00017903	86.616696	27	1.3308e-09	1.2756e-09	87.357	0.74074
chr11	3579825	3580634	0.044056	70.046898	22	2.3171e-08	3.139e-07	77.893	7.8463
chr11	3626150	3626949	0.034203	82.998405	19	1.3668e-07	2.437e-07	92.297	9.2982
chr11	3662545	3662988	0.0019921	89.563492	19	1.3668e-07	1.4194e-08	91.669	2.1053
chr11	3699071	3699946	0.0063769	80.571429	20	7.3268e-08	4.5436e-08	83.071	2.5
chr11	3804478	3805023	0.019025	91.590909	22	1.344e-08	1.3556e-07	95.909	4.3182
chr11	3777717	3778043	0.025312	96.405229	17	6.4547e-07	1.8036e-07	99.346	2.9412
chr11	3801385	3802401	0.0088712	81.195652	23	6.2158e-09	6.3209e-08	91.341	10.145
chr11	3811390	3812549	0.00037409	76.251417	28	1.4781e-09	2.6654e-09	89.644	13.393
chr11	3843379	3844277	0.00071533	81.086310	24	3.262e-09	5.0968e-09	84.211	3.125
chr11	3887258	3887964	0.00036413	70.048363	32	2.0864e-11	2.5945e-09	73.955	3.9062
chr11	3889144	3890441	0.017441	68.232207	31	6.3446e-09	1.2427e-07	88.662	20.43
chr11	3890811	3891906	0.017949	64.061234	31	1.5809e-08	1.2789e-07	76.964	12.903
chr11	3933677	3933814	9.6089e-12	-77.333333	45	4.1522e-14	6.8465e-17	0.44444	77.778
chr11	3861573	3862348	0.019164	82.553785	22	1.2824e-07	1.3655e-07	87.099	4.5455
chr11	3973661	3974829	0.0021239	74.018511	28	2.2151e-09	1.5133e-08	80.566	6.5476
chr11	3970313	3972179	6.9995e-08	38.617752	58	4.563e-14	4.9872e-13	74.046	35.428
chr11	3972219	3973347	0.007354	61.226287	41	6.8266e-07	5.2399e-08	85.617	24.39
chr11	3986004	3986659	0.034026	63.421053	19	2.9963e-07	2.4244e-07	77.105	13.684
chr11	4004980	4005641	0.021315	69.741329	27	2.9456e-08	1.5187e-07	91.787	22.046
chr11	4005959	4006804	0.00022061	71.583581	32	3.6063e-11	1.5719e-09	81.74	10.156
chr11	4007164	4007773	0.038819	70.575216	20	7.3268e-08	2.7659e-07	86.409	15.833
chr11	4009553	4010764	2.0601e-05	72.450397	32	8.2758e-12	1.4678e-10	80.575	8.125
chr11	4011070	4012683	1.0145e-06	86.641620	35	6.7091e-13	7.2283e-12	92.118	5.4762
chr11	4013914	4014961	0.042499	78.244048	28	1.8363e-10	3.0281e-07	88.958	10.714
chr11	4016245	4017142	0.020722	76.875902	25	1.6955e-09	1.4765e-07	85.676	8.8
chr11	3977706	3979008	0.016576	73.960162	31	8.7213e-10	1.1811e-07	84.767	10.806
chr11	4028370	4030050	2.4731e-06	72.145626	43	2.4445e-12	1.7621e-11	82.998	10.853
chr11	4123736	4124579	0.0045971	68.524660	28	1.902e-08	3.2755e-08	97.139	28.614
chr11	4117723	4118933	0.0017356	72.013889	24	2.8772e-09	1.2366e-08	95.556	23.542
chr11	4157734	4158353	0.042163	57.328042	21	5.1452e-08	3.0042e-07	92.169	34.841
chr11	4179605	4180861	0.021454	77.734788	36	4.7989e-11	1.5287e-07	84.077	6.3426
chr11	4205555	4206536	0.0019879	81.221655	28	1.636e-09	1.4164e-08	89.555	8.3333
chr11	4201847	4202908	3.5177e-05	93.269558	28	1.331e-10	2.5064e-10	94.46	1.1905
chr11	4188836	4189898	1.7419e-10	88.031746	50	4.341e-14	1.2412e-15	89.698	1.6667
chr11	4235222	4236250	0.0096878	80.674603	27	1.8354e-09	6.9027e-08	92.403	11.728
chr11	4227290	4228345	7.6869e-08	93.849206	35	6.7091e-13	5.4771e-13	94.563	0.71429
chr11	4252986	4253708	3.7333e-05	87.386565	31	1.6257e-11	2.66e-10	89.806	2.4194
chr11	4243394	4245025	2.4116e-06	87.535393	37	1.9196e-13	1.7183e-11	92.49	4.955
chr11	4249584	4250094	0.00079851	85.552381	25	1.3329e-09	5.6895e-09	89.552	4
chr11	4260939	4263060	2.2454e-05	76.087031	40	1.6351e-11	1.5999e-10	84.778	8.6905
chr11	4263484	4264370	9.0384e-06	80.948661	32	6.2559e-12	6.44e-11	86.938	5.9896
chr11	4215295	4216083	0.020895	63.653569	26	3.7929e-09	1.4888e-07	70.384	6.7308
chr11	4258746	4260456	4.7409e-13	87.816810	61	4.563e-14	3.378e-18	92.735	4.918
chr11	4292333	4293478	0.0028892	87.380952	21	2.9088e-08	2.0586e-08	88.571	1.1905
chr11	4296357	4297325	0.020032	69.527103	23	3.7279e-08	1.4273e-07	96.846	27.319
chr11	4395397	4395685	0.044195	62.418831	22	5.8878e-08	3.1489e-07	80.449	18.03
chr11	4389658	4390905	3.4486e-11	82.911023	56	4.0523e-14	2.4572e-16	87.673	4.7619
chr11	4398049	4399289	0.00022469	87.154018	32	6.2559e-12	1.6009e-09	90.383	3.2292
chr11	4401534	4403088	2.2054e-05	74.747575	36	2.9418e-12	1.5714e-10	82.479	7.7315
chr11	4416627	4417406	0.0034116	87.160895	22	1.344e-08	2.4308e-08	88.171	1.0101
chr11	4407156	4409474	1.4929e-10	71.314940	62	4.019e-14	1.0637e-15	83.385	12.07
chr11	4437045	4438259	9.3025e-05	70.154660	39	1.2017e-11	6.6282e-10	92.761	22.607
chr11	4438261	4439622	0.00069382	34.917184	46	1.1945e-08	4.9436e-09	94.048	59.13
chr11	4484540	4485212	0.020515	87.528283	25	1.3329e-09	1.4617e-07	93.862	6.3333
chr11	4548719	4549351	0.017384	66.021825	24	1.2628e-08	1.2386e-07	81.994	15.972
chr11	4560854	4561915	0.0096334	75.654762	26	1.9396e-09	6.8639e-08	82.065	6.4103
chr11	4567550	4569346	7.8617e-11	89.664408	50	4.4076e-14	5.6016e-16	93.431	3.7667
chr11	4570120	4570522	5.084e-09	89.574405	40	5.7065e-14	3.6224e-14	90.824	1.25
chr11	4563942	4565186	7.3025e-05	65.405962	39	8.4921e-13	5.2031e-10	87.138	21.732
chr11	4571445	4573180	1.1451e-05	89.400585	38	1.1158e-13	8.1592e-11	94.006	4.6053
chr11	4583166	4584779	8.4054e-05	64.013410	29	5.2072e-10	5.989e-10	91.887	27.874
chr11	4589053	4589613	0.0052184	63.967684	19	1.8119e-06	3.7182e-08	89.406	25.439
chr11	4603607	4604367	1.9303e-05	77.027650	31	1.3399e-11	1.3753e-10	98.195	21.167
chr11	4645037	4645877	2.1317e-05	91.413465	32	6.2559e-12	1.5189e-10	93.497	2.0833
chr11	4650880	4651320	0.013691	73.761107	19	1.3668e-07	9.7547e-08	92.621	18.86
chr11	4639727	4640361	0.029881	74.351852	18	2.9682e-07	2.1291e-07	77.593	3.2407
chr11	4675756	4676642	0.00014305	93.278388	26	6.1792e-10	1.0193e-09	95.201	1.9231
chr11	4651696	4652597	1.6601e-06	79.683780	32	6.2559e-12	1.1828e-11	96.09	16.406
chr11	4718246	4719168	0.0093178	57.327462	29	1.7269e-08	6.6391e-08	87.442	30.115
chr11	4746690	4748134	0.00017059	80.952381	27	4.4711e-10	1.2155e-09	91.076	10.123
chr11	4796935	4798066	0.00041143	61.456496	27	6.4697e-09	2.9315e-09	70.098	8.642
chr11	4806457	4807596	0.0096283	80.738250	28	1.2055e-09	6.8603e-08	92.345	11.607
chr11	4804362	4805957	1.9809e-06	81.337868	42	4.7629e-14	1.4114e-11	86.893	5.5556
chr11	4808544	4809717	0.0019119	79.050231	29	2.7083e-09	1.3623e-08	84.481	5.431
chr11	4813738	4814689	4.2415e-05	83.921005	30	2.8764e-11	3.0221e-10	90.31	6.3889
chr11	4816444	4817295	0.0038665	80.962302	24	1.4246e-08	2.755e-08	84.435	3.4722
chr11	4821273	4822157	0.0092082	71.974206	24	2.8772e-09	6.561e-08	92.113	20.139
chr11	4697921	4698690	1.7832e-05	69.029018	32	9.9696e-12	1.2706e-10	71.112	2.0833
chr11	4867988	4868772	0.0071487	74.353741	21	3.8734e-08	5.0936e-08	94.909	20.556
chr11	4924815	4925558	0.0042692	82.894805	25	1.3329e-09	3.0419e-08	83.895	1
chr11	4976217	4977100	0.029298	73.434343	33	1.9237e-10	2.0875e-07	94.495	21.061
chr11	5000847	5002007	2.6326e-08	57.247239	46	4.9294e-14	1.8757e-13	83.334	26.087
chr11	4996850	4998397	3.6254e-05	74.645692	28	1.4821e-10	2.5832e-10	85.181	10.536
chr11	5045578	5046993	8.4692e-07	78.239403	43	7.0388e-14	6.0344e-12	86.96	8.7209
chr11	5094237	5094817	0.0003845	77.297009	26	9.8027e-10	2.7396e-09	93.964	16.667
chr11	5111987	5113597	1.5294e-14	86.734232	65	3.9413e-14	1.0897e-19	90.672	3.9377
chr11	5084566	5086360	1.4668e-14	87.935288	68	4.6962e-14	1.0451e-19	90.509	2.5735
chr11	5134833	5135409	1.0574e-05	79.783355	37	1.2188e-12	7.5345e-11	94.648	14.865
chr11	5190751	5191143	0.0063015	87.888889	20	6.3019e-08	4.4899e-08	89.139	1.25
chr11	5217021	5218005	0.0017718	79.667659	24	3.6968e-09	1.2625e-08	83.834	4.1667
chr11	5205845	5209712	4.804e-30	85.758158	124	4.0523e-14	3.4229e-35	89.32	3.5618
chr11	5219982	5221727	2.1158e-05	84.577133	32	5.1772e-11	1.5075e-10	89.525	4.9479
chr11	5210013	5210961	0.0020638	71.564626	28	7.9935e-10	1.4705e-08	73.469	1.9048
chr11	5011641	5011778	0.001148	-66.666667	21	2.6845e-07	8.1797e-09	4.7619	71.429
chr11	5428407	5430223	8.9183e-07	74.081461	42	1.1025e-13	6.3544e-12	91.224	17.143
chr11	5466179	5466827	2.012e-06	76.348039	34	1.6506e-12	1.4336e-11	84.877	8.5294
chr11	5510693	5512048	0.0043525	65.834702	29	9.3912e-10	3.1012e-08	77.001	11.166
chr11	5506998	5507312	2.0324e-11	49.454853	53	4.5519e-14	1.4481e-16	91.265	41.81
chr11	5520589	5521213	1.125e-05	88.685114	37	1.7819e-13	8.0155e-11	91.639	2.9537
chr11	5529638	5530113	0.017793	74.368687	21	2.9088e-08	1.2678e-07	93.813	19.444
chr11	5578390	5578633	0.0094284	68.582888	17	6.4547e-07	6.7178e-08	97.995	29.412
chr11	5584380	5584677	9.7586e-08	87.616959	38	1.1746e-13	6.9532e-13	96.784	9.1667
chr11	5647659	5649060	7.2919e-06	88.247234	30	2.8764e-11	5.1956e-11	89.358	1.1111
chr11	5642517	5643479	0.019257	73.835596	22	1.329e-06	1.3721e-07	82.927	9.0909
chr11	5660634	5661445	0.0024898	92.119048	20	6.3019e-08	1.774e-08	93.119	1
chr11	5638558	5639822	9.1925e-12	85.259675	55	4.5963e-14	6.5498e-17	89.957	4.697
chr11	5773378	5774871	0.0010238	85.064004	31	1.3399e-11	7.2951e-09	93.344	8.2796
chr11	5848645	5849433	0.00044574	80.598721	29	8.4372e-11	3.176e-09	84.047	3.4483
chr11	5855707	5856739	1.0722e-05	89.182099	36	1.8309e-12	7.6398e-11	93.349	4.1667
chr11	5872231	5873323	0.0043473	85.653439	30	2.8764e-11	3.0975e-08	96.765	11.111
chr11	5870810	5871894	2.1689e-05	78.675595	32	3.6063e-11	1.5454e-10	82.79	4.1146
chr11	5875439	5876068	0.029881	89.362875	18	2.9682e-07	2.1291e-07	92.141	2.7778
chr11	5895703	5896665	0.00090297	76.368756	32	1.0582e-10	6.4338e-09	90.119	13.75
chr11	5832286	5836064	1.5261e-24	84.394235	110	4.3188e-14	1.0874e-29	91.902	7.5076
chr11	5988233	5988810	0.0041354	77.576058	24	3.6968e-09	2.9465e-08	92.507	14.931
chr11	5991902	5992460	0.0078609	68.346787	27	6.4697e-09	5.601e-08	92.73	24.383
chr11	5982240	5983358	0.00045597	79.682540	30	3.3133e-10	3.2489e-09	89.683	10
chr11	6024864	6026119	0.015264	74.377880	31	1.1363e-09	1.0876e-07	87.389	13.011
chr11	6008157	6008932	2.159e-05	84.915675	32	5.1772e-11	1.5383e-10	92.207	7.2917
chr11	5958803	5959152	0.0019399	47.526455	27	9.6234e-10	1.3822e-08	90.736	43.21
chr11	6096968	6097378	2.4483e-07	21.454588	43	6.9389e-14	1.7444e-12	92.946	71.491
chr11	6122551	6122969	0.013772	54.700906	19	1.3668e-07	9.8126e-08	89.541	34.84
chr11	6151546	6153192	1.1745e-06	77.505772	40	1.8874e-13	8.3682e-12	91.506	14
chr11	6163789	6164348	0.044222	81.515152	22	5.0833e-07	3.1509e-07	92.879	11.364
chr11	6166233	6166743	0.0013688	84.329004	22	1.344e-08	9.7532e-09	90.011	5.6818
chr11	6147594	6148969	0.0019641	82.011600	26	7.7879e-10	1.3994e-08	89.704	7.6923
chr11	6171855	6172670	1.1062e-06	88.382173	39	1.9063e-13	7.8817e-12	91.032	2.6496
chr11	6177325	6178214	3.5366e-05	86.857993	28	1.331e-10	2.5199e-10	97.13	10.272
chr11	6220470	6221047	0.004359	73.509700	27	2.2709e-09	3.1058e-08	90.176	16.667
chr11	6226642	6229394	4.9413e-09	74.931693	46	4.4409e-14	3.5208e-14	86.997	12.065
chr11	6222484	6223203	0.044397	53.417108	27	2.906e-07	3.1633e-07	89.775	36.358
chr11	6312211	6312959	0.00019153	77.342638	29	6.1844e-11	1.3647e-09	89.674	12.332
chr11	6313369	6315927	6.8719e-10	80.607243	46	4.563e-14	4.8963e-15	82.781	2.1739
chr11	6328518	6331319	1.079e-16	83.286915	73	4.6629e-14	7.6879e-22	91.5	8.2127
chr11	6322035	6323966	7.5534e-13	83.684573	55	4.13e-14	5.3819e-18	85.806	2.1212
chr11	6354817	6355759	0.020479	91.606280	23	6.2158e-09	1.4592e-07	95.229	3.6232
chr11	6359867	6361763	5.3781e-10	84.283701	43	4.674e-14	3.8319e-15	84.749	0.46512
chr11	6409288	6409891	0.0024332	90.119048	20	6.3019e-08	1.7337e-08	99.286	9.1667
chr11	6405176	6406120	6.8004e-09	82.043651	46	4.4076e-14	4.8454e-14	91.681	9.6377
chr11	6406232	6407402	0.0074712	70.019240	33	1.1634e-09	5.3233e-08	82.443	12.424
chr11	6415427	6416672	3.9243e-05	71.056524	38	4.8672e-13	2.7961e-10	73.907	2.8509
chr11	6434916	6436331	4.6423e-06	84.833454	36	6.4629e-12	3.3077e-11	86.222	1.3889
chr11	6392884	6393420	0.034436	79.210526	19	2.9963e-07	2.4536e-07	84.474	5.2632
chr11	6438586	6439423	0.0043216	68.544974	27	1.9788e-08	3.0792e-08	74.101	5.5556
chr11	6442955	6444531	9.9517e-07	78.881740	38	3.6548e-11	7.0908e-12	81.513	2.6316
chr11	6440423	6442618	6.2677e-08	86.380184	46	4.4187e-14	4.4658e-13	89.098	2.7174
chr11	6446575	6446813	0.013761	92.105263	19	1.3668e-07	9.8049e-08	94.737	2.6316
chr11	6449241	6450212	0.04541	78.654244	23	3.7279e-08	3.2355e-07	85.248	6.5942
chr11	6452895	6455124	6.9344e-09	78.428459	49	4.4964e-14	4.9409e-14	86.898	8.4694
chr11	6464464	6464935	0.0085207	76.879960	24	2.8772e-09	6.0711e-08	80.699	3.8194
chr11	6455942	6458239	1.2741e-13	75.845376	73	4.3854e-14	9.0778e-19	85.116	9.271
chr11	6471566	6472320	0.0046721	80.620748	28	3.1235e-10	3.3289e-08	85.417	4.7959
chr11	6465803	6468247	3.7099e-22	83.196098	96	4.3299e-14	2.6433e-27	93.7	10.503
chr11	6460363	6461858	2.2206e-14	83.594470	62	4.4853e-14	1.5822e-19	91.793	8.1989
chr11	6505746	6507133	0.0036412	72.222222	23	9.1954e-09	2.5944e-08	90.7	18.478
chr11	6423412	6424613	0.0010099	54.834314	30	3.9999e-09	7.1956e-09	65.668	10.833
chr11	6479997	6481482	2.3861e-05	79.584942	37	9.035e-13	1.7002e-10	93.864	14.279
chr11	6542902	6543335	0.021191	67.453704	24	9.91e-09	1.5099e-07	95.231	27.778
chr11	6638687	6639416	0.01146	77.138448	18	2.9682e-07	8.1657e-08	88.713	11.574
chr11	6636104	6637068	0.020412	79.536436	28	2.5252e-08	1.4544e-07	94.12	14.583
chr11	6646513	6646821	0.038012	68.011905	20	6.3019e-08	2.7084e-07	85.929	17.917
chr11	6676590	6677314	0.00037488	89.798535	26	6.1792e-10	2.6711e-09	93.004	3.2051
chr11	6678128	6681169	1.0507e-13	82.250481	66	4.1966e-14	7.4862e-19	91.341	9.0909
chr11	6681525	6683460	1.1377e-05	77.610613	38	2.7581e-11	8.1063e-11	89.979	12.368
chr11	6656853	6657339	0.01781	72.420635	21	1.0352e-07	1.269e-07	95.04	22.619
chr11	6690343	6690747	0.04222	84.603175	21	2.9088e-08	3.0082e-07	90.952	6.3492
chr11	6724791	6725892	0.00015863	84.233267	26	6.1792e-10	1.1303e-09	91.285	7.0513
chr11	6716699	6718851	8.0994e-13	74.958664	72	4.0634e-14	5.7709e-18	83.199	8.2407
chr11	6727881	6729214	0.0061558	60.272817	32	5.1947e-09	4.3861e-08	80.325	20.052
chr11	6740994	6741390	0.0018393	72.669553	26	6.1792e-10	1.3105e-08	82.766	10.096
chr11	6708885	6709210	0.019776	39.463746	26	3.037e-09	1.409e-07	81.778	42.315
chr11	6764139	6764741	0.0031823	77.359307	22	1.344e-08	2.2674e-08	88.344	10.985
chr11	6766377	6766738	0.029881	73.271605	18	4.145e-07	2.1291e-07	87.16	13.889
chr11	6774060	6774799	0.041264	80.522123	21	7.6889e-07	2.9401e-07	87.665	7.1429
chr11	6772377	6772950	0.044564	62.759740	22	3.514e-07	3.1752e-07	92.305	29.545
chr11	6775183	6775527	0.013767	91.660401	19	1.3668e-07	9.8092e-08	94.292	2.6316
chr11	6809849	6810388	0.033819	70.542265	19	1.5667e-06	2.4096e-07	75.805	5.2632
chr11	6798475	6799027	0.0040634	81.234568	27	2.8064e-09	2.8952e-08	92.346	11.111
chr11	6811081	6812121	0.0088631	90.881643	23	3.7279e-08	6.3151e-08	95.229	4.3478
chr11	6784733	6786530	4.1698e-11	79.421060	56	3.9746e-14	2.971e-16	87.159	7.7381
chr11	6849818	6850429	0.0032874	85.378788	22	1.5413e-08	2.3423e-08	89.924	4.5455
chr11	7023273	7024425	0.0004246	90.328798	28	1.331e-10	3.0253e-09	92.71	2.381
chr11	7125569	7126662	0.00093028	83.205467	27	2.8668e-10	6.6284e-09	92.773	9.5679
chr11	7139148	7141214	4.4035e-11	85.780651	58	4.3965e-14	3.1376e-16	87.332	1.5517
chr11	7227153	7228477	0.04179	71.326531	28	1.7297e-08	2.9776e-07	85.017	13.69
chr11	7253568	7254961	3.9815e-05	73.290598	39	2.5802e-13	2.8369e-10	88.333	15.043
chr11	7018074	7019634	8.3984e-05	69.904181	41	1.9329e-10	5.984e-10	88.807	18.902
chr11	7330571	7332188	0.045578	73.660714	24	6.7182e-07	3.2475e-07	89.633	15.972
chr11	7474670	7476072	6.4802e-10	75.801918	48	4.4076e-14	4.6172e-15	91.08	15.278
chr11	7541306	7542976	1.0129e-05	81.124558	42	6.6391e-14	7.2171e-11	87.794	6.6695
chr11	7555566	7556556	0.00017293	78.117284	27	2.2709e-09	1.2321e-09	90.463	12.346
chr11	7572963	7574075	0.0045504	85.984432	26	4.2366e-09	3.2422e-08	94.959	8.9744
chr11	7619263	7619607	0.020274	71.721877	23	6.2158e-09	1.4446e-07	96.287	24.565
chr11	7637481	7638095	0.037923	75.898810	20	6.3019e-08	2.7021e-07	76.732	0.83333
chr11	7819642	7819868	0.008705	78.478261	23	6.2158e-09	6.2024e-08	95.87	17.391
chr11	7793404	7794603	1.5224e-05	68.075429	45	7.3608e-14	1.0847e-10	83.991	15.915
chr11	8147955	8149638	0.0001662	70.278746	41	3.4467e-11	1.1842e-09	88.571	18.293
chr11	8354538	8355524	0.0043303	75.756373	30	1.5374e-10	3.0854e-08	83.534	7.7778
chr11	8352912	8354022	1.2125e-06	87.416565	39	2.1383e-13	8.6389e-12	96.391	8.9744
chr11	8374647	8375522	0.00018388	75.470899	30	4.2898e-11	1.3102e-09	77.138	1.6667
chr11	8378569	8379611	9.4895e-05	73.093203	39	5.2458e-13	6.7614e-10	92.153	19.06
chr11	8539073	8540315	0.0097501	71.974548	29	1.0353e-09	6.9471e-08	92.089	20.115
chr11	8584315	8585112	0.039231	77.275132	21	2.9088e-08	2.7952e-07	83.624	6.3492
chr11	8569463	8570377	0.037616	78.373016	21	4.4656e-08	2.6802e-07	95.04	16.667
chr11	8607693	8608677	8.1006e-06	86.874040	31	1.4757e-11	5.7718e-11	91.713	4.8387
chr11	8630667	8632258	5.029e-06	84.279101	36	4.5275e-13	3.5832e-11	91.224	6.9444
chr11	8650628	8652887	6.7999e-10	83.460775	52	4.1189e-14	4.845e-15	89.358	5.8974
chr11	8662208	8663601	4.6951e-07	83.914242	36	4.1855e-13	3.3454e-12	89.701	5.787
chr11	8638530	8639346	0.019161	77.812169	30	4.8393e-10	1.3652e-07	90.59	12.778
chr11	8911898	8912186	0.0041083	81.534900	24	1.4562e-07	2.9272e-08	89.868	8.3333
chr11	8923964	8924914	0.00099252	75.738916	29	9.3912e-10	7.0718e-09	80.911	5.1724
chr11	8930001	8931493	2.1722e-06	83.179012	36	4.5275e-13	1.5478e-11	90.586	7.4074
chr11	8965526	8966285	0.043731	71.097308	23	1.3546e-08	3.1159e-07	75.445	4.3478
chr11	8961717	8962792	0.00037099	67.219662	31	7.9818e-10	2.6434e-09	76.091	8.871
chr11	9003878	9005264	0.043731	73.809524	22	4.5227e-08	3.1159e-07	80.628	6.8182
chr11	9007155	9007999	0.0033837	86.055195	22	1.344e-08	2.4109e-08	93.631	7.5758
chr11	8878536	8879456	1.8333e-07	94.074074	36	1.4436e-12	1.3063e-12	97.778	3.7037
chr11	8996848	8997684	0.00077949	79.519048	25	1.55e-08	5.554e-09	83.519	4
chr11	9009712	9011508	4.6168e-05	73.964853	35	7.9588e-11	3.2895e-10	83.012	9.0476
chr11	9022528	9024858	2.8786e-11	81.721320	60	4.3077e-14	2.051e-16	91.721	10
chr11	9099545	9100450	1.3497e-11	85.482148	66	4.5297e-14	9.6168e-17	93.285	7.803
chr11	9395829	9396828	4.7305e-13	37.957571	64	4.0079e-14	3.3705e-18	84.908	46.95
chr11	9684409	9685345	0.00042989	79.523810	32	2.3339e-10	3.063e-09	86.815	7.2917
chr11	9713611	9714573	0.044429	75.000000	25	4.3748e-09	3.1656e-07	81	6
chr11	9946614	9947091	0.0094469	63.018006	24	2.8772e-09	6.7311e-08	86.062	23.044
chr11	9926494	9927291	0.0018211	85.989011	26	6.9382e-10	1.2975e-08	91.117	5.1282
chr11	10365063	10365859	5.8871e-05	94.423077	26	6.1792e-10	4.1946e-10	96.346	1.9231
chr11	10458846	10459726	0.00019421	77.610750	30	2.8764e-11	1.3838e-09	80.944	3.3333
chr11	10588983	10590066	0.00081921	79.413919	26	1.3809e-09	5.837e-09	83.26	3.8462
chr11	10623899	10624394	0.0038208	69.302549	33	6.9772e-11	2.7224e-08	85.515	16.212
chr11	10665205	10665854	0.037909	78.736111	20	9.8827e-08	2.7011e-07	86.236	7.5
chr11	10386414	10387216	2.6277e-05	36.078419	26	6.1792e-10	1.8723e-10	84.063	47.985
chr11	10869635	10870551	9.5343e-05	86.611111	30	3.8831e-11	6.7933e-10	90.5	3.8889
chr11	10950457	10950989	0.0033646	77.272727	22	8.7103e-08	2.3973e-08	93.182	15.909
chr11	11006180	11007599	2.3634e-05	80.482456	38	4.5092e-11	1.684e-10	87.5	7.0175
chr11	11048740	11050008	0.021673	88.020491	25	1.5036e-09	1.5442e-07	91.687	3.6667
chr11	11074764	11075457	4.1431e-05	32.520249	41	1.9351e-13	2.9521e-10	84.867	52.347
chr11	11469035	11470480	0.0045933	72.491790	29	5.2072e-10	3.2728e-08	84.503	12.011
chr11	11507796	11509187	0.044572	71.235986	24	3.5234e-07	3.1759e-07	79.569	8.3333
chr11	11607827	11608450	0.00034417	89.134615	26	7.7879e-10	2.4522e-09	92.981	3.8462
chr11	11676355	11677461	0.018311	75.433673	28	2.0028e-09	1.3047e-07	88.231	12.798
chr11	11677817	11678367	4.2244e-05	78.342232	30	3.0123e-10	3.01e-10	83.898	5.5556
chr11	11719441	11719828	0.0079105	92.727273	22	1.344e-08	5.6364e-08	95	2.2727
chr11	11739035	11740131	2.0523e-07	73.374008	40	7.9492e-14	1.4623e-12	75.874	2.5
chr11	11765291	11766367	0.0020699	68.415179	32	1.1562e-10	1.4749e-08	80.394	11.979
chr11	11763222	11764867	1.971e-06	86.551227	33	2.9344e-12	1.4044e-11	93.243	6.6919
chr11	11783555	11784685	4.3165e-05	85.583333	30	3.1796e-11	3.0756e-10	86.694	1.1111
chr11	11768680	11769389	0.020609	82.078755	26	1.2323e-09	1.4684e-07	88.329	6.25
chr11	11799578	11801277	2.2978e-06	73.697609	44	5.8176e-14	1.6372e-11	86.008	12.311
chr11	11787125	11788652	1.2079e-09	83.427052	47	4.341e-14	8.6062e-15	87.682	4.2553
chr11	11813680	11814154	0.03848	92.869048	20	6.3019e-08	2.7417e-07	95.786	2.9167
chr11	11823480	11824289	0.0092142	77.884615	26	8.7388e-10	6.5653e-08	79.808	1.9231
chr11	11819226	11819663	0.0015632	89.782609	23	6.2158e-09	1.1138e-08	92.826	3.0435
chr11	11836676	11837508	4.5431e-05	85.344226	31	3.5647e-10	3.237e-10	92.602	7.2581
chr11	11837938	11839515	3.4406e-06	90.899471	30	2.8764e-11	2.4515e-11	91.733	0.83333
chr11	11884944	11885735	0.004551	63.920940	26	1.5579e-08	3.2426e-08	97.703	33.782
chr11	12151750	12154299	3.9921e-10	85.200577	55	4.1411e-14	2.8445e-15	88.079	2.8788
chr11	12179351	12180146	0.021025	75.461310	24	3.6968e-09	1.498e-07	86.92	11.458
chr11	12325352	12326028	0.0081172	83.307453	23	1.6088e-07	5.7836e-08	87.655	4.3478
chr11	12461180	12461444	0.0050695	40.564625	38	4.6501e-09	3.6121e-08	94.884	54.32
chr11	12482798	12483790	7.2379e-10	81.792782	49	4.6185e-14	5.1571e-15	83.493	1.7007
chr11	12505096	12505658	0.0033212	87.133838	22	1.5413e-08	2.3664e-08	89.407	2.2727
chr11	12949082	12949570	0.0063128	92.750000	20	6.3019e-08	4.498e-08	94	1.25
chr11	12947052	12947790	5.7172e-09	87.148526	42	6.8279e-14	4.0736e-14	90.125	2.9762
chr11	13480522	13481459	4.6884e-05	77.651927	35	8.5532e-13	3.3405e-10	81.223	3.5714
chr11	13609660	13609942	2.5706e-05	54.694567	26	6.1792e-10	1.8316e-10	87.108	32.413
chr11	14392231	14392732	0.00020219	63.778425	36	1.6896e-12	1.4406e-09	89.918	26.139
chr11	14520514	14521535	7.3279e-08	25.163847	62	2.9743e-13	5.2212e-13	85.504	60.341
chr11	14796355	14796657	0.019706	82.738095	24	2.8321e-07	1.4041e-07	86.905	4.1667
chr11	15178024	15178246	0.0096746	59.362933	29	2.7083e-09	6.8933e-08	94.01	34.647
chr11	15347644	15347937	0.0008708	77.110806	26	6.1792e-10	6.2046e-09	79.162	2.0513
chr11	15490792	15492149	6.1507e-10	84.816667	50	4.674e-14	4.3825e-15	89.817	5
chr11	15710337	15711593	0.042375	77.261905	22	9.3057e-07	3.0193e-07	87.489	10.227
chr11	15934107	15935212	0.042269	67.752525	22	1.4951e-06	3.0117e-07	85.177	17.424
chr11	16212706	16213413	0.00021432	65.815826	34	5.0482e-12	1.5271e-09	77.826	12.01
chr11	16231440	16232549	1.977e-05	80.151523	36	5.9751e-12	1.4086e-10	87.559	7.4074
chr11	16464785	16465139	0.00020815	83.767196	30	2.8764e-11	1.4831e-09	84.601	0.83333
chr11	16495430	16496374	0.034565	83.941103	19	1.3668e-07	2.4628e-07	89.204	5.2632
chr11	16509006	16509831	2.4359e-07	84.238722	38	1.1746e-13	1.7356e-12	86.212	1.9737
chr11	16517074	16518094	0.0045955	84.449478	29	3.4979e-10	3.2744e-08	87.323	2.8736
chr11	16594881	16595135	0.039675	81.697723	23	9.1954e-09	2.8269e-07	88.219	6.5217
chr11	16657119	16658862	2.4266e-07	84.664683	40	6.5403e-13	1.729e-12	94.748	10.083
chr11	16717309	16718068	0.0013156	91.370523	22	1.344e-08	9.3741e-09	93.416	2.0455
chr11	16715983	16716799	0.01146	61.123737	18	4.8911e-07	8.1657e-08	81.494	20.37
chr11	16741252	16741793	0.029881	91.246994	18	2.9682e-07	2.1291e-07	93.099	1.8519
chr11	16756329	16757812	0.0073649	84.219577	21	3.3576e-08	5.2476e-08	88.981	4.7619
chr11	16779579	16780938	4.433e-07	80.089044	41	1.5576e-13	3.1586e-12	85.374	5.2846
chr11	16817584	16818275	0.015959	76.059524	20	9.8827e-08	1.1371e-07	91.893	15.833
chr11	16703750	16704650	2.8168e-08	83.919123	42	4.674e-14	2.007e-13	86.3	2.381
chr11	16971712	16972505	0.0020265	74.686508	30	6.3774e-11	1.4439e-08	83.298	8.6111
chr11	16968522	16969377	0.046084	75.306777	26	4.4484e-08	3.2835e-07	86.845	11.538
chr11	16978845	16979624	0.044482	65.676407	22	3.0327e-08	3.1694e-07	80.07	14.394
chr11	17003254	17003999	0.018742	89.837662	22	1.5413e-08	1.3354e-07	92.11	2.2727
chr11	17163883	17164958	0.00041961	74.479875	28	8.8617e-10	2.9898e-09	95.908	21.429
chr11	17187434	17189413	3.338e-09	77.272589	52	4.6074e-14	2.3784e-14	83.362	6.0897
chr11	17203100	17204442	0.0021312	73.895846	28	1.636e-09	1.5185e-08	82.527	8.631
chr11	17223053	17224780	0.0065093	61.640212	42	1.5909e-10	4.638e-08	79.497	17.857
chr11	17247257	17248449	7.9256e-10	77.795493	56	4.5075e-14	5.6471e-15	87.676	9.881
chr11	17343387	17344875	0.00021691	67.917268	33	4.7769e-10	1.5455e-09	87.362	19.444
chr11	17407042	17408443	2.3688e-06	70.220674	41	6.169e-12	1.6878e-11	78.757	8.5366
chr11	17433142	17433811	0.00040565	93.137860	27	2.8668e-10	2.8903e-09	95.607	2.4691
chr11	17463299	17465308	0.0032623	55.162022	36	9.5568e-12	2.3245e-08	82.969	27.807
chr11	17805106	17805646	0.007216	85.192744	21	2.9088e-08	5.1415e-08	87.574	2.381
chr11	17856654	17857610	0.0040849	79.386447	26	2.6432e-08	2.9106e-08	92.848	13.462
chr11	17959161	17960826	1.1993e-06	75.114764	39	2.2564e-12	8.5451e-12	85.371	10.256
chr11	18186133	18186839	0.025006	58.413885	17	6.4547e-07	1.7817e-07	71.049	12.635
chr11	18321822	18322975	0.037255	72.244048	20	3.1798e-07	2.6544e-07	73.911	1.6667
chr11	18666668	18667576	0.0015953	77.003968	24	1.3015e-07	1.1367e-08	93.671	16.667
chr11	18672418	18672968	0.00020035	89.367816	29	6.1844e-11	1.4275e-09	90.23	0.86207
chr11	18689089	18689892	0.018948	89.242424	22	7.6484e-08	1.3501e-07	95.303	6.0606
chr11	18700465	18701358	0.0032957	88.349567	22	1.5413e-08	2.3482e-08	91.38	3.0303
chr11	18708459	18709666	6.171e-08	74.019274	42	4.674e-14	4.3969e-13	84.892	10.873
chr11	18845261	18846536	8.9338e-05	83.128079	29	5.7484e-10	6.3655e-10	91.174	8.046
chr11	18873322	18874046	0.000104	83.939732	32	6.2559e-12	7.4103e-10	86.544	2.6042
chr11	18885850	18887501	0.0094329	75.329218	27	1.6191e-08	6.7211e-08	87.058	11.728
chr11	18903279	18904564	2.568e-07	73.127245	47	3.626e-13	1.8298e-12	85.184	12.057
chr11	18905115	18906359	0.00096567	67.617808	32	1.5066e-10	6.8806e-09	88.451	20.833
chr11	18898498	18899228	0.0015829	82.508627	23	6.1151e-08	1.1278e-08	86.856	4.3478
chr11	18938827	18940631	4.688e-05	75.018797	38	5.3151e-12	3.3403e-10	86.642	11.623
chr11	18954631	18955992	0.0040043	80.618873	24	3.262e-09	2.8531e-08	86.869	6.25
chr11	18984818	18985408	0.0069863	66.768707	35	1.0053e-10	4.9778e-08	88.245	21.476
chr11	18989586	18990218	0.0013698	89.798371	22	1.344e-08	9.7598e-09	95.101	5.303
chr11	18993840	18995592	1.59e-10	82.616017	50	4.2855e-14	1.1329e-15	84.016	1.4
chr11	18999252	19000078	0.00021502	83.678351	36	3.3606e-13	1.532e-09	93.401	9.7222
chr11	19002320	19003178	2.3304e-07	90.378291	38	1.0758e-13	1.6604e-12	92.352	1.9737
chr11	19079245	19080902	1.0283e-05	72.660626	42	3.515e-13	7.327e-11	90.994	18.333
chr11	19090447	19090939	0.01146	87.709436	18	2.9682e-07	8.1657e-08	90.487	2.7778
chr11	19091243	19091649	0.0063466	93.660714	20	6.3019e-08	4.5221e-08	96.161	2.5
chr11	19103301	19104528	0.038377	80.571429	20	4.8712e-07	2.7344e-07	90.571	10
chr11	19095151	19095791	9.6792e-05	91.305556	30	3.1796e-11	6.8966e-10	94.639	3.3333
chr11	19112566	19113506	0.01781	83.002474	21	2.9088e-08	1.269e-07	86.971	3.9683
chr11	19214359	19214887	8.4375e-05	86.689804	29	6.1844e-11	6.0118e-10	87.839	1.1494
chr11	19333555	19334222	0.00039624	77.025012	33	5.3955e-11	2.8232e-09	86.368	9.3434
chr11	19387879	19389066	0.0034963	78.585503	25	1.5036e-09	2.4911e-08	87.522	8.9365
chr11	19470186	19471703	0.00076885	75.755556	25	1.3329e-09	5.4782e-09	94.756	19
chr11	19487143	19487855	0.034249	81.002506	19	1.3668e-07	2.4403e-07	90.652	9.6491
chr11	19480756	19481365	0.0038121	94.652778	24	2.8772e-09	2.7161e-08	96.042	1.3889
chr11	19488930	19491162	7.5611e-06	73.069720	45	2.068e-12	5.3874e-11	89.144	16.074
chr11	19491555	19492449	1.0752e-06	82.937580	37	1.3142e-12	7.6606e-12	89.469	6.5315
chr11	19492449	19493786	0.0020931	73.838259	29	3.2301e-08	1.4914e-08	78.436	4.5977
chr11	19497074	19498357	0.01648	67.041614	31	2.0929e-09	1.1742e-07	86.827	19.785
chr11	19537313	19538008	6.4644e-05	88.095238	26	3.7929e-09	4.606e-10	91.941	3.8462
chr11	19535924	19536537	0.0009476	75.979748	29	8.4372e-11	6.7518e-09	80.577	4.5977
chr11	19549144	19550009	0.00043277	83.111111	30	1.8652e-10	3.0835e-09	87.833	4.7222
chr11	19556294	19557783	1.0021e-05	79.091479	38	2.2311e-11	7.1399e-11	90.056	10.965
chr11	19559157	19560624	0.0089416	77.924431	23	6.9124e-08	6.371e-08	85.895	7.971
chr11	19553305	19555079	1.9328e-07	92.763448	36	3.3606e-13	1.3772e-12	93.689	0.92593
chr11	19585228	19585951	0.044564	84.255051	22	1.344e-08	3.1752e-07	86.528	2.2727
chr11	19570119	19571507	0.00010544	83.347339	34	1.5136e-12	7.5128e-10	86.583	3.2353
chr11	19594011	19594924	0.044253	72.373737	22	3.0327e-08	3.1531e-07	88.283	15.909
chr11	19582051	19582816	3.8882e-06	82.278217	32	6.868e-12	2.7704e-11	83.841	1.5625
chr11	19606140	19607272	6.7167e-11	89.859086	49	4.5519e-14	4.7857e-16	90.539	0.68027
chr11	19601019	19601946	6.4766e-05	91.159612	27	2.8668e-10	4.6147e-10	94.246	3.0864
chr11	19621094	19621600	0.0083153	68.010913	24	5.3674e-09	5.9248e-08	70.928	2.9167
chr11	19627997	19629744	0.00092667	76.637272	27	4.9929e-10	6.6027e-09	89.6	12.963
chr11	19623590	19625204	1.2045e-07	81.291134	41	1.0403e-13	8.5823e-13	94.706	13.415
chr11	19655459	19656926	6.0399e-08	89.212662	44	4.5297e-14	4.3036e-13	90.349	1.1364
chr11	19697879	19698630	4.5732e-05	74.351852	36	3.4442e-12	3.2585e-10	84.769	10.417
chr11	19792542	19794257	0.0090662	76.468254	30	8.8643e-09	6.4598e-08	88.135	11.667
chr11	19798308	19799276	0.0094489	89.083694	24	2.8772e-09	6.7325e-08	93.736	4.6528
chr11	19829170	19830015	0.0036085	81.733170	23	6.2158e-09	2.5711e-08	89.704	7.971
chr11	19823247	19824341	0.02039	68.690476	27	2.4167e-07	1.4528e-07	80.419	11.728
chr11	19831727	19832960	0.045665	79.335179	24	2.298e-08	3.2537e-07	89.752	10.417
chr11	19777340	19777609	0.0008935	75.641026	26	8.7388e-10	6.3663e-09	88.782	13.141
chr11	19866425	19866963	0.037755	67.581317	28	2.2151e-09	2.6901e-07	86.629	19.048
chr11	19872091	19873264	0.021099	86.476521	24	2.8772e-09	1.5033e-07	92.379	5.9028
chr11	19891320	19892215	9.9062e-05	71.884921	36	3.2926e-10	7.0583e-10	87.903	16.019
chr11	19914996	19915775	2.327e-05	71.435185	36	1.3362e-12	1.658e-10	92.269	20.833
chr11	19901722	19902670	0.00022232	55.955770	33	7.1766e-10	1.5841e-09	94.037	38.081
chr11	19870849	19871624	1.811e-05	78.908610	30	3.5142e-11	1.2904e-10	80.575	1.6667
chr11	19927936	19928478	0.032933	80.307018	19	1.0077e-06	2.3465e-07	89.956	9.6491
chr11	19937220	19937936	0.0002082	67.535204	29	9.3535e-11	1.4835e-09	69.259	1.7241
chr11	19934071	19934235	0.04428	80.000000	15	3.067e-06	3.155e-07	85.556	5.5556
chr11	19979652	19979793	0.01146	86.358025	18	2.9682e-07	8.1657e-08	89.136	2.7778
chr11	20001654	20002534	8.7573e-07	85.536669	34	1.389e-12	6.2397e-12	92.995	7.458
chr11	19971063	19971183	1.3215e-06	50.611111	30	2.8764e-11	9.4157e-12	98.667	48.056
chr11	20025137	20025590	0.029881	62.513228	18	1.7755e-06	2.1291e-07	96.706	34.193
chr11	19984279	19984947	1.8111e-05	77.900794	30	5.2327e-11	1.2904e-10	84.567	6.6667
chr11	20209319	20209853	0.015162	85.805556	20	6.3019e-08	1.0803e-07	96.222	10.417
chr11	20219739	20220591	3.2047e-06	93.081597	32	6.2559e-12	2.2834e-11	96.727	3.6458
chr11	20249335	20250357	0.0098939	81.153846	26	7.7879e-10	7.0496e-08	91.346	10.192
chr11	20245371	20246392	0.0067978	79.773243	21	2.9088e-08	4.8435e-08	92.075	12.302
chr11	20251066	20251818	0.0013558	87.803030	22	1.344e-08	9.6605e-09	98.485	10.682
chr11	20269961	20270918	2.5738e-07	86.084267	34	1.6506e-12	1.8339e-12	87.555	1.4706
chr11	20200236	20201259	0.00073373	82.142857	24	2.8772e-09	5.2279e-09	87.004	4.8611
chr11	20273128	20273827	0.0004661	92.335069	32	6.2559e-12	3.3211e-09	93.116	0.78125
chr11	20278434	20278997	0.0035951	89.851622	23	6.2158e-09	2.5616e-08	92.026	2.1739
chr11	20275149	20276232	0.0010102	90.880952	30	2.8764e-11	7.1975e-09	94.77	3.8889
chr11	20304030	20304721	0.0096082	56.371100	29	2.4733e-08	6.846e-08	90.681	34.31
chr11	20305979	20307555	5.291e-07	87.833740	39	7.2942e-14	3.7699e-12	89.543	1.7094
chr11	20316772	20317199	0.017289	76.796537	21	2.9088e-08	1.2319e-07	97.114	20.317
chr11	20280807	20281678	0.0020887	70.705467	27	7.1722e-09	1.4882e-08	73.792	3.0864
chr11	20349100	20349897	0.00051175	94.300144	22	1.344e-08	3.6463e-09	96.573	2.2727
chr11	20381991	20382233	0.025154	78.375350	17	6.4547e-07	1.7923e-07	83.964	5.5882
chr11	20387594	20389029	4.5773e-07	79.681097	35	8.5532e-13	3.2614e-12	82.538	2.8571
chr11	20404058	20404865	0.0020195	78.632479	26	3.3945e-09	1.4389e-08	80.556	1.9231
chr11	20417048	20418017	0.016624	69.549175	32	1.2865e-09	1.1845e-07	81.268	11.719
chr11	20413904	20414631	2.2458e-06	88.613379	35	5.2131e-12	1.6002e-11	91.471	2.8571
chr11	20063681	20064419	6.815e-07	77.621727	35	9.2355e-12	4.8558e-12	82.86	5.2381
chr11	20445535	20447733	0.00046818	77.999752	32	1.9032e-11	3.3359e-09	85.552	7.5521
chr11	20477955	20479194	0.038249	77.849206	20	4.8712e-07	2.7253e-07	94.099	16.25
chr11	20591961	20592829	0.0043344	88.700000	25	1.3329e-09	3.0883e-08	97.5	8.8
chr11	20624656	20626325	2.9478e-10	74.595576	47	4.6074e-14	2.1003e-15	90.021	15.426
chr11	20607284	20609005	1.2188e-11	84.603175	49	4.3188e-14	8.6838e-17	87.664	3.0612
chr11	20721622	20722293	3.9937e-08	85.660661	37	1.7819e-13	2.8456e-13	88.138	2.4775
chr11	20741816	20742873	0.020239	67.253401	28	4.4197e-08	1.4421e-07	90.408	23.155
chr11	20751338	20752498	0.04521	77.244495	23	5.7931e-07	3.2213e-07	90.288	13.043
chr11	20752821	20754607	2.5278e-07	82.323880	39	1.202e-12	1.8011e-12	88.82	6.4957
chr11	20748491	20750173	0.045909	81.226708	23	5.4072e-08	3.2711e-07	88.618	7.3913
chr11	20756294	20757796	4.9029e-05	86.115646	35	7.8659e-13	3.4934e-10	90.687	4.5714
chr11	20760350	20762148	1.6735e-10	83.840476	50	4.2411e-14	1.1924e-15	91.174	7.3333
chr11	20769929	20772762	1.3933e-18	83.051994	78	4.019e-14	9.9278e-24	86.684	3.6325
chr11	20799411	20799955	0.038689	88.583333	20	6.3019e-08	2.7567e-07	90.25	1.6667
chr11	20810650	20812257	1.0131e-05	72.607710	42	2.2438e-13	7.2185e-11	94.909	22.302
chr11	20820989	20822546	5.835e-08	83.262741	44	4.5186e-14	4.1575e-13	91.407	8.1439
chr11	20822860	20824075	1.098e-06	81.621032	40	7.0166e-14	7.8233e-12	85.454	3.8333
chr11	20824762	20826395	0.00019649	73.618421	38	4.5697e-13	1.4e-09	93.092	19.474
chr11	20847574	20848938	1.1114e-06	88.132832	38	1.249e-13	7.9192e-12	93.177	5.0439
chr11	20843447	20845055	7.7738e-05	71.482772	41	1.2515e-11	5.5389e-10	82.052	10.569
chr11	20866810	20867252	0.0033231	91.118326	22	1.344e-08	2.3678e-08	95.664	4.5455
chr11	20957882	20959330	0.00035203	77.475580	26	6.5734e-09	2.5083e-09	88.117	10.641
chr11	20973160	20974421	0.0086978	70.978836	30	2.3307e-09	6.1973e-08	81.257	10.278
chr11	20986245	20987130	0.00029043	79.472403	24	2.8772e-09	2.0693e-09	87.806	8.3333
chr11	20983289	20983840	0.0094454	74.403439	30	3.4959e-08	6.73e-08	86.07	11.667
chr11	21006180	21006936	0.0016629	69.519439	36	2.8178e-11	1.1848e-08	93.131	23.611
chr11	21008768	21010240	9.717e-05	81.320106	30	1.8652e-10	6.9235e-10	92.431	11.111
chr11	21099974	21101499	0.0021543	79.698960	29	6.1844e-11	1.535e-08	95.159	15.46
chr11	21105508	21106287	0.029881	92.724868	18	2.9682e-07	2.1291e-07	95.503	2.7778
chr11	21110411	21112331	0.01915	71.091270	30	4.8393e-10	1.3645e-07	81.091	10
chr11	21123855	21124636	1.521e-05	79.023810	30	2.7381e-10	1.0837e-10	83.024	4
chr11	21173612	21174431	0.03871	80.845238	20	1.1466e-07	2.7581e-07	90.845	10
chr11	21468440	21469847	0.0033822	80.865801	22	1.5413e-08	2.4098e-08	84.275	3.4091
chr11	21664870	21665677	0.0094538	74.816850	26	3.3945e-09	6.736e-08	85.586	10.769
chr11	22326549	22327229	0.00091405	76.894841	28	1.7297e-08	6.5128e-09	84.038	7.1429
chr11	22345241	22346088	0.00044219	59.927203	29	2.4626e-09	3.1507e-09	85.123	25.196
chr11	22406264	22407204	0.0099957	75.590659	26	5.4657e-08	7.1221e-08	91.937	16.346
chr11	22548583	22550252	0.00094934	76.580215	28	1.4821e-10	6.7642e-09	79.259	2.6786
chr11	22561789	22563665	1.078e-09	91.977352	41	4.9072e-14	7.6813e-15	92.79	0.81301
chr11	22572694	22573534	0.00090326	87.522046	27	3.5822e-10	6.4359e-09	91.755	4.2328
chr11	22587816	22588606	0.00022646	82.626263	33	5.5023e-12	1.6135e-09	91.717	9.0909
chr11	22601745	22603660	0.002186	67.821244	41	2.0818e-11	1.5575e-08	85.504	17.683
chr11	22657256	22657639	0.00061562	70.750361	24	9.91e-09	4.3864e-09	85.334	14.583
chr11	22659691	22660678	5.4261e-05	85.166667	25	1.3329e-09	3.8662e-10	86.5	1.3333
chr11	22668365	22669068	0.016194	63.610062	32	5.1947e-09	1.1538e-07	90.225	26.615
chr11	22778240	22778938	0.017666	87.936508	21	1.3633e-07	1.2587e-07	98.413	10.476
chr11	22773845	22774681	0.0019892	90.933957	28	1.331e-10	1.4174e-08	93.255	2.3214
chr11	22781494	22782706	1.043e-07	84.838982	41	5.107e-14	7.4316e-13	90.937	6.0976
chr11	22825535	22826581	0.00073571	82.445759	26	6.9382e-10	5.2421e-09	95.907	13.462
chr11	22932814	22933503	0.036906	70.670455	20	7.3268e-08	2.6296e-07	72.337	1.6667
chr11	22962542	22963119	0.00093104	71.659323	28	1.8104e-09	6.6338e-09	78.802	7.1429
chr11	22964012	22966426	1.1231e-07	76.832663	49	4.3299e-14	8.002e-13	82.105	5.2721
chr11	22806941	22807857	0.046261	78.400000	25	1.9112e-09	3.2962e-07	84.21	5.8095
chr11	23070236	23071004	0.00041232	79.215168	27	2.2709e-09	2.9378e-09	93.783	14.568
chr11	23091971	23092842	0.004434	75.789242	27	4.0027e-10	3.1593e-08	83.505	7.716
chr11	23122063	23123319	0.0092036	83.153108	24	2.5871e-08	6.5577e-08	90.792	7.6389
chr11	23148351	23149677	0.00021387	79.398148	30	5.7773e-11	1.5238e-09	88.843	9.4444
chr11	23153010	23153664	0.042229	59.125094	21	2.6845e-07	3.0089e-07	83.161	24.036
chr11	23179736	23181257	0.033154	69.750744	32	1.9601e-10	2.3623e-07	85.636	15.885
chr11	23263162	23264665	0.0084241	86.210725	31	6.7856e-11	6.0023e-08	89.544	3.3333
chr11	23477006	23477951	0.0095323	69.285714	27	7.1722e-09	6.7919e-08	98.236	28.951
chr11	23466614	23468855	6.7914e-05	52.222162	51	2.5749e-11	4.839e-10	91.372	39.15
chr11	23584443	23585171	9.1653e-05	85.277778	30	3.5142e-11	6.5304e-10	90.833	5.5556
chr11	23801225	23801522	0.0085015	69.306418	23	2.9004e-07	6.0575e-08	89.959	20.652
chr11	23934765	23935755	0.00074055	85.049603	24	2.8772e-09	5.2765e-09	86.438	1.3889
chr11	23926526	23927004	0.045671	81.727273	15	3.067e-06	3.2541e-07	86.172	4.4444
chr11	23942960	23944060	9.1175e-05	81.064695	30	3.8831e-11	6.4964e-10	85.898	4.8333
chr11	23946228	23946868	0.019332	78.403680	22	1.7666e-08	1.3774e-07	82.949	4.5455
chr11	23950765	23951501	0.025017	70.414863	17	6.4547e-07	1.7825e-07	91.983	21.569
chr11	23967064	23969286	1.984e-05	78.433780	32	7.54e-12	1.4136e-10	87.028	8.5938
chr11	23992345	23993514	4.8199e-06	92.089169	34	1.389e-12	3.4343e-11	94.54	2.451
chr11	23994698	23995667	5.3192e-09	92.461285	41	4.9072e-14	3.79e-14	92.949	0.4878
chr11	24042435	24043747	0.032687	56.049220	32	8.8142e-06	2.329e-07	82.351	26.302
chr11	24062606	24063501	0.02081	68.941799	24	3.6823e-08	1.4827e-07	75.539	6.5972
chr11	24063911	24065608	2.2476e-12	85.543924	58	4.1522e-14	1.6014e-17	89.854	4.3103
chr11	24073017	24073689	0.029881	73.134921	18	2.9682e-07	2.1291e-07	87.95	14.815
chr11	24083211	24084440	3.5925e-05	90.884096	28	1.4821e-10	2.5597e-10	93.86	2.9762
chr11	24066755	24069188	3.4188e-10	79.534088	53	4.4076e-14	2.4359e-15	90.666	11.132
chr11	24098332	24100083	0.00021796	85.235690	33	9.0098e-11	1.553e-09	88.266	3.0303
chr11	24102871	24103429	0.0092979	76.842440	24	1.6286e-07	6.6249e-08	91.426	14.583
chr11	24092992	24094677	2.9676e-09	86.868970	51	4.6851e-14	2.1145e-14	90.627	3.7582
chr11	24106913	24108676	1.0339e-07	69.555120	53	4.7407e-14	7.3669e-13	90.467	20.912
chr11	24119366	24120106	2.2172e-05	81.823252	37	8.7116e-12	1.5798e-10	90.832	9.009
chr11	24121913	24124396	9.951e-21	83.204709	84	4.4742e-14	7.0902e-26	86.776	3.5714
chr11	24130924	24131884	0.0032796	91.714384	22	1.344e-08	2.3368e-08	93.23	1.5152
chr11	24133550	24134797	0.00020211	85.567460	30	2.8764e-11	1.4401e-09	90.012	4.4444
chr11	24143309	24144628	0.00017158	88.807787	27	2.8668e-10	1.2225e-09	91.894	3.0864
chr11	24149721	24150850	1.8113e-05	84.383681	32	3.2934e-11	1.2906e-10	92.196	7.8125
chr11	24151815	24152291	0.0079976	89.458874	22	1.7666e-08	5.6984e-08	94.762	5.303
chr11	24193707	24194759	0.043986	85.492424	22	1.5413e-08	3.134e-07	92.311	6.8182
chr11	24204152	24206510	6.776e-12	81.322562	70	4.0523e-14	4.828e-17	88.346	7.0238
chr11	24217092	24217952	1.7482e-05	72.805789	34	7.7354e-12	1.2456e-10	75.257	2.451
chr11	24223540	24223986	0.00037916	84.847375	26	5.2806e-09	2.7016e-09	88.694	3.8462
chr11	24237771	24238889	0.00090227	86.214569	28	2.0432e-10	6.4288e-09	90.322	4.1071
chr11	24241700	24243004	0.00019631	77.049689	46	4.6996e-13	1.3987e-09	90.818	13.768
chr11	24249589	24250301	8.3948e-05	92.440476	28	1.331e-10	5.9814e-10	94.226	1.7857
chr11	24295986	24296547	0.0061037	84.694444	20	6.3019e-08	4.3489e-08	94.694	10
chr11	24294067	24295600	0.0020653	82.914462	27	2.2709e-09	1.4715e-08	88.779	5.8642
chr11	24296972	24297576	4.3322e-06	84.305556	34	2.1318e-11	3.0867e-11	91.658	7.3529
chr11	24301872	24302569	0.042738	85.661977	22	1.1279e-07	3.0452e-07	90.207	4.5455
chr11	24306264	24307192	0.0032822	88.008658	22	1.344e-08	2.3386e-08	93.312	5.303
chr11	24316435	24317511	4.4158e-06	83.626172	33	2.6997e-11	3.1463e-11	89.687	6.0606
chr11	24321810	24322707	4.1439e-07	86.018908	34	1.389e-12	2.9526e-12	86.999	0.98039
chr11	24390714	24392447	0.037284	68.837513	29	7.3045e-07	2.6565e-07	87.803	18.966
chr11	24452710	24453493	0.0092151	62.982295	26	3.7929e-09	6.5659e-08	68.752	5.7692
chr11	24927630	24928266	2.0948e-07	91.309524	36	3.8969e-13	1.4926e-12	92.698	1.3889
chr11	25383507	25384298	0.0037998	82.830479	23	6.2158e-09	2.7074e-08	85.004	2.1739
chr11	25543524	25544818	0.019307	80.768398	22	1.1279e-07	1.3757e-07	85.314	4.5455
chr11	25610275	25610832	0.0013905	83.993506	22	1.344e-08	9.9072e-09	85.509	1.5152
chr11	25747663	25748216	0.024739	65.424756	17	6.4547e-07	1.7627e-07	89.495	24.07
chr11	25805618	25806181	0.00031423	69.804762	25	1.9112e-09	2.2389e-09	84.471	14.667
chr11	25852680	25854147	0.017344	65.995053	31	9.5274e-10	1.2358e-07	76.748	10.753
chr11	26558101	26559167	0.00097766	87.725780	29	4.2698e-10	6.966e-09	92.898	5.1724
chr11	26765026	26765350	0.0076527	79.080087	22	1.4573e-07	5.4526e-08	83.626	4.5455
chr11	26831391	26833040	6.8662e-09	83.463357	47	6.0729e-14	4.8923e-14	89.846	6.383
chr11	26875780	26876107	0.041195	75.897436	26	3.7929e-09	2.9352e-07	81.667	5.7692
chr11	27124201	27124352	0.020452	45.690067	23	6.2158e-09	1.4572e-07	87.708	42.018
chr11	27254670	27255145	0.016834	81.904762	21	1.3633e-07	1.1995e-07	83.492	1.5873
chr11	27263718	27264409	0.045819	34.590646	23	5.1683e-07	3.2647e-07	73	38.409
chr11	27395771	27396229	8.8566e-05	86.666667	30	1.5374e-10	6.3104e-10	90	3.3333
chr11	27832747	27833453	0.0085193	90.690397	23	6.2158e-09	6.0702e-08	91.777	1.087
chr11	28152771	28153757	0.0033813	93.257576	22	1.344e-08	2.4093e-08	95.53	2.2727
chr11	28243602	28245463	0.023253	33.231696	35	2.9429e-10	1.6568e-07	73.064	39.833
chr11	28288379	28289414	0.00040247	77.540923	32	2.139e-10	2.8677e-09	81.187	3.6458
chr11	28604797	28605619	0.046083	82.352381	25	4.222e-08	3.2835e-07	90.352	8
chr11	29056187	29057186	0.0073421	60.122416	21	2.9088e-08	5.2313e-08	82.746	22.624
chr11	29554910	29556177	0.02067	67.808957	28	1.902e-08	1.4728e-07	83.736	15.927
chr11	29580239	29580908	0.01146	80.942761	18	2.9682e-07	8.1657e-08	85.017	4.0741
chr11	29617439	29619367	9.6664e-09	82.364341	43	4.8739e-14	6.8875e-14	88.062	5.6977
chr11	29668509	29669131	0.046587	67.531415	24	1.1189e-08	3.3194e-07	73.781	6.25
chr11	30007580	30008484	8.0241e-06	85.293651	30	1.3954e-10	5.7173e-11	87.238	1.9444
chr11	29976583	29977718	0.031622	72.542517	28	4.9128e-09	2.2531e-07	80.281	7.7381
chr11	30420533	30421498	0.0093659	74.688645	26	1.9396e-09	6.6733e-08	82.381	7.6923
chr11	30841478	30842685	0.00094831	75.091036	34	2.7649e-12	6.7569e-09	84.16	9.0686
chr11	31309655	31310491	7.6046e-10	87.558697	48	4.0967e-14	5.4184e-15	89.642	2.0833
chr11	31338172	31339127	4.5562e-06	86.176471	34	1.5136e-12	3.2464e-11	98.333	12.157
chr11	31509417	31510306	4.9412e-07	84.463241	38	6.0418e-13	3.5207e-12	88.411	3.9474
chr11	31540275	31542846	3.5219e-19	80.636447	78	4.6629e-14	2.5094e-24	81.918	1.2821
chr11	31556253	31556877	0.002083	83.045977	29	4.2698e-10	1.4842e-08	90.517	7.4713
chr11	31565857	31566828	4.0954e-08	88.872801	37	1.7819e-13	2.918e-13	91.125	2.2523
chr11	31584727	31585430	0.00097846	77.236772	30	2.8764e-11	6.9717e-09	87.237	10
chr11	31597101	31597622	0.019213	89.393939	22	1.5413e-08	1.369e-07	91.667	2.2727
chr11	31609427	31609739	0.038216	90.250000	20	6.3019e-08	2.723e-07	96.917	6.6667
chr11	31626324	31628473	2.4898e-07	77.264610	44	9.5346e-13	1.774e-12	93.174	15.909
chr11	31628880	31630554	6.1292e-14	76.590519	74	4.3632e-14	4.3671e-19	83.798	7.2072
chr11	31636474	31637635	0.044605	82.649018	22	1.344e-08	3.1782e-07	87.952	5.303
chr11	31641379	31642181	3.9635e-05	90.164204	29	6.1844e-11	2.8241e-10	91.888	1.7241
chr11	31646277	31647479	0.00020171	79.319923	29	4.7158e-10	1.4372e-09	93.4	14.08
chr11	31688828	31690762	2.6619e-07	88.936508	45	4.5186e-14	1.8966e-12	92.714	3.7778
chr11	31711634	31713650	5.8436e-08	77.531163	47	6.6058e-14	4.1636e-13	85.687	8.156
chr11	31792684	31794131	2.3583e-05	88.226211	36	3.596e-13	1.6804e-10	94.708	6.4815
chr11	31776322	31781315	2.2852e-24	83.957989	97	3.9191e-14	1.6282e-29	84.817	0.85911
chr11	31781430	31783364	0.00055544	58.272081	48	1.243e-09	3.9576e-09	85.355	27.083
chr11	31773638	31775174	1.721e-05	81.331672	43	6.0729e-14	1.2263e-10	88.153	6.8217
chr11	31808467	31809750	5.1519e-09	83.040620	42	4.7184e-14	3.6708e-14	87.516	4.4754
chr11	31931790	31932353	0.0080491	80.467250	23	7.0858e-09	5.7351e-08	88.801	8.3333
chr11	32003778	32004639	0.044547	76.587302	24	1.0384e-07	3.174e-07	93.948	17.361
chr11	32026324	32027186	0.0001945	68.710211	34	5.9879e-12	1.3858e-09	93.031	24.321
chr11	32007380	32007922	1.0442e-05	84.639550	36	2.717e-12	7.4398e-11	90.195	5.5556
chr11	32031384	32032337	0.029881	80.679012	18	3.5093e-07	2.1291e-07	89.012	8.3333
chr11	32032949	32033762	0.040499	82.153680	22	1.344e-08	2.8856e-07	88.593	6.4394
chr11	32035515	32036099	0.042128	78.798186	21	1.2823e-06	3.0017e-07	93.084	14.286
chr11	32040842	32041675	0.021687	79.275031	26	5.8926e-09	1.5452e-07	90.813	11.538
chr11	32048236	32049265	0.0044325	80.899790	31	1.6257e-11	3.1582e-08	87.351	6.4516
chr11	32051696	32052992	7.1543e-11	86.066087	52	4.4631e-14	5.0975e-16	89.111	3.0449
chr11	32071353	32072257	0.021468	69.615385	26	8.1719e-09	1.5296e-07	77.949	8.3333
chr11	32057606	32059092	0.00032754	64.000000	40	2.1613e-09	2.3338e-09	77.75	13.75
chr11	32075947	32076684	9.2768e-05	77.761785	30	3.8831e-11	6.6099e-10	81.095	3.3333
chr11	32074405	32074967	7.18e-05	95.959596	27	2.8668e-10	5.1159e-10	97.811	1.8519
chr11	32079854	32080736	0.0033126	81.383478	22	1.5413e-08	2.3603e-08	89.717	8.3333
chr11	32083459	32085617	2.097e-06	74.935832	47	4.7184e-14	1.4941e-11	82.56	7.6241
chr11	32088587	32089019	0.018656	74.534632	22	2.3171e-08	1.3293e-07	79.08	4.5455
chr11	32092874	32094032	9.2113e-06	87.271825	44	4.452e-14	6.5632e-11	94.469	7.197
chr11	32094438	32095328	1.0305e-05	82.104978	40	3.7614e-12	7.3426e-11	93.563	11.458
chr11	32091851	32092522	0.00094516	79.832509	28	5.8577e-10	6.7344e-09	81.023	1.1905
chr11	32099022	32099756	0.00095163	81.302083	32	6.1964e-11	6.7805e-09	85.99	4.6875
chr11	32146880	32148030	0.043032	70.539322	22	2.3171e-08	3.0661e-07	79.63	9.0909
chr11	32165620	32166057	0.0044514	76.978654	29	1.0353e-09	3.1717e-08	85.599	8.6207
chr11	32242020	32243319	0.0019094	72.839636	34	2.9767e-11	1.3605e-08	83.134	10.294
chr11	32163980	32164372	0.0016737	74.510582	36	3.2827e-11	1.1926e-08	93.955	19.444
chr11	32273964	32274632	0.017664	68.754252	28	1.0883e-09	1.2586e-07	75.897	7.1429
chr11	32276835	32277375	0.00059402	72.741389	23	6.2158e-09	4.2325e-09	87.234	14.493
chr11	32300263	32301628	5.0395e-06	89.369369	37	1.9196e-13	3.5907e-11	94.55	5.1802
chr11	32314858	32316862	4.8985e-05	86.296579	34	1.389e-12	3.4903e-10	88.502	2.2059
chr11	32324328	32325629	0.042533	73.979592	28	2.2151e-09	3.0305e-07	79.932	5.9524
chr11	32341077	32341377	0.0059406	80.168651	20	6.3019e-08	4.2328e-08	91.002	10.833
chr11	32358547	32358928	0.034129	87.406015	19	1.3668e-07	2.4317e-07	95.301	7.8947
chr11	32352638	32354018	1.6836e-05	91.609195	29	6.1844e-11	1.1996e-10	93.333	1.7241
chr11	32361982	32363783	2.0493e-11	85.151072	57	4.3965e-14	1.4601e-16	93.835	8.6842
chr11	32476574	32478675	4.9271e-06	81.317267	41	5.6954e-14	3.5106e-11	89.325	8.0081
chr11	32486697	32489073	5.5109e-13	79.383754	68	4.13e-14	3.9266e-18	88.697	9.3137
chr11	32493002	32494774	4.9892e-06	82.090255	43	1.0958e-13	3.5549e-11	87.904	5.814
chr11	32515171	32515998	0.00039503	68.583333	30	6.415e-10	2.8147e-09	92.306	23.722
chr11	32515998	32516588	0.0053053	85.238095	19	1.3668e-07	3.7801e-08	86.992	1.7544
chr11	32508978	32511081	2.3987e-12	83.959087	61	4.2411e-14	1.7091e-17	89.424	5.4645
chr11	32521959	32522422	0.029881	88.134921	18	2.9682e-07	2.1291e-07	93.69	5.5556
chr11	32516897	32519206	4.1722e-17	92.626894	80	4.5297e-14	2.9728e-22	96.398	3.7708
chr11	32532878	32533792	0.00088183	80.116108	27	2.8668e-10	6.2832e-09	88.141	8.0247
chr11	32526284	32527513	2.2881e-07	89.581725	37	1.7819e-13	1.6303e-12	90.122	0.54054
chr11	32527513	32528897	9.9783e-07	77.347180	47	1.5488e-12	7.1097e-12	89.049	11.702
chr11	32535516	32536812	4.8286e-08	81.404762	40	5.7065e-14	3.4405e-13	82.655	1.25
chr11	32543749	32544611	0.0045616	88.525641	26	6.1792e-10	3.2502e-08	95.385	6.859
chr11	32553874	32554328	0.0087365	73.970814	31	4.526e-09	6.2249e-08	85.261	11.29
chr11	32538978	32540676	6.1917e-18	90.122180	76	4.13e-14	4.4117e-23	90.882	0.75971
chr11	32484510	32486393	1.7142e-10	81.624700	52	4.6074e-14	1.2214e-15	84.509	2.8846
chr11	32582445	32582855	0.034237	80.582137	19	1.3668e-07	2.4394e-07	92.863	12.281
chr11	32585551	32587304	4.6096e-05	75.218254	36	5.5262e-12	3.2844e-10	83.181	7.963
chr11	32610496	32611219	0.0063238	88.194444	20	3.1798e-07	4.5058e-08	98.194	10
chr11	32617872	32618824	0.0082376	88.585203	22	1.344e-08	5.8694e-08	90.858	2.2727
chr11	32633749	32634944	0.009188	88.449074	24	2.8772e-09	6.5466e-08	91.921	3.4722
chr11	32676472	32677227	4.1091e-06	90.134480	36	4.5275e-13	2.9278e-11	93.607	3.4722
chr11	32745754	32747310	1.186e-06	83.236547	41	4.3843e-13	8.4504e-12	89.334	6.0976
chr11	32782021	32783718	0.00091399	77.755496	34	2.6715e-10	6.5123e-09	84.226	6.4706
chr11	32784114	32784755	0.00036032	70.935374	28	2.2728e-10	2.5673e-09	75.697	4.7619
chr11	32789552	32790480	7.7018e-05	83.013940	28	6.499e-10	5.4877e-10	86.585	3.5714
chr11	32790504	32791664	0.0043784	72.195295	28	7.2705e-09	3.1196e-08	80.529	8.3333
chr11	32808133	32809114	0.00033996	81.242857	25	1.3842e-08	2.4223e-09	87.243	6
chr11	32836137	32837022	0.043884	78.322511	22	1.5413e-08	3.1268e-07	90.444	12.121
chr11	32812034	32813180	5.1574e-06	87.152536	41	5.4512e-14	3.6747e-11	92.031	4.878
chr11	32813237	32816063	7.1226e-12	80.057801	62	4.4631e-14	5.075e-17	90.73	10.672
chr11	32854372	32855008	0.0013299	89.202578	22	1.5413e-08	9.476e-09	91.475	2.2727
chr11	32849784	32850393	2.382e-06	85.787037	36	1.9796e-12	1.6972e-11	88.565	2.7778
chr11	32858622	32859252	0.00010092	88.279570	31	1.6257e-11	7.1908e-10	92.581	4.3011
chr11	32868921	32870171	0.00047907	79.250992	32	4.7306e-11	3.4135e-09	86.282	7.0312
chr11	32899254	32900066	0.0020715	64.596208	29	1.8899e-08	1.476e-08	69.769	5.1724
chr11	32872759	32873469	3.8204e-05	86.059113	29	6.1844e-11	2.7221e-10	89.507	3.4483
chr11	32910169	32911354	5.1648e-06	72.483466	36	3.8227e-11	3.68e-11	79.428	6.9444
chr11	32878138	32880187	2.2281e-08	85.952381	39	8.1601e-14	1.5875e-13	88.516	2.5641
chr11	32916294	32917026	0.0031873	77.608225	22	1.5413e-08	2.271e-08	85.942	8.3333
chr11	32912144	32913205	0.00032047	88.177778	25	1.3329e-09	2.2834e-09	92.178	4
chr11	32924223	32924832	0.0063332	93.652778	20	6.3019e-08	4.5125e-08	95.319	1.6667
chr11	32948174	32948692	1.4558e-05	90.824830	28	1.331e-10	1.0373e-10	91.718	0.89286
chr11	32957957	32958443	0.013571	87.318296	19	1.3668e-07	9.6693e-08	90.827	3.5088
chr11	32953434	32954864	1.2437e-12	82.120088	61	4.1855e-14	8.8613e-18	94.415	12.295
chr11	32970273	32971808	0.00087618	77.425075	26	9.8027e-10	6.2429e-09	84.476	7.0513
chr11	32977039	32978222	4.5711e-09	81.312139	40	5.7065e-14	3.257e-14	84.645	3.3333
chr11	32985791	32986901	0.0039144	79.161706	24	6.0728e-09	2.789e-08	85.412	6.25
chr11	32991022	32991900	0.0010119	78.489327	29	3.8651e-10	7.2103e-09	87.627	9.1379
chr11	32989521	32990223	4.1804e-05	66.684280	34	2.7649e-12	2.9786e-10	82.959	16.275
chr11	33011763	33013056	0.0041364	60.287478	32	9.0914e-08	2.9473e-08	86.182	25.895
chr11	33053466	33054390	7.089e-06	72.525946	30	3.5142e-11	5.051e-11	91.137	18.611
chr11	33064504	33066540	2.5467e-09	84.693424	58	4.1411e-14	1.8145e-14	91.935	7.2414
chr11	33068955	33069710	9.6437e-05	76.840525	31	1.7185e-10	6.8713e-10	81.679	4.8387
chr11	33134681	33136117	0.038042	66.511295	29	1.2012e-08	2.7105e-07	81.454	14.943
chr11	33124476	33126120	2.8256e-07	84.195946	43	4.6629e-14	2.0133e-12	90.204	6.0078
chr11	33170108	33170737	0.00017824	86.306689	28	1.331e-10	1.27e-09	91.069	4.7619
chr11	33113895	33115765	1.5058e-11	81.471249	53	3.9635e-14	1.0729e-16	90.905	9.434
chr11	33458424	33459337	0.0071652	77.552910	21	3.8734e-08	5.1053e-08	95.251	17.698
chr11	33498815	33500075	4.6248e-05	85.163690	32	6.2559e-12	3.2952e-10	92.56	7.3958
chr11	33512675	33514145	4.0135e-07	90.367647	34	1.389e-12	2.8597e-12	92.328	1.9608
chr11	33559061	33559337	0.02096	89.717262	24	1.6065e-08	1.4935e-07	95.967	6.25
chr11	33676850	33677470	1.0749e-05	80.158730	37	3.2596e-13	7.6585e-11	90.519	10.36
chr11	33693296	33695901	1.1604e-14	76.036168	62	4.3632e-14	8.2677e-20	82.488	6.4516
chr11	33691554	33692486	1.6678e-05	90.287356	29	6.1844e-11	1.1884e-10	92.011	1.7241
chr11	33704288	33704761	1.7916e-05	82.577682	30	2.7381e-10	1.2765e-10	87.578	5
chr11	33706603	33706964	0.043465	74.300000	25	6.9657e-09	3.097e-07	82.3	8
chr11	33706964	33708079	1.685e-05	80.202020	33	1.7429e-11	1.2006e-10	84.242	4.0404
chr11	33717962	33718841	0.019956	88.333333	23	6.2158e-09	1.4219e-07	92.681	4.3478
chr11	33761111	33762210	0.0045334	75.877425	27	2.5249e-09	3.2301e-08	87.914	12.037
chr11	33758579	33759091	0.019365	76.163420	22	2.3171e-08	1.3798e-07	85.254	9.0909
chr11	33764967	33765897	0.00015852	89.294872	26	6.1792e-10	1.1295e-09	90.256	0.96154
chr11	33777206	33778158	0.00085004	71.351541	34	7.9947e-10	6.0567e-09	81.254	9.902
chr11	33790933	33791707	0.0001549	85.347985	26	6.9382e-10	1.1037e-09	86.63	1.2821
chr11	33782666	33784265	0.0035989	68.378852	34	1.8595e-07	2.5643e-08	86.026	17.647
chr11	33807869	33809036	2.8965e-08	79.989253	48	1.1979e-13	2.0638e-13	86.239	6.25
chr11	33818673	33819808	8.7988e-06	64.624018	45	5.7221e-12	6.2693e-11	80.735	16.111
chr11	33798347	33799868	5.3748e-08	79.110942	47	4.3854e-14	3.8296e-13	82.657	3.5461
chr11	33821007	33821971	0.0043334	85.428571	25	9.8355e-09	3.0876e-08	91.429	6
chr11	33842506	33844803	1.2252e-07	77.371032	48	4.6851e-14	8.73e-13	84.906	7.5347
chr11	33857677	33858643	0.0034023	88.383838	22	1.5413e-08	2.4242e-08	92.172	3.7879
chr11	33851913	33852592	0.00034157	91.761905	25	1.3329e-09	2.4338e-09	95.095	3.3333
chr11	33854978	33857377	2.7768e-07	86.961866	41	2.5491e-13	1.9785e-12	90.011	3.0488
chr11	33862762	33863371	3.3161e-05	84.898741	29	6.1844e-11	2.3628e-10	91.336	6.4368
chr11	33868200	33870158	2.4977e-06	73.119658	39	3.6863e-12	1.7796e-11	80.385	7.265
chr11	33918412	33920597	3.8072e-10	79.679204	53	4.4742e-14	2.7127e-15	88.327	8.6478
chr11	33929016	33930557	0.0042724	79.736919	27	7.8023e-08	3.0442e-08	88.626	8.8889
chr11	33937179	33938604	0.0037665	79.756069	34	2.2789e-10	2.6837e-08	87.354	7.598
chr11	33924820	33925995	0.00037474	85.759580	27	2.0419e-09	2.6701e-09	91.315	5.5556
chr11	33955777	33956994	7.7926e-05	80.297619	28	2.2728e-10	5.5524e-10	82.44	2.1429
chr11	33957051	33957650	0.040998	72.410714	28	4.1156e-07	2.9212e-07	83.125	10.714
chr11	33882732	33883982	6.7523e-09	88.424776	46	4.4187e-14	4.8111e-14	91.36	2.9348
chr11	33943602	33944516	0.015822	89.335317	20	6.3019e-08	1.1273e-07	91.835	2.5
chr11	33997135	33997797	0.041586	80.935374	21	2.9088e-08	2.9631e-07	91.65	10.714
chr11	33998541	33999597	0.00088752	94.354396	26	6.1792e-10	6.3237e-09	95.316	0.96154
chr11	34003173	34004473	0.0004633	84.174347	31	4.1575e-09	3.301e-09	93.852	9.6774
chr11	34005754	34006348	0.00096981	93.448129	28	1.331e-10	6.91e-09	96.424	2.9762
chr11	34024202	34025311	3.4509e-09	77.603562	41	5.0404e-14	2.4588e-14	82.685	5.0813
chr11	34061816	34062872	0.0097081	75.008818	27	3.4641e-09	6.9172e-08	81.182	6.1728
chr11	34071109	34072744	5.0958e-07	79.904450	37	1.4175e-12	3.6309e-12	85.76	5.8559
chr11	34075417	34075904	0.006294	83.444264	20	6.3019e-08	4.4846e-08	85.111	1.6667
chr11	34084908	34085824	0.0053372	85.452092	19	1.3668e-07	3.8028e-08	86.768	1.3158
chr11	34102564	34103391	0.018487	79.247130	23	4.779e-08	1.3173e-07	89.392	10.145
chr11	34088050	34089122	0.00017612	84.231201	27	4.0027e-10	1.2549e-09	87.935	3.7037
chr11	34094602	34095697	0.009374	81.408730	24	1.8108e-08	6.6791e-08	85.575	4.1667
chr11	34110031	34111167	0.040586	71.546588	28	3.0464e-08	2.8918e-07	86.428	14.881
chr11	34105173	34107049	0.00018624	79.316239	39	1.3809e-12	1.327e-09	89.786	10.47
chr11	34120034	34120978	0.00037557	94.569597	26	6.1792e-10	2.676e-09	95.852	1.2821
chr11	34115356	34117649	2.0206e-11	83.800629	58	4.3188e-14	1.4397e-16	95.295	11.494
chr11	34143798	34144983	2.3274e-05	76.033125	34	1.0877e-09	1.6583e-10	84.857	8.8235
chr11	34153529	34154621	0.00043532	71.484550	29	1.141e-09	3.1018e-09	87.289	15.805
chr11	34212458	34213523	0.00093499	86.219871	27	2.8668e-10	6.6619e-09	93.01	6.7901
chr11	34241056	34242333	0.044433	67.622100	25	1.2415e-07	3.1659e-07	88.289	20.667
chr11	34246325	34246787	0.029881	88.888889	18	2.9682e-07	2.1291e-07	93.519	4.6296
chr11	34249531	34250408	0.0029012	92.129630	21	2.9088e-08	2.0671e-08	98.082	5.9524
chr11	34234030	34234504	0.0028682	93.151927	21	2.9088e-08	2.0437e-08	94.342	1.1905
chr11	34356413	34356991	0.0063314	92.250000	20	6.3019e-08	4.5112e-08	94.75	2.5
chr11	34351604	34352787	3.8124e-11	93.856838	52	3.9413e-14	2.7164e-16	95.459	1.6026
chr11	34404058	34404436	0.013471	85.601504	19	1.0077e-06	9.5986e-08	90.865	5.2632
chr11	34425719	34426770	0.04277	70.987485	26	3.2899e-07	3.0474e-07	87.334	16.346
chr11	34422601	34423898	0.004297	76.873016	25	1.9112e-09	3.0617e-08	80.206	3.3333
chr11	34475878	34477724	4.2084e-06	82.452913	38	1.0758e-13	2.9985e-11	90.128	7.6754
chr11	34570993	34571820	0.01951	86.689815	24	8.2712e-08	1.3902e-07	97.106	10.417
chr11	34578270	34579783	3.7122e-10	72.594444	50	6.0174e-14	2.645e-15	81.594	9
chr11	34582508	34583221	4.8093e-08	89.909148	38	4.8672e-13	3.4267e-13	93.857	3.9474
chr11	34588725	34589707	0.018619	86.394136	22	5.8878e-08	1.3266e-07	87.909	1.5152
chr11	34592037	34594609	1.1288e-06	80.877086	39	1.829e-12	8.0429e-12	91.988	11.111
chr11	34620494	34622167	9.2536e-05	76.107504	33	7.8619e-12	6.5933e-10	87.572	11.465
chr11	34646459	34647480	0.00171	84.503968	24	3.262e-09	1.2184e-08	87.282	2.7778
chr11	34661019	34662599	1.1423e-07	86.077236	41	5.2625e-14	8.1387e-13	89.817	3.7398
chr11	34673511	34674659	5.4754e-07	88.167828	41	4.9072e-14	3.9013e-12	89.387	1.2195
chr11	34682984	34683948	0.01146	85.672399	18	2.9682e-07	8.1657e-08	88.45	2.7778
chr11	34736743	34737155	0.00042142	73.052721	28	1.8363e-10	3.0027e-09	87.934	14.881
chr11	34739330	34740620	0.0021465	75.437788	31	5.5892e-10	1.5294e-08	93.717	18.28
chr11	34753725	34755405	2.7484e-07	79.379464	43	1.1624e-13	1.9583e-12	93.914	14.535
chr11	34778651	34779523	0.038571	82.507576	20	4.2286e-07	2.7482e-07	90.008	7.5
chr11	34880270	34882288	0.00066931	30.796418	39	7.4849e-11	4.7689e-09	70.259	39.463
chr11	34898270	34899367	0.00036105	81.322751	27	1.3308e-09	2.5725e-09	82.249	0.92593
chr11	34914883	34916096	0.00022417	72.892157	34	1.8027e-11	1.5972e-09	76.814	3.9216
chr11	34944553	34945304	0.046012	75.325728	24	1.1374e-06	3.2784e-07	89.909	14.583
chr11	34959108	34960116	1.0082e-05	88.949014	33	1.4616e-11	7.1836e-11	91.979	3.0303
chr11	34968724	34969832	5.7715e-07	88.762283	42	4.7184e-14	4.1123e-12	94.318	5.5556
chr11	34973953	34974816	0.00033967	86.623810	25	8.7702e-09	2.4202e-09	90.624	4
chr11	34963979	34967109	3.5381e-11	76.971917	65	4.6296e-14	2.521e-16	83.767	6.7949
chr11	35063533	35064873	0.0040223	66.908369	33	8.1853e-09	2.8659e-08	83.929	17.02
chr11	35058050	35058831	0.00087762	80.897436	26	6.1792e-10	6.2532e-09	95.641	14.744
chr11	35065406	35066721	1.1607e-07	79.702381	40	1.7963e-13	8.2703e-13	88.244	8.5417
chr11	35092463	35093234	0.00080765	91.112698	25	1.5036e-09	5.7546e-09	95.113	4
chr11	35094231	35094748	0.0092171	82.545394	24	4.1878e-09	6.5673e-08	86.712	4.1667
chr11	35101004	35102736	6.7553e-10	80.711400	55	4.13e-14	4.8133e-15	92.53	11.818
chr11	35107674	35108554	0.0002048	84.650794	30	2.2608e-10	1.4592e-09	89.651	5
chr11	35109474	35110069	0.015418	90.758242	20	6.3019e-08	1.0986e-07	92.425	1.6667
chr11	35116406	35117683	0.0097813	74.390332	25	2.1719e-08	6.9693e-08	86.39	12
chr11	35118006	35119757	2.2875e-10	87.002165	44	4.452e-14	1.6299e-15	91.169	4.1667
chr11	35121075	35123446	2.5268e-09	73.800304	58	5.4068e-14	1.8004e-14	90.295	16.494
chr11	35131370	35131692	0.015309	91.827381	20	6.3019e-08	1.0908e-07	96.827	5
chr11	35143898	35144864	0.001336	89.044434	23	6.2158e-09	9.5192e-09	96.291	7.2464
chr11	35157152	35157949	0.0004087	73.846872	34	7.9947e-10	2.9121e-09	87.572	13.725
chr11	35152214	35153424	1.3105e-07	80.676367	45	1.1613e-13	9.3375e-13	90.862	10.185
chr11	35160827	35161777	4.0942e-05	86.812596	31	1.3399e-11	2.9172e-10	93.748	6.9355
chr11	35177965	35180158	2.0909e-12	78.223762	67	4.6407e-14	1.4898e-17	84.567	6.3433
chr11	35184213	35185759	3.8573e-11	81.744562	54	4.1078e-14	2.7484e-16	86.745	5
chr11	35199665	35201097	2.0227e-05	76.031746	36	6.7549e-10	1.4412e-10	92.698	16.667
chr11	35196995	35197634	0.0031852	90.463564	22	1.344e-08	2.2695e-08	95.767	5.303
chr11	35162803	35164331	2.5947e-13	88.415103	60	4.1078e-14	1.8488e-18	92.498	4.0833
chr11	35213781	35214620	1.9792e-05	92.597854	32	6.2559e-12	1.4102e-10	94.421	1.8229
chr11	35207036	35211367	8.7333e-30	88.625869	121	4.885e-14	6.2226e-35	90.554	1.9284
chr11	35288847	35289299	0.03822	79.594697	20	6.3019e-08	2.7232e-07	92.511	12.917
chr11	35294864	35296181	2.4347e-07	89.805472	39	2.5802e-13	1.7348e-12	92.37	2.5641
chr11	35286229	35286966	0.0039596	76.796794	28	1.0883e-09	2.8213e-08	83.344	6.5476
chr11	35278800	35279573	2.6823e-07	85.837121	40	6.0063e-14	1.9112e-12	90.837	5
chr11	35322663	35323118	0.0029774	84.914966	21	2.9088e-08	2.1215e-08	94.439	9.5238
chr11	35299454	35300342	0.002884	88.769841	21	2.9088e-08	2.0549e-08	94.325	5.5556
chr11	35336651	35337268	0.00073609	84.332900	25	1.3329e-09	5.2448e-09	92.333	8
chr11	35338554	35339472	9.8739e-06	78.996914	36	8.33e-13	7.0353e-11	90.108	11.111
chr11	35309449	35309960	0.0094214	90.833333	24	1.2628e-08	6.7129e-08	92.917	2.0833
chr11	35341911	35343578	0.015863	53.920154	33	4.8135e-07	1.1303e-07	64.526	10.606
chr11	35366263	35367210	0.0021587	78.150794	30	2.7381e-10	1.5381e-08	90.929	12.778
chr11	35379599	35380877	2.4968e-06	84.945166	40	1.682e-13	1.779e-11	87.445	2.5
chr11	35361956	35363577	4.5652e-06	71.130008	42	9.3639e-11	3.2528e-11	88.675	17.545
chr11	35397813	35398644	0.0033119	76.186869	22	1.7666e-08	2.3598e-08	78.46	2.2727
chr11	35406784	35407788	0.00019257	80.045936	30	2.4883e-10	1.3721e-09	88.379	8.3333
chr11	35391765	35392710	0.00047886	85.267519	32	6.2559e-12	3.412e-09	89.434	4.1667
chr11	35418171	35419480	0.0042122	90.076435	25	7.8175e-09	3.0013e-08	95.41	5.3333
chr11	35424800	35425483	0.00013167	82.266667	25	1.1026e-08	9.3818e-10	86.267	4
chr11	35425900	35427753	8.264e-05	79.222036	36	1.5228e-11	5.8882e-10	94.5	15.278
chr11	35442936	35444650	7.1222e-10	85.931811	47	4.7296e-14	5.0747e-15	90.542	4.6099
chr11	35433338	35434056	0.0093878	86.234568	27	4.4711e-10	6.6889e-08	93.642	7.4074
chr11	35464542	35465590	0.017557	84.240363	21	2.9088e-08	1.251e-07	89.002	4.7619
chr11	35492293	35492972	0.043849	75.984848	22	7.6484e-08	3.1243e-07	94.773	18.788
chr11	35475253	35476316	0.00036766	81.588374	37	9.035e-13	2.6196e-09	88.796	7.2072
chr11	35493408	35493804	0.0080926	85.155123	22	1.344e-08	5.7661e-08	87.428	2.2727
chr11	35446362	35448520	1.1193e-16	90.171136	82	4.0856e-14	7.9754e-22	95.903	5.7317
chr11	35502551	35503355	2.444e-06	81.948622	38	1.309e-13	1.7414e-11	89.843	7.8947
chr11	35509913	35510268	0.0082009	66.450216	22	1.344e-08	5.8432e-08	86.905	20.455
chr11	35537849	35539107	1.5823e-09	79.404013	53	4.6518e-14	1.1274e-14	87.266	7.8616
chr11	35517040	35518008	0.003658	85.636646	23	6.2158e-09	2.6064e-08	93.245	7.6087
chr11	35636229	35636946	0.029881	77.314815	18	1.5164e-06	2.1291e-07	94.444	17.13
chr11	35647947	35648598	0.017816	88.809524	21	2.9088e-08	1.2694e-07	93.968	5.1587
chr11	35652134	35653224	1.1873e-07	90.795635	40	1.1013e-13	8.4594e-13	92.462	1.6667
chr11	35649771	35650503	3.4546e-05	90.173299	28	1.331e-10	2.4615e-10	91.959	1.7857
chr11	35642301	35642513	0.0081392	66.103896	22	6.7124e-08	5.7993e-08	99.091	32.987
chr11	35664306	35664689	0.03456	93.013784	19	1.3668e-07	2.4625e-07	96.084	3.0702
chr11	35666791	35667868	0.042419	84.396259	28	7.9935e-10	3.0224e-07	91.956	7.5595
chr11	35683296	35684716	6.3424e-08	77.031408	47	4.4298e-14	4.519e-13	81.358	4.3262
chr11	35595468	35596086	0.0088625	75.862940	29	1.8487e-09	6.3147e-08	97.07	21.207
chr11	35658986	35659863	0.00046574	70.000842	30	2.7381e-10	3.3184e-09	73.334	3.3333
chr11	35730769	35731468	0.020989	83.595238	25	1.5036e-09	1.4955e-07	87.262	3.6667
chr11	35748604	35749769	0.0046172	81.790123	27	1.8354e-09	3.2898e-08	94.753	12.963
chr11	35788445	35788836	0.0011114	90.555556	21	2.9088e-08	7.9191e-09	92.937	2.381
chr11	35877986	35879306	9.9935e-07	88.818491	35	6.7091e-13	7.1205e-12	94.533	5.7143
chr11	35887636	35888502	0.046228	75.579710	23	1.0468e-08	3.2938e-07	92.971	17.391
chr11	35914527	35914894	8.8496e-05	80.340909	32	3.2934e-11	6.3054e-10	97.841	17.5
chr11	35898618	35899310	2.8786e-13	74.505439	65	4.5741e-14	2.051e-18	87.095	12.59
chr11	35975421	35976659	0.0064907	65.136484	36	1.3044e-11	4.6247e-08	84.118	18.981
chr11	35937804	35938324	1.4214e-11	74.308033	63	4.0745e-14	1.0128e-16	83.832	9.5238
chr11	35993865	35995289	0.00021429	85.190476	30	3.8831e-11	1.5269e-09	89.357	4.1667
chr11	36001036	36002088	7.9731e-05	89.856859	28	1.331e-10	5.6809e-10	91.643	1.7857
chr11	36003850	36004934	4.8862e-06	71.938843	38	3.9202e-11	3.4815e-11	78.518	6.5789
chr11	36019753	36020744	0.0037847	82.079020	23	7.0858e-09	2.6966e-08	88.601	6.5217
chr11	36014632	36015622	0.018753	63.768038	22	4.5227e-08	1.3362e-07	86.874	23.106
chr11	36048927	36049667	0.020915	77.444444	25	1.9112e-09	1.4903e-07	89.444	12
chr11	36101328	36102131	0.0018887	79.302135	29	4.7158e-10	1.3457e-08	82.75	3.4483
chr11	36104946	36106263	0.0015771	72.484127	35	1.3853e-11	1.1237e-08	84.865	12.381
chr11	36106615	36107504	0.0016249	81.250000	24	8.2712e-08	1.1578e-08	85.417	4.1667
chr11	36119813	36120253	0.034424	73.859649	19	6.4343e-07	2.4527e-07	76.228	2.3684
chr11	36121269	36123004	2.2426e-07	79.169906	49	4.4187e-14	1.5979e-12	86.993	7.8231
chr11	36115637	36117106	0.00021504	83.550877	33	2.4743e-11	1.5322e-09	90.622	7.0707
chr11	36133165	36133888	0.0021336	77.049320	28	9.8215e-10	1.5202e-08	91.335	14.286
chr11	36147104	36148935	5.4374e-06	81.857769	38	2.9597e-11	3.8742e-11	91.068	9.2105
chr11	36141734	36143748	1.0352e-06	82.546296	36	3.596e-13	7.3758e-12	85.324	2.7778
chr11	36180519	36182345	1.9539e-11	81.384310	52	4.2188e-14	1.3922e-16	85.551	4.1667
chr11	36192232	36193605	4.9737e-06	81.743943	38	9.2604e-13	3.5438e-11	91.393	9.6491
chr11	36213323	36215130	1.1764e-06	86.765873	38	1.309e-13	8.3823e-12	89.836	3.0702
chr11	36209368	36209885	0.046019	76.761472	25	1.3842e-08	3.2789e-07	86.095	9.3333
chr11	36232285	36233415	0.011957	58.981481	36	1.6877e-09	8.5197e-08	78.426	19.444
chr11	36260403	36261403	0.041598	81.806500	21	1.3633e-07	2.9639e-07	84.187	2.381
chr11	36278222	36279361	0.044898	72.225275	26	2.7091e-07	3.1991e-07	89.533	17.308
chr11	36322839	36324421	1.8648e-12	84.981962	66	4.3077e-14	1.3287e-17	91.8	6.8182
chr11	36369596	36370504	2.2554e-05	87.171717	33	3.2101e-12	1.607e-10	93.737	6.5657
chr11	36363552	36364587	0.00032216	83.585714	25	1.3329e-09	2.2955e-09	87.186	3.6
chr11	36359298	36360686	0.00036695	88.908591	26	6.1792e-10	2.6146e-09	92.755	3.8462
chr11	36428121	36429531	1.5808e-10	91.697531	54	4.3299e-14	1.1263e-15	92.623	0.92593
chr11	36496308	36496954	3.8129e-05	73.513957	29	2.7083e-09	2.7167e-10	94.778	21.264
chr11	36588226	36589480	1.212e-07	73.432078	43	4.7851e-14	8.636e-13	78.083	4.6512
chr11	36567111	36567870	4.545e-05	76.579977	33	1.9028e-11	3.2384e-10	78.095	1.5152
chr11	36728759	36729687	0.020806	79.157509	26	4.0112e-08	1.4824e-07	86.85	7.6923
chr11	36857863	36858757	0.020133	81.985780	24	4.3763e-07	1.4345e-07	96.569	14.583
chr11	36876816	36877732	0.043214	80.027056	22	1.1279e-07	3.0791e-07	92.148	12.121
chr11	36965254	36966716	1.9809e-06	62.587160	56	2.1638e-13	1.4114e-11	81.337	18.75
chr11	36987999	36988550	0.0097591	86.590476	25	6.9657e-09	6.9535e-08	96.59	10
chr11	37146755	37147773	0.045949	76.884921	24	9.91e-09	3.2739e-07	85.357	8.4722
chr11	37617304	37618954	6.843e-05	81.397707	27	6.9408e-10	4.8757e-10	85.101	3.7037
chr11	37721944	37723230	9.9254e-07	81.733112	43	1.2146e-13	7.072e-12	91.035	9.3023
chr11	38412482	38414549	1.3608e-13	81.467087	68	4.6074e-14	9.6959e-19	84.8	3.3333
chr11	38489592	38490605	0.0093909	72.500000	28	2.4452e-07	6.6912e-08	79.643	7.1429
chr11	38532227	38532802	4.068e-05	74.665179	32	1.7949e-09	2.8985e-10	80.915	6.25
chr11	38571355	38572532	0.0017099	71.375661	36	5.9751e-12	1.2183e-08	83.413	12.037
chr11	38662185	38663366	0.01981	58.831570	27	2.1867e-08	1.4115e-07	78.585	19.753
chr11	39444468	39446088	0.044861	67.881944	24	9.2255e-07	3.1964e-07	89.688	21.806
chr11	39463952	39464297	0.0063064	74.555556	20	6.3019e-08	4.4934e-08	87.056	12.5
chr11	39504302	39504731	0.029881	87.678571	18	2.9682e-07	2.1291e-07	91.382	3.7037
chr11	39650063	39651680	6.3892e-10	81.478938	52	4.0745e-14	4.5524e-15	84.364	2.8846
chr11	39772009	39772907	0.024735	86.358543	17	6.4547e-07	1.7624e-07	89.3	2.9412
chr11	39805615	39807602	1.7482e-05	73.334656	30	5.2327e-11	1.2456e-10	85.557	12.222
chr11	39834091	39836003	2.4708e-07	78.117785	40	2.2493e-13	1.7605e-12	85.618	7.5
chr11	40310293	40310447	0.0023884	49.587315	20	6.3019e-08	1.7018e-08	74.706	25.119
chr11	40347706	40348308	0.044866	64.623377	25	7.8175e-09	3.1968e-07	81.29	16.667
chr11	40366147	40368495	2.6379e-10	72.752646	60	4.3521e-14	1.8796e-15	78.586	5.8333
chr11	40410969	40411671	1.9961e-06	75.877551	35	5.6576e-12	1.4223e-11	78.735	2.8571
chr11	40429326	40430640	2.5255e-06	83.375992	40	1.7963e-13	1.7994e-11	87.959	4.5833
chr11	40517812	40521695	3.1376e-14	70.218341	67	4.3299e-14	2.2356e-19	86.193	15.975
chr11	40521724	40522730	0.00040106	78.264595	28	4.032e-09	2.8576e-09	82.608	4.3429
chr11	40563784	40565459	3.2278e-11	72.732370	67	4.452e-14	2.2999e-16	89.019	16.286
chr11	40681279	40681672	0.024838	85.100373	17	6.4547e-07	1.7697e-07	87.061	1.9608
chr11	40586052	40587008	4.5834e-07	90.707483	35	6.7091e-13	3.2657e-12	91.66	0.95238
chr11	40848596	40850050	0.021253	49.543177	26	1.7327e-08	1.5143e-07	68.233	18.69
chr11	41048085	41048490	0.0094963	87.933333	25	1.3329e-09	6.7662e-08	88.733	0.8
chr11	41150506	41151271	4.0149e-06	87.973856	34	1.389e-12	2.8607e-11	92.386	4.4118
chr11	41160455	41161308	2.3963e-07	59.095794	39	7.7494e-14	1.7074e-12	79.319	20.223
chr11	41111775	41112450	1.154e-06	52.033987	37	2.0733e-12	8.2228e-12	79.776	27.742
chr11	41112525	41113730	0.0031187	44.893518	37	1.9518e-08	2.2221e-08	70.053	25.16
chr11	41287706	41288257	2.0309e-06	86.177638	34	1.1827e-11	1.447e-11	89.119	2.9412
chr11	41481922	41482452	0.0086348	70.042857	25	4.3748e-09	6.1524e-08	85.71	15.667
chr11	41583841	41585597	2.6254e-14	87.206349	60	4.3743e-14	1.8706e-19	88.04	0.83333
chr11	41652797	41653713	3.9825e-13	71.914061	70	4.1522e-14	2.8376e-18	90.665	18.751
chr11	41756680	41757347	0.004275	78.752205	18	2.9682e-07	3.046e-08	88.937	10.185
chr11	42516888	42518090	0.000764	62.776816	45	1.0147e-13	5.4436e-09	88.295	25.519
chr11	42744560	42745860	0.020378	75.563492	25	1.2356e-08	1.452e-07	81.563	6
chr11	42978398	42979008	0.029881	86.679894	18	2.9682e-07	2.1291e-07	89.458	2.7778
chr11	43046826	43047678	0.0020628	87.037037	27	2.0419e-09	1.4698e-08	91.975	4.9383
chr11	43233608	43234632	0.00045034	90.388889	30	2.8764e-11	3.2087e-09	92.056	1.6667
chr11	43251942	43252396	0.00074339	91.898148	24	2.8772e-09	5.2968e-09	93.981	2.0833
chr11	43270982	43271738	1.0308e-05	74.071429	40	1.4533e-13	7.3443e-11	81.571	7.5
chr11	43302861	43303572	0.00037418	70.317265	37	1.6506e-12	2.6661e-09	81.579	11.261
chr11	43314961	43315893	7.9186e-05	70.807437	28	4.4513e-09	5.6421e-10	77.415	6.6071
chr11	43332229	43332552	0.0010208	55.217614	31	4.6717e-10	7.2734e-09	96.078	40.86
chr11	43339973	43340409	0.0040578	70.069655	25	1.9112e-09	2.8912e-08	78.736	8.6667
chr11	43322682	43323637	0.0039801	83.989749	24	2.8772e-09	2.8358e-08	86.768	2.7778
chr11	43353637	43354594	8.1832e-11	81.063218	58	4.6629e-14	5.8307e-16	91.983	10.92
chr11	43365960	43366531	0.00075206	77.412698	25	1.5036e-09	5.3585e-09	83.413	6
chr11	43369501	43370864	5.6037e-07	81.642247	39	8.1601e-14	3.9927e-12	94.035	12.393
chr11	43380061	43380830	0.01813	78.662708	31	1.303e-10	1.2918e-07	89.899	11.237
chr11	43376157	43377613	1.4963e-08	81.295172	46	4.8961e-14	1.0661e-13	83.831	2.5362
chr11	43381328	43382750	1.1396e-20	89.434189	89	3.6193e-14	8.1196e-26	91.494	2.0599
chr11	43388501	43389896	8.3191e-15	86.699546	70	4.452e-14	5.9275e-20	87.914	1.2143
chr11	43408524	43408861	0.0081862	69.630231	22	1.7666e-08	5.8328e-08	89.327	19.697
chr11	43430528	43431645	0.00022049	84.023810	35	1.9123e-11	1.571e-09	92.31	8.2857
chr11	43433246	43434155	0.00044025	72.924483	21	2.9088e-08	3.1368e-09	91.575	18.651
chr11	43425043	43426513	1.8974e-06	87.856099	38	3.4717e-13	1.352e-11	90.488	2.6316
chr11	43441701	43442768	1.1483e-08	88.320106	42	5.9952e-14	8.1816e-14	89.511	1.1905
chr11	43444673	43445663	2.265e-06	91.334586	38	1.0758e-13	1.6138e-11	94.843	3.5088
chr11	43440319	43440706	0.029881	74.642857	18	3.3053e-06	2.1291e-07	80.198	5.5556
chr11	43449755	43450575	0.016847	76.515495	21	2.0509e-07	1.2003e-07	91.595	15.079
chr11	43446540	43447346	0.00017961	84.724928	28	1.331e-10	1.2798e-09	95.439	10.714
chr11	43473937	43475020	0.0036458	92.693828	23	6.2158e-09	2.5977e-08	97.042	4.3478
chr11	43452694	43453614	0.0041248	86.777447	24	2.8772e-09	2.939e-08	93.722	6.9444
chr11	43470203	43471402	4.4531e-06	77.373950	34	8.4236e-12	3.1729e-11	94.286	16.912
chr11	43475352	43476416	3.6404e-07	81.470296	53	4.563e-14	2.5938e-12	84.992	3.522
chr11	43476473	43477534	0.0044423	71.028846	30	2.0537e-10	3.1652e-08	85.696	14.667
chr11	43421486	43423503	3.8287e-11	86.882540	50	4.5297e-14	2.728e-16	88.216	1.3333
chr11	43542153	43543934	2.1561e-13	66.887137	70	4.3743e-14	1.5362e-18	70.625	3.7381
chr11	43558742	43559489	0.038639	79.071429	20	1.54e-07	2.7531e-07	84.321	5.25
chr11	43560713	43561109	0.0063384	80.063312	20	7.3268e-08	4.5162e-08	86.73	6.6667
chr11	43525373	43526457	4.8487e-05	65.962033	37	7.8933e-11	3.4548e-10	91.39	25.428
chr11	43639949	43641042	9.2745e-07	81.995374	34	1.389e-12	6.6082e-12	83.368	1.3725
chr11	43655375	43656432	0.0013749	90.698052	22	1.344e-08	9.7965e-09	92.213	1.5152
chr11	43651192	43652325	9.7485e-05	87.572965	31	9.8628e-11	6.9459e-10	90.799	3.2258
chr11	43673299	43674221	0.0094601	74.722222	24	2.5871e-08	6.7405e-08	89.306	14.583
chr11	43671124	43672209	0.00020073	84.549808	29	6.1844e-11	1.4303e-09	92.308	7.7586
chr11	43667101	43667132	0.0053221	-61.578947	19	6.4343e-07	3.7921e-08	12.105	73.684
chr11	43692497	43693559	0.01014	60.194236	38	4.5092e-11	7.225e-08	85.739	25.545
chr11	43743967	43745639	0.046091	79.706960	26	2.9352e-08	3.2841e-07	89.322	9.6154
chr11	43782152	43783565	0.00964	79.737346	26	7.7879e-10	6.8687e-08	89.673	9.9359
chr11	43779562	43780921	9.0627e-08	89.681548	40	6.0174e-14	6.4573e-13	94.057	4.375
chr11	43802101	43802846	0.0033716	90.751837	22	1.344e-08	2.4023e-08	93.025	2.2727
chr11	43809542	43811119	0.00021065	81.476190	35	2.8536e-11	1.5009e-09	90.048	8.5714
chr11	43878671	43880256	2.4064e-06	82.662037	36	4.5275e-13	1.7146e-11	84.745	2.0833
chr11	43882798	43883583	0.0013862	76.271645	22	1.5413e-08	9.8768e-09	92.181	15.909
chr11	43979634	43980643	4.8822e-05	81.176471	34	1.4005e-11	3.4786e-10	91.471	10.294
chr11	44049010	44050034	0.0089971	78.105159	24	5.3674e-09	6.4106e-08	82.272	4.1667
chr11	44052228	44053225	0.04569	81.190476	23	1.1911e-08	3.2555e-07	88.437	7.2464
chr11	44062320	44062901	0.019111	61.661255	22	2.0238e-08	1.3617e-07	81.358	19.697
chr11	44057176	44058234	0.020695	69.496169	28	1.0715e-08	1.4745e-07	84.841	15.345
chr11	44074825	44076685	4.8518e-08	69.733245	54	4.7407e-14	3.4569e-13	82.079	12.346
chr11	44107436	44108692	0.00098844	75.057044	32	2.1178e-09	7.0428e-09	92.505	17.448
chr11	44115774	44116693	0.0004239	67.134440	30	7.0441e-10	3.0204e-09	75.746	8.6111
chr11	44121017	44122031	1.1896e-07	82.505952	40	6.0063e-14	8.476e-13	85.006	2.5
chr11	44127667	44128873	0.021295	85.625000	24	2.8772e-09	1.5173e-07	92.917	7.2917
chr11	44145021	44145995	0.0037636	76.753968	25	1.3329e-09	2.6816e-08	79.887	3.1333
chr11	44157474	44157959	0.034502	94.298246	19	1.3668e-07	2.4583e-07	98.684	4.386
chr11	44158042	44158920	0.013644	80.417711	19	1.3668e-07	9.7214e-08	89.541	9.1228
chr11	44216339	44216870	0.00017165	85.646678	27	3.2051e-10	1.2231e-09	88.116	2.4691
chr11	44216911	44218167	0.045054	58.337912	26	3.0592e-06	3.2102e-07	66.03	7.6923
chr11	44226092	44226891	1.0133e-05	84.911565	35	3.4577e-12	7.22e-11	86.34	1.4286
chr11	44273129	44274567	0.0058896	57.190764	36	5.7938e-09	4.1964e-08	83.394	26.204
chr11	44295977	44296889	0.042025	75.333278	21	9.9416e-07	2.9943e-07	82	6.6667
chr11	44283921	44285616	0.00019576	75.909091	33	2.9156e-10	1.3948e-09	86.515	10.606
chr11	44316369	44317203	0.0089495	77.638889	24	3.6823e-08	6.3766e-08	85.972	8.3333
chr11	44373372	44374621	2.1632e-05	77.926497	40	1.0525e-13	1.5413e-10	86.676	8.75
chr11	44394775	44395263	0.017781	78.690476	22	8.2545e-07	1.2669e-07	87.781	9.0909
chr11	44400969	44401859	7.6656e-05	83.353175	30	4.2898e-11	5.4618e-10	86.687	3.3333
chr11	44402355	44403363	8.8993e-06	88.169250	31	1.3399e-11	6.3409e-11	95.158	6.9892
chr11	44420154	44420709	0.017245	74.784580	21	5.1452e-08	1.2288e-07	91.451	16.667
chr11	44452511	44452734	0.0044126	83.653846	26	2.3796e-08	3.1441e-08	93.91	10.256
chr11	44471627	44472197	6.4218e-05	85.531136	26	6.1792e-10	4.5756e-10	87.454	1.9231
chr11	44473208	44474024	0.00072839	77.857143	24	3.6968e-09	5.1899e-09	79.94	2.0833
chr11	44496707	44497502	0.041915	83.446712	21	2.3472e-07	2.9865e-07	88.209	4.7619
chr11	44518998	44519861	0.00035915	80.322872	28	1.4781e-09	2.559e-09	85.085	4.7619
chr11	44524615	44525548	0.00090603	74.981326	34	1.5278e-10	6.4556e-09	86.501	11.52
chr11	44520237	44521960	0.00017799	68.002289	40	4.9245e-12	1.2682e-09	87.377	19.375
chr11	44544629	44545160	0.044393	82.788272	22	1.0485e-06	3.1631e-07	91.879	9.0909
chr11	44582186	44584425	7.3204e-12	82.271284	55	4.1744e-14	5.2159e-17	90.756	8.4848
chr11	44593534	44594272	0.01146	86.660053	18	2.9682e-07	8.1657e-08	94.345	7.6852
chr11	44579613	44580403	0.021651	51.161477	26	1.7827e-06	1.5426e-07	91.226	40.064
chr11	44604995	44606014	0.00043453	74.610390	36	1.5228e-11	3.0961e-09	96.138	21.528
chr11	44665145	44666433	0.038668	76.437590	22	4.5227e-08	2.7551e-07	83.635	7.197
chr11	44667666	44668737	4.1451e-05	54.214286	40	4.6139e-08	2.9534e-10	69.214	15
chr11	44681212	44682676	0.0062873	73.750916	20	8.5123e-08	4.4798e-08	87.918	14.167
chr11	44758906	44760786	0.0021434	82.584485	31	9.8628e-11	1.5272e-08	92.531	9.9462
chr11	44775206	44776130	0.044153	73.060803	22	1.0485e-06	3.1459e-07	84.197	11.136
chr11	44771661	44772992	0.0092928	75.977011	29	2.2617e-08	6.6212e-08	89.77	13.793
chr11	44785301	44785798	0.0060626	85.160714	20	7.3268e-08	4.3197e-08	91.827	6.6667
chr11	44783688	44784796	1.4582e-11	84.570360	52	4.4298e-14	1.039e-16	85.051	0.48077
chr11	44805502	44806299	2.7879e-06	87.741935	31	1.3399e-11	1.9864e-11	90.161	2.4194
chr11	44757304	44758429	1.0377e-07	90.031103	37	1.7819e-13	7.3941e-13	91.608	1.5766
chr11	44832512	44832992	0.00042338	93.061224	28	1.331e-10	3.0167e-09	98.418	5.3571
chr11	44839397	44840527	0.02046	83.509317	23	9.1954e-09	1.4578e-07	94.017	10.507
chr11	44817155	44818101	0.00020379	85.351732	30	4.2898e-11	1.452e-09	89.796	4.4444
chr11	44853579	44854081	0.00021251	73.498623	22	1.344e-08	1.5142e-09	88.271	14.773
chr11	44887725	44888945	0.0021561	75.221088	28	1.8104e-09	1.5362e-08	83.971	8.75
chr11	44884242	44886358	3.0936e-09	73.818734	47	4.7184e-14	2.2043e-14	88.89	15.071
chr11	44898305	44898663	0.034684	79.137427	19	1.3668e-07	2.4713e-07	80.453	1.3158
chr11	44952416	44953769	3.0893e-12	83.174603	51	4.3632e-14	2.2012e-17	84.482	1.3072
chr11	44992404	44992991	0.040881	69.269266	21	5.9246e-08	2.9128e-07	88.634	19.365
chr11	44993619	44995010	6.3869e-09	80.044012	45	4.3521e-14	4.5508e-14	83.748	3.7037
chr11	45110358	45111328	0.025537	85.966387	17	6.4547e-07	1.8195e-07	94.79	8.8235
chr11	45120455	45121484	0.0017873	86.233333	25	1.5036e-09	1.2735e-08	88.233	2
chr11	45171225	45172118	0.034947	70.825397	30	7.0441e-10	2.4901e-07	81.937	11.111
chr11	45155965	45156665	0.0001825	87.198129	28	1.331e-10	1.3004e-09	96.127	8.9286
chr11	45179495	45180436	0.0021528	71.789683	30	3.1796e-11	1.5339e-08	87.345	15.556
chr11	45575637	45576679	0.0010232	89.404467	31	1.3399e-11	7.2903e-09	92.63	3.2258
chr11	45577432	45578684	0.0094154	83.441558	30	4.7383e-11	6.7086e-08	91.775	8.3333
chr11	45580846	45581515	0.0093494	75.410893	26	5.4657e-08	6.6616e-08	89.513	14.103
chr11	45568762	45569551	2.4094e-06	79.068657	37	7.7582e-13	1.7167e-11	80.42	1.3514
chr11	45584926	45586668	0.042939	75.814412	27	4.4711e-10	3.0594e-07	88.16	12.346
chr11	45590298	45591125	0.0091434	78.440807	24	2.5871e-08	6.5148e-08	88.163	9.7222
chr11	45593318	45594546	0.00442	79.203410	27	3.1184e-09	3.1493e-08	86.611	7.4074
chr11	45609821	45612277	1.2686e-13	80.376933	70	4.4631e-14	9.0391e-19	89.52	9.1429
chr11	45626055	45626889	0.046152	88.999310	23	6.2158e-09	3.2884e-07	95.086	6.087
chr11	45642385	45642983	0.038344	91.416667	20	6.3019e-08	2.7321e-07	94.333	2.9167
chr11	45639996	45640963	0.007965	80.800866	22	1.2824e-07	5.6751e-08	85.346	4.5455
chr11	45673524	45675009	0.020591	80.726496	26	4.2366e-09	1.4671e-07	93.226	12.5
chr11	45670761	45671561	1.0159e-06	87.592593	36	3.3606e-13	7.2385e-12	94.074	6.4815
chr11	45689240	45689866	0.0052329	81.459900	19	1.3668e-07	3.7285e-08	83.214	1.7544
chr11	45694080	45694994	0.007196	84.155329	21	2.6845e-07	5.1273e-08	88.917	4.7619
chr11	45683651	45685365	3.0559e-09	76.281072	53	4.0301e-14	2.1774e-14	88.074	11.792
chr11	45712017	45712601	0.029881	87.400794	18	2.9682e-07	2.1291e-07	90.179	2.7778
chr11	45706398	45707813	2.9707e-08	86.591664	43	5.0848e-14	2.1167e-13	91.437	4.845
chr11	45708938	45710779	1.2005e-08	75.101894	49	4.2633e-14	8.5539e-14	84.966	9.8639
chr11	45716680	45717707	0.00022675	77.831101	32	6.7774e-11	1.6156e-09	91.373	13.542
chr11	45723464	45724592	0.0096266	82.511111	25	4.222e-08	6.8591e-08	88.511	6
chr11	45701997	45703232	2.4171e-07	81.900038	42	4.7629e-14	1.7222e-12	89.241	7.3413
chr11	45728887	45729782	0.0031191	84.711400	22	1.344e-08	2.2224e-08	86.227	1.5152
chr11	45719486	45720221	0.018108	35.078793	37	1.3385e-08	1.2902e-07	63.029	27.95
chr11	45738308	45738749	0.038575	95.472222	20	6.3019e-08	2.7485e-07	96.722	1.25
chr11	45789414	45791056	1.1132e-07	80.923611	40	1.6043e-13	7.932e-13	93.632	12.708
chr11	45807294	45807858	0.0088338	85.196687	23	6.2158e-09	6.2942e-08	95.342	10.145
chr11	45809734	45811482	1.9943e-17	86.593314	72	3.9746e-14	1.421e-22	87.288	0.69444
chr11	45841758	45842343	0.019292	73.333333	22	1.5413e-08	1.3746e-07	97.576	24.242
chr11	45847048	45848817	0.00019367	71.614229	28	9.8215e-10	1.38e-09	73.4	1.7857
chr11	45849130	45850360	0.00064098	77.564484	24	4.1878e-09	4.5671e-09	83.814	6.25
chr11	45880461	45881862	0.0036297	80.884936	23	6.2158e-09	2.5862e-08	92.479	11.594
chr11	45907626	45908431	0.00042425	63.614618	29	1.5252e-09	3.0229e-09	90.626	27.011
chr11	45910127	45911199	0.0020672	76.934484	28	1.0883e-09	1.4729e-08	82.292	5.3571
chr11	45913523	45914501	5.2354e-06	86.842105	38	1.1158e-13	3.7303e-11	91.447	4.6053
chr11	45916459	45918200	5.025e-12	91.238369	58	4.2966e-14	3.5804e-17	95.836	4.5977
chr11	45934172	45934959	0.0017609	81.159061	24	2.298e-08	1.2547e-08	92.617	11.458
chr11	45938259	45939356	9.5776e-05	87.732323	30	2.8764e-11	6.8242e-10	92.732	5
chr11	45964373	45965487	1.0016e-05	80.121951	41	5.2625e-14	7.1369e-11	92.398	12.276
chr11	45962244	45962843	0.00022206	80.427171	34	1.1066e-10	1.5822e-09	86.31	5.8824
chr11	45974755	45975576	0.00041034	87.287959	27	4.4711e-10	2.9238e-09	91.918	4.6296
chr11	45979007	45980072	0.00041325	82.933673	28	5.9796e-09	2.9445e-09	90.077	7.1429
chr11	45982323	45983245	0.0017101	78.670635	24	3.262e-09	1.2185e-08	80.754	2.0833
chr11	45984070	45984626	0.029881	93.425926	18	2.9682e-07	2.1291e-07	94.537	1.1111
chr11	45987866	45991722	4.1237e-24	86.570014	101	4.8961e-14	2.9382e-29	92.791	6.2211
chr11	45999683	46000561	0.0080024	81.870491	22	1.344e-08	5.7018e-08	96.719	14.848
chr11	46003113	46003770	1.8295e-07	91.683673	35	4.4232e-12	1.3035e-12	95.255	3.5714
chr11	46006680	46007586	0.0007783	86.749084	26	7.7879e-10	5.5455e-09	92.683	5.9341
chr11	46009668	46010271	0.00071442	92.147817	24	2.8772e-09	5.0904e-09	93.189	1.0417
chr11	46015260	46017350	1.561e-15	91.270989	66	4.341e-14	1.1122e-20	93.67	2.399
chr11	46018428	46019342	1.9363e-05	89.735863	32	6.2559e-12	1.3796e-10	90.778	1.0417
chr11	46012153	46012878	0.00019086	87.138605	28	9.8215e-10	1.3599e-09	90.71	3.5714
chr11	46022132	46022709	2.1019e-05	94.640377	32	6.2559e-12	1.4976e-10	95.682	1.0417
chr11	46023716	46026166	3.4193e-11	90.146020	56	4.2744e-14	2.4363e-16	92.973	2.8274
chr11	46035002	46035679	0.0081815	90.909091	22	1.5413e-08	5.8295e-08	97.727	6.8182
chr11	46028570	46030156	5.0674e-08	86.069539	42	4.9405e-14	3.6106e-13	91.228	5.1587
chr11	46030228	46031125	1.4186e-05	72.965116	43	1.0148e-10	1.0108e-10	88.469	15.504
chr11	46067248	46067940	0.029881	84.431217	18	2.9682e-07	2.1291e-07	92.765	8.3333
chr11	46062570	46063885	1.092e-07	83.754355	41	4.9072e-14	7.7809e-13	97.413	13.659
chr11	46057612	46058676	5.2277e-06	81.737915	36	5.2502e-13	3.7248e-11	86.923	5.1852
chr11	46111280	46111564	0.0041671	81.282051	26	1.7327e-08	2.9691e-08	87.051	5.7692
chr11	45815056	45816974	2.1806e-11	85.026219	56	4.7296e-14	1.5537e-16	90.383	5.3571
chr11	46189925	46190847	9.2678e-06	87.477679	32	6.2559e-12	6.6035e-11	89.04	1.5625
chr11	46194657	46195720	1.0122e-07	83.037608	40	2.1316e-13	7.2124e-13	88.038	5
chr11	46192164	46192521	0.03471	86.119465	19	1.3668e-07	2.4732e-07	91.383	5.2632
chr11	46166598	46167396	7.2837e-06	80.194444	30	3.5142e-11	5.1897e-11	85.194	5
chr11	46226839	46227491	0.042519	72.948718	26	1.0059e-07	3.0295e-07	78.718	5.7692
chr11	46223497	46224389	0.0020074	92.108844	28	1.4821e-10	1.4303e-08	93.895	1.7857
chr11	46217062	46217900	1.8688e-07	80.072751	36	4.1855e-13	1.3316e-12	87.526	7.4537
chr11	46228741	46229072	0.0081883	79.393939	22	1.344e-08	5.8343e-08	96.061	16.667
chr11	46233671	46234759	0.0081176	80.782828	22	2.3171e-08	5.7839e-08	85.328	4.5455
chr11	46252515	46253762	2.396e-07	80.827676	44	4.9738e-14	1.7072e-12	92.191	11.364
chr11	46266798	46267969	0.018729	75.870279	29	2.5891e-10	1.3345e-07	82.767	6.8966
chr11	46277417	46278370	2.14e-06	81.847443	36	4.1855e-13	1.5248e-11	83.236	1.3889
chr11	46274727	46277091	8.3289e-17	85.552326	86	4.1633e-14	5.9345e-22	93.537	7.9845
chr11	46260853	46262349	2.3648e-05	91.592664	37	2.1638e-13	1.6849e-10	95.196	3.6036
chr11	46306197	46307723	3.0084e-11	83.405143	53	4.13e-14	2.1435e-16	90.422	7.0171
chr11	46335960	46336997	0.0094891	76.622222	25	3.3879e-08	6.7611e-08	97.756	21.133
chr11	46358309	46359120	7.4601e-05	83.210034	28	8.8617e-10	5.3154e-10	93.746	10.536
chr11	46351420	46353001	4.2458e-07	82.438776	35	6.7091e-13	3.0252e-12	86.724	4.2857
chr11	46340074	46340684	0.020953	74.580952	25	1.5036e-09	1.4929e-07	84.581	10
chr11	46390701	46391651	0.0098315	67.071230	28	2.5252e-08	7.0051e-08	81.086	14.014
chr11	46413634	46414560	0.046528	69.039683	25	6.5282e-08	3.3152e-07	94.373	25.333
chr11	46445481	46446529	0.00088962	88.543956	26	4.7307e-09	6.3387e-09	92.39	3.8462
chr11	46467929	46469527	6.8465e-14	85.946082	63	4.563e-14	4.8782e-19	90.682	4.7354
chr11	46488331	46489234	0.0010257	78.261988	30	7.0384e-11	7.3079e-09	86.318	8.0556
chr11	46519497	46519967	0.04306	83.273212	23	6.2158e-09	3.0681e-07	85.085	1.8116
chr11	46551063	46552218	0.00019238	86.168582	29	3.4979e-10	1.3707e-09	96.743	10.575
chr11	46592792	46593669	0.018707	84.642857	22	7.6484e-08	1.3329e-07	87.608	2.9654
chr11	46596929	46597991	0.00040775	81.738095	30	5.7773e-11	2.9053e-09	89.516	7.7778
chr11	46630406	46631267	2.1234e-05	86.945612	34	1.389e-12	1.5129e-10	93.024	6.0784
chr11	46711367	46712674	0.0010149	73.929413	30	2.0537e-10	7.2312e-09	87.541	13.611
chr11	47316603	47318539	1.4424e-08	21.438289	75	4.2633e-14	1.0278e-13	77.103	55.664
chr11	47712162	47713125	0.015896	76.111111	20	5.6075e-07	1.1326e-07	90.278	14.167
chr11	48212961	48213148	0.0088125	68.514656	24	6.0728e-09	6.279e-08	88.284	19.77
chr11	48394526	48395457	0.0094195	90.486111	24	1.6065e-08	6.7115e-08	94.653	4.1667
chr11	48409315	48410681	1.0461e-06	69.171888	38	9.2604e-13	7.4535e-12	87.374	18.202
chr11	48414618	48415077	4.9724e-06	93.584656	36	3.3606e-13	3.5429e-11	96.362	2.7778
chr11	48415077	48416952	0.00040527	67.481261	36	7.0884e-09	2.8876e-09	89.009	21.528
chr11	48485766	48487069	3.8152e-13	84.889456	56	4.4409e-14	2.7184e-18	87.419	2.5298
chr11	48649691	48650575	0.0016342	80.502646	24	2.8772e-09	1.1644e-08	81.336	0.83333
chr11	48660050	48661016	0.009577	73.986345	26	5.2806e-09	6.8237e-08	80.717	6.7308
chr11	48642832	48643259	0.0013465	87.662338	22	1.344e-08	9.5943e-09	89.935	2.2727
chr11	48664286	48664837	0.0081473	75.054113	22	1.5413e-08	5.8051e-08	90.887	15.833
chr11	48655591	48656805	5.4783e-13	83.793091	51	4.6629e-14	3.9034e-18	85.59	1.7974
chr11	48668341	48669259	9.0241e-07	72.331227	37	5.016e-13	6.4298e-12	84.448	12.117
chr11	48692988	48694263	0.0045278	71.272487	30	1.5374e-10	3.2261e-08	85.939	14.667
chr11	48711517	48713165	1.173e-17	80.073804	72	3.9857e-14	8.3577e-23	81.347	1.2731
chr11	48734061	48734827	9.102e-05	75.791509	32	3.0071e-11	6.4853e-10	83.083	7.2917
chr11	48737482	48739730	5.0583e-08	72.611616	50	4.4409e-14	3.6041e-13	80.612	8
chr11	48756765	48758730	6.5192e-14	85.551647	72	4.1855e-14	4.6451e-19	91.802	6.25
chr11	48796908	48798032	0.0045102	74.585538	27	3.847e-09	3.2136e-08	89.092	14.506
chr11	48877707	48879436	0.00045713	76.391369	32	2.497e-09	3.2571e-09	87.329	10.938
chr11	48994519	48995227	0.043706	81.216931	27	2.8064e-09	3.1141e-07	89.242	8.0247
chr11	49039260	49039731	0.00016242	86.747558	26	6.1792e-10	1.1573e-09	89.953	3.2051
chr11	49049760	49050819	8.379e-06	87.462761	31	6.1768e-11	5.9701e-11	89.076	1.6129
chr11	49050819	49051639	0.01721	68.673835	31	1.6934e-07	1.2262e-07	88.566	19.892
chr11	49185317	49186533	0.0088906	67.337819	23	1.0468e-08	6.3347e-08	90.164	22.826
chr11	49247193	49248125	5.0851e-05	79.417234	35	1.5981e-10	3.6232e-10	87.989	8.5714
chr11	49468007	49469018	0.029881	88.696689	18	2.9682e-07	2.1291e-07	90.549	1.8519
chr11	49469516	49470666	1.0311e-06	65.914966	35	4.9706e-11	7.3466e-12	89.486	23.571
chr11	49493295	49494294	0.0074235	66.545285	34	4.638e-10	5.2894e-08	87.134	20.588
chr11	49515944	49516748	0.00038401	77.585034	28	1.335e-09	2.7361e-09	85.918	8.3333
chr11	49532784	49533432	0.038429	91.190476	20	6.3019e-08	2.7381e-07	92.857	1.6667
chr11	49544901	49546139	0.00086867	76.614635	26	4.2366e-09	6.1894e-09	92.961	16.346
chr11	49528443	49529200	0.00015538	75.824830	28	1.8363e-10	1.1071e-09	82.67	6.8452
chr11	49612468	49613792	0.00043898	77.637888	28	1.8104e-09	3.1278e-09	90.138	12.5
chr11	49625200	49625700	0.038822	90.166667	20	6.3019e-08	2.7662e-07	92.667	2.5
chr11	49665405	49666046	0.00041527	94.682540	21	2.9088e-08	2.9589e-09	97.857	3.1746
chr11	49690526	49691082	0.0033837	94.696970	22	1.344e-08	2.4109e-08	99.242	4.5455
chr11	49666999	49668465	2.7277e-13	90.645443	60	4.0634e-14	1.9435e-18	93.701	3.0556
chr11	49668649	49670387	3.5341e-10	83.151805	52	4.6185e-14	2.5181e-15	89.242	6.0897
chr11	49691391	49692497	2.5198e-08	79.904872	46	4.6185e-14	1.7954e-13	89.869	9.9638
chr11	49714530	49715666	5.2373e-06	89.741555	39	7.2942e-14	3.7317e-11	94.528	4.7863
chr11	49701809	49702724	0.00020721	76.149660	35	7.8472e-12	1.4764e-09	90.912	14.762
chr11	49716606	49717732	8.0729e-10	90.671429	50	4.4076e-14	5.7521e-15	94.671	4
chr11	49719596	49720863	0.00020605	87.710701	32	1.3796e-10	1.4682e-09	90.836	3.125
chr11	49723506	49724542	0.00089457	87.573486	27	1.6494e-09	6.374e-09	94.981	7.4074
chr11	49727770	49729958	1.982e-11	92.135509	54	4.3299e-14	1.4122e-16	93.524	1.3889
chr11	49761163	49762693	2.3605e-07	74.812563	47	5.4734e-14	1.6819e-12	90.947	16.135
chr11	49604460	49606492	1.9629e-12	75.014487	63	4.4409e-14	1.3986e-17	85.596	10.582
chr11	49734241	49736952	1.2199e-15	78.114682	73	4.452e-14	8.6919e-21	83.937	5.8219
chr11	49781511	49783127	0.009609	80.996825	25	1.55e-08	6.8465e-08	86.997	6
chr11	49808962	49809888	4.8485e-06	73.752976	40	7.9492e-14	3.4546e-11	83.295	9.5417
chr11	49793296	49794073	0.00021658	78.617512	31	6.1768e-11	1.5432e-09	79.693	1.0753
chr11	49834560	49836101	2.7654e-07	91.918425	42	4.7184e-14	1.9704e-12	94.299	2.381
chr11	49852586	49853610	0.00935	62.572150	24	6.0728e-09	6.662e-08	67.364	4.7917
chr11	49857339	49858240	0.00020632	85.305060	32	9.0818e-12	1.4701e-09	92.597	7.2917
chr11	49862378	49863194	0.0080356	87.608225	22	1.7666e-08	5.7255e-08	89.881	2.2727
chr11	49860695	49861502	0.00025467	96.376812	23	6.2158e-09	1.8145e-09	98.551	2.1739
chr11	49867025	49867869	0.0071839	84.121315	21	2.9088e-08	5.1187e-08	92.851	8.7302
chr11	49870963	49873075	1.0008e-07	73.054792	52	3.9857e-14	7.1312e-13	85.875	12.821
chr11	49904238	49905113	0.00086253	86.623932	26	6.1792e-10	6.1457e-09	93.675	7.0513
chr11	49907683	49908712	4.0593e-06	80.074446	33	2.9455e-11	2.8923e-11	87.145	7.0707
chr11	49910506	49911582	0.0002133	81.244123	31	2.389e-11	1.5198e-09	89.094	7.8495
chr11	49912486	49914332	0.00013771	63.330229	43	9.3148e-13	9.8117e-10	84.299	20.969
chr11	49840534	49842097	1.186e-09	83.208187	42	4.5963e-14	8.4506e-15	89.954	6.746
chr11	50058303	50058923	0.0033815	87.361111	22	1.344e-08	2.4094e-08	93.99	6.6288
chr11	50075465	50076073	0.029881	90.390011	18	2.9682e-07	2.1291e-07	96.409	6.0185
chr11	50072110	50073147	0.00048279	74.326637	32	1.2004e-11	3.44e-09	90.056	15.729
chr11	50085005	50086236	0.00046747	66.360878	34	2.1561e-09	3.3308e-09	85.969	19.608
chr11	50125745	50126070	0.00159	79.106280	23	6.2158e-09	1.1329e-08	92.15	13.043
chr11	50236125	50237179	0.042213	72.210884	21	3.8734e-08	3.0077e-07	87.766	15.556
chr11	50253078	50254370	4.8283e-06	83.436101	39	8.9595e-14	3.4402e-11	88.137	4.7009
chr11	50264314	50265779	2.2751e-07	90.772201	37	1.7819e-13	1.621e-12	91.448	0.67568
chr11	50330130	50330939	0.0043477	67.406739	27	6.9408e-10	3.0978e-08	72.036	4.6296
chr11	50387668	50388588	0.019034	81.037157	22	1.5413e-08	1.3562e-07	84.446	3.4091
chr11	50435610	50436564	0.0099929	80.648657	26	3.2583e-08	7.1201e-08	91.546	10.897
chr11	50428920	50431009	2.7314e-07	83.205980	43	4.452e-14	1.9462e-12	90.958	7.7519
chr11	50422417	50424282	0.00031132	66.702065	48	2.9282e-12	2.2182e-09	84.931	18.229
chr11	50462964	50463611	0.00042991	78.401361	28	1.636e-09	3.0632e-09	87.33	8.9286
chr11	50456465	50456738	0.046905	75.972222	24	4.7421e-09	3.342e-07	84.306	8.3333
chr11	50463937	50465756	1.1354e-06	80.187075	42	1.6279e-11	8.0897e-12	89.711	9.5238
chr11	50476988	50478544	1.693e-06	69.585714	50	4.3854e-14	1.2063e-11	76.952	7.3667
chr11	50534551	50535545	0.004121	86.686508	24	2.8772e-09	2.9363e-08	93.909	7.2222
chr11	50551453	50551659	0.029881	90.564374	18	2.9682e-07	2.1291e-07	96.12	5.5556
chr11	50574103	50574844	0.0044037	83.809524	28	7.9935e-10	3.1377e-08	94.524	10.714
chr11	50569635	50569994	0.0017143	88.888889	24	3.6968e-09	1.2215e-08	93.056	4.1667
chr11	50571431	50573048	2.6853e-07	87.160867	40	5.862e-14	1.9133e-12	90.494	3.3333
chr11	50573065	50573711	0.019653	73.629299	24	1.5523e-06	1.4003e-07	86.129	12.5
chr11	50576170	50578735	2.2356e-09	75.963727	62	4.674e-14	1.5929e-14	87.523	11.559
chr11	50585027	50585671	0.041397	74.975263	21	4.4656e-08	2.9496e-07	89.261	14.286
chr11	50600171	50601191	5.0424e-06	87.638889	36	3.3606e-13	3.5928e-11	91.806	4.1667
chr11	50594631	50595064	0.0006515	92.391304	23	6.2158e-09	4.6421e-09	94.565	2.1739
chr11	50610433	50612771	1.8274e-15	79.672363	67	4.4964e-14	1.3021e-20	80.17	0.49751
chr11	50640270	50641410	4.9681e-06	83.328924	36	4.8639e-13	3.5398e-11	85.644	2.3148
chr11	50663222	50664189	6.5527e-05	89.795205	26	6.1792e-10	4.6689e-10	90.757	0.96154
chr11	50652462	50653446	0.00043619	79.674578	29	9.3535e-11	3.1079e-09	81.399	1.7241
chr11	50670238	50670711	0.00025576	91.780538	23	6.2158e-09	1.8224e-09	93.954	2.1739
chr11	50671181	50671732	0.0017537	88.293651	24	5.8617e-08	1.2496e-08	92.46	4.1667
chr11	50672301	50673235	0.018477	74.060245	22	1.0485e-06	1.3165e-07	85.424	11.364
chr11	50490587	50491193	0.0053508	79.477482	19	1.3668e-07	3.8125e-08	82.109	2.6316
chr11	50681965	50682999	5.0279e-06	73.283208	38	1.0758e-13	3.5825e-11	74.16	0.87719
chr11	50678120	50678373	0.00018607	86.632653	28	1.6499e-10	1.3258e-09	90.204	3.5714
chr11	50685827	50686241	0.0039649	94.404762	24	2.8772e-09	2.825e-08	97.53	3.125
chr11	50694238	50694743	0.00091329	87.742504	27	3.5822e-10	6.5074e-09	89.594	1.8519
chr11	50706814	50708800	7.6445e-15	88.098846	66	4.5297e-14	5.4468e-20	95.851	7.7525
chr11	50723688	50724867	1.0119e-12	80.313853	55	4.1744e-14	7.21e-18	93.284	12.97
chr11	50746445	50747463	0.0078393	92.825987	22	1.344e-08	5.5856e-08	93.962	1.1364
chr11	50757910	50758609	9.4142e-06	89.908425	26	6.1792e-10	6.7077e-11	94.396	4.4872
chr11	50749881	50750880	9.0882e-17	79.876374	78	4.1522e-14	6.4755e-22	86.5	6.6239
chr11	50755096	50756500	3.3212e-14	86.956044	65	4.1522e-14	2.3664e-19	89.264	2.3077
chr11	50807838	50808786	0.00040425	88.359788	27	3.2051e-10	2.8803e-09	90.212	1.8519
chr11	50735553	50736303	0.019817	81.274802	24	3.6968e-09	1.412e-07	84.747	3.4722
chr11	50829734	50830354	1.0053e-07	78.751609	37	1.9196e-13	7.1631e-13	80.103	1.3514
chr11	50824135	50826830	1.5029e-11	72.749382	70	4.4631e-14	1.0709e-16	82.749	10
chr11	50838666	50839695	0.0080049	86.818182	22	1.344e-08	5.7036e-08	89.091	2.2727
chr11	50832206	50833444	1.4873e-10	76.753590	63	4.5519e-14	1.0597e-15	82.574	5.8201
chr11	50853038	50854248	1.3147e-08	81.566138	45	6.0396e-14	9.3675e-14	86.011	4.4444
chr11	50840573	50840766	0.0020702	80.739796	28	1.331e-10	1.4751e-08	92.347	11.607
chr11	50886119	50887456	0.0083053	64.128307	30	1.619e-09	5.9176e-08	79.128	15
chr11	50948070	50949072	0.0099553	71.966490	27	4.271e-09	7.0933e-08	88.016	16.049
chr11	50964128	50966005	1.1472e-06	66.394344	41	3.6753e-12	8.1741e-12	84.687	18.293
chr11	50980100	50981222	1.0769e-05	80.332633	34	1.2869e-11	7.6733e-11	87.686	7.3529
chr11	50989118	50989444	0.038727	91.916667	20	6.3019e-08	2.7593e-07	94.417	2.5
chr11	51056429	51057081	0.00098843	74.418843	31	5.3608e-09	7.0427e-09	86.784	12.366
chr11	51080210	51081628	0.00098546	77.305556	30	2.2608e-10	7.0216e-09	82.306	5
chr11	51092452	51092806	8.4988e-05	79.834369	23	6.2158e-09	6.0555e-10	94.327	14.493
chr11	51118302	51119700	0.0042569	76.015625	32	5.0753e-10	3.0331e-08	85.651	9.6354
chr11	51110868	51111223	0.029881	63.558201	18	2.9682e-07	2.1291e-07	83.929	20.37
chr11	51114181	51116566	1.1772e-08	80.333995	48	4.5519e-14	8.3875e-14	87.973	7.6389
chr11	51116725	51117757	0.00045219	69.801587	49	4.4343e-12	3.2219e-09	84.427	14.626
chr11	51124899	51125865	8.7492e-06	90.645161	31	1.3399e-11	6.2339e-11	92.258	1.6129
chr11	51145300	51145924	0.0033785	83.896104	22	1.1279e-07	2.4072e-08	88.442	4.5455
chr11	51194352	51196740	3.3758e-12	77.284736	73	4.3188e-14	2.4053e-17	91.965	14.68
chr11	51197066	51197854	0.0070366	79.494949	21	2.9088e-08	5.0137e-08	81.082	1.5873
chr11	51202850	51203308	0.0040849	83.642526	24	2.8772e-09	2.9106e-08	93.712	10.069
chr11	51205515	51206387	0.0081224	92.494824	23	6.2158e-09	5.7873e-08	96.843	4.3478
chr11	51215310	51215878	6.3079e-05	65.539683	30	2.4883e-10	4.4945e-10	91.929	26.389
chr11	51276596	51278352	0.0036088	72.420635	35	4.5934e-11	2.5713e-08	84.802	12.381
chr11	51297347	51298189	4.6559e-05	82.584586	38	6.0418e-13	3.3174e-10	89.602	7.0175
chr11	51312078	51312777	0.044433	78.647487	24	2.298e-08	3.1659e-07	90.314	11.667
chr11	51343935	51345072	2.4026e-05	79.992395	37	1.78e-12	1.7119e-10	93.506	13.514
chr11	51317258	51319869	2.8378e-10	73.687916	62	4.6629e-14	2.0219e-15	82.989	9.3011
chr11	51377068	51377889	0.0009395	71.742312	32	3.9486e-11	6.6941e-09	84.242	12.5
chr11	51358937	51360163	4.8613e-07	93.420206	37	1.7819e-13	3.4637e-12	94.321	0.9009
chr11	51394653	51395514	0.0043339	90.785714	25	1.3329e-09	3.088e-08	95.119	4.3333
chr11	51434579	51435143	0.0034089	86.515152	22	1.344e-08	2.4289e-08	88.03	1.5152
chr11	51438203	51439225	2.2424e-07	88.168308	38	1.249e-13	1.5977e-12	92.116	3.9474
chr11	51410961	51411660	0.00090636	90.123457	27	3.5822e-10	6.4579e-09	95.679	5.5556
chr11	51444027	51445263	2.5595e-06	80.315525	41	5.6954e-14	1.8237e-11	83.974	3.6585
chr11	51467047	51467710	0.0037031	85.603865	23	8.0739e-09	2.6385e-08	87.778	2.1739
chr11	51552093	51553062	0.00042596	71.785714	36	6.9907e-12	3.035e-09	86.832	15.046
chr11	51560452	51560691	0.0018914	29.906991	25	1.3329e-09	1.3477e-08	92.188	62.281
chr11	51531542	51532810	3.9907e-08	91.396396	37	1.7819e-13	2.8434e-13	92.613	1.2162
chr11	51618791	51619391	0.0073737	89.637188	21	2.9088e-08	5.2539e-08	94.399	4.7619
chr11	51651944	51652742	0.037787	76.079365	20	3.6682e-07	2.6924e-07	82.746	6.6667
chr11	51694223	51694833	0.020969	85.181578	24	2.8772e-09	1.4941e-07	92.82	7.6389
chr11	51698689	51699746	3.8588e-07	89.860783	35	6.7091e-13	2.7494e-12	93.713	3.8524
chr11	51753764	51754460	0.020438	89.906832	23	6.2158e-09	1.4562e-07	95.704	5.7971
chr11	51767114	51768812	8.3354e-07	83.800366	47	4.5741e-14	5.9391e-12	94.084	10.284
chr11	51647948	51649702	1.2019e-15	83.562101	62	4.2411e-14	8.5637e-21	84.733	1.1713
chr11	51770409	51771245	0.0078262	85.541126	22	1.344e-08	5.5763e-08	87.056	1.5152
chr11	51776318	51777397	0.00085363	89.572650	26	6.1792e-10	6.0822e-09	91.496	1.9231
chr11	51785076	51786831	8.1764e-10	87.705415	51	4.2522e-14	5.8258e-15	90.385	2.6797
chr11	51822462	51822937	0.025461	83.921569	17	6.4547e-07	1.8141e-07	85.882	1.9608
chr11	51846910	51847666	0.021113	70.071595	26	1.0146e-08	1.5043e-07	87.059	16.987
chr11	51854744	51856268	0.00046557	66.110762	31	8.985e-11	3.3173e-09	90.896	24.785
chr11	51853073	51854020	8.6309e-05	78.721748	29	6.1844e-11	6.1496e-10	93.377	14.655
chr11	51740391	51741341	0.00097533	77.927747	28	9.8215e-10	6.9494e-09	92.452	14.524
chr11	51946727	51948432	4.0472e-07	87.591991	34	1.389e-12	2.8837e-12	89.798	2.2059
chr11	51957971	51958310	0.0016835	90.000000	24	1.6065e-08	1.1996e-08	94.167	4.1667
chr11	51961580	51962981	4.8732e-05	78.462001	33	1.3754e-10	3.4722e-10	85.464	7.0022
chr11	51950799	51952452	5.727e-09	87.061550	42	4.7184e-14	4.0806e-14	87.855	0.79365
chr11	51952452	51954112	4.6373e-06	83.333333	43	3.519e-12	3.3042e-11	94.38	11.047
chr11	51892496	51893381	9.1279e-06	62.727273	34	2.7649e-12	6.5037e-11	65.423	2.6961
chr11	52078017	52078449	2.6184e-09	63.233333	50	4.1744e-14	1.8656e-14	66.567	3.3333
chr11	52113789	52114832	0.0021617	69.369529	30	1.2662e-10	1.5403e-08	79.314	9.9444
chr11	52142655	52144274	0.00087777	59.356009	35	4.9861e-10	6.2542e-09	92.546	33.19
chr11	52117562	52118878	0.00022093	60.686275	34	1.4765e-09	1.5742e-09	69.02	8.3333
chr11	52118921	52119888	0.00017396	87.954145	27	2.8668e-10	1.2395e-09	91.041	3.0864
chr11	52164265	52165758	3.116e-10	88.441752	56	4.5852e-14	2.2202e-15	93.204	4.7619
chr11	52188842	52189996	4.8742e-05	92.085137	33	2.9344e-12	3.4729e-10	93.6	1.5152
chr11	52200547	52201315	0.0042659	85.703704	30	7.0441e-10	3.0395e-08	88.148	2.4444
chr11	52179093	52185790	1.5013e-35	79.921314	154	4.4742e-14	1.0697e-40	87.389	7.4675
chr11	52211981	52213157	0.0045632	67.741617	26	1.5579e-08	3.2514e-08	81.844	14.103
chr11	52210122	52211233	0.018871	81.832298	23	4.779e-08	1.3446e-07	90.528	8.6957
chr11	52235755	52236725	2.0204e-05	86.699949	31	1.3399e-11	1.4396e-10	89.926	3.2258
chr11	52226689	52227250	0.00042877	79.681122	28	1.0883e-09	3.055e-09	87.717	8.0357
chr11	52242344	52243423	0.00036577	83.424908	26	6.1792e-10	2.6061e-09	85.989	2.5641
chr11	52231480	52231967	0.020056	75.289855	23	8.0739e-09	1.429e-07	83.986	8.6957
chr11	52175624	52176845	6.3023e-08	64.533961	43	2.4769e-13	4.4905e-13	65.697	1.1628
chr11	52269907	52270704	0.042548	86.742424	22	3.514e-07	3.0316e-07	95.833	9.0909
chr11	52279209	52279675	0.0070569	86.356765	21	3.3576e-08	5.0282e-08	91.119	4.7619
chr11	52324931	52326454	2.2247e-07	82.721003	37	2.0217e-13	1.5851e-12	92.856	10.135
chr11	52340982	52341960	0.01562	89.694444	20	6.3019e-08	1.1129e-07	96.778	7.0833
chr11	52373998	52374503	0.0018458	66.690766	26	6.1792e-10	1.3151e-08	84.529	17.838
chr11	52253957	52255138	1.0956e-05	78.095238	35	7.8472e-12	7.8062e-11	82.381	4.2857
chr11	52425143	52425725	9.2111e-06	64.166667	32	8.399e-09	6.563e-11	70.417	6.25
chr11	52455062	52456098	0.00019345	81.777211	28	8.8617e-10	1.3783e-09	94.277	12.5
chr11	52482556	52483679	0.0046223	87.830688	27	4.4711e-10	3.2935e-08	92.152	4.321
chr11	52603385	52603716	0.037618	79.416667	20	6.3019e-08	2.6803e-07	94.417	15
chr11	52746400	52746924	0.0044784	65.410423	26	4.7307e-09	3.1909e-08	92.333	26.923
chr11	52948726	52949260	0.020442	76.333333	25	1.55e-08	1.4565e-07	95	18.667
chr11	53074375	53075007	0.0037031	80.615942	23	2.9025e-08	2.6385e-08	98.732	18.116
chr11	53195914	53197168	0.0098137	85.804762	25	1.3329e-09	6.9924e-08	91.138	5.3333
chr11	53197671	53198942	1.25e-07	85.442460	40	6.0063e-14	8.9065e-13	92.109	6.6667
chr11	53200016	53201315	0.00037502	73.803228	32	1.9032e-11	2.6721e-09	85.254	11.45
chr11	53201379	53202326	0.004275	82.323032	18	2.9682e-07	3.046e-08	83.249	0.92593
chr11	53229090	53229647	0.0096213	79.220800	27	2.8668e-10	6.8553e-08	93.789	14.568
chr11	53330863	53331962	3.891e-07	83.022876	34	1.8003e-12	2.7724e-12	85.964	2.9412
chr11	53332631	53333014	0.01732	58.412698	21	1.5631e-07	1.2341e-07	61.587	3.1746
chr11	53337102	53337425	0.0038041	76.211180	23	6.2158e-09	2.7105e-08	86.356	10.145
chr11	53343199	53344133	2.2598e-05	80.848997	38	3.9752e-12	1.6102e-10	90.06	9.2105
chr11	53344556	53346312	0.00022296	78.817753	32	6.7774e-11	1.5886e-09	85.068	6.25
chr11	53364853	53365461	0.00043131	74.192474	33	5.0291e-12	3.0731e-09	81.819	7.6263
chr11	53326022	53327410	9.605e-05	71.605339	33	2.1959e-09	6.8437e-10	87.009	15.404
chr11	53373166	53374655	0.026082	62.329599	34	1.5637e-08	1.8584e-07	79.29	16.961
chr11	53381931	53382749	0.00089463	79.647767	26	6.1792e-10	6.3744e-09	87.661	8.0128
chr11	53387255	53388459	0.004579	82.111136	29	4.2698e-10	3.2626e-08	91.307	9.1954
chr11	53358258	53359089	0.0032735	85.378788	22	1.344e-08	2.3324e-08	89.545	4.1667
chr11	53392076	53392936	7.5264e-05	81.044974	27	3.5822e-10	5.3627e-10	92.588	11.543
chr11	53405794	53407220	2.0017e-09	80.910935	45	4.1966e-14	1.4262e-14	89.059	8.1481
chr11	53414121	53415396	5.1063e-07	82.962963	45	4.9738e-14	3.6383e-12	85.556	2.5926
chr11	53419073	53419544	0.0015387	65.859213	23	1.5398e-08	1.0963e-08	81.077	15.217
chr11	53433239	53434043	2.0001e-06	77.968975	33	2.4743e-11	1.4251e-11	88.752	10.783
chr11	53455018	53456240	0.0020292	61.817627	26	1.547e-09	1.4458e-08	86.561	24.744
chr11	53412377	53412773	0.046228	79.616977	23	6.2158e-09	3.2938e-07	90.487	10.87
chr11	53469724	53470043	0.015612	77.180556	20	6.3019e-08	1.1124e-07	92.181	15
chr11	53546379	53548114	7.9509e-07	85.094538	34	1.389e-12	5.6651e-12	96.859	11.765
chr11	53602970	53603311	0.036942	75.738095	20	9.8827e-08	2.6321e-07	93.238	17.5
chr11	53619350	53620807	8.4694e-05	82.233205	38	3.9752e-12	6.0346e-10	91.444	9.2105
chr11	53614653	53616423	0.0080879	70.316258	33	2.2676e-11	5.7628e-08	81.427	11.111
chr11	53616423	53616876	0.013788	81.578947	19	1.6018e-07	9.8244e-08	95.175	13.596
chr11	53622009	53623029	0.0020295	92.336861	27	1.6494e-09	1.446e-08	96.041	3.7037
chr11	53643788	53645080	5.5658e-07	84.208333	40	1.1924e-13	3.9657e-12	92.542	8.3333
chr11	53639200	53640273	3.1667e-05	90.257937	28	8.8617e-10	2.2564e-10	93.829	3.5714
chr11	53652183	53653172	0.020446	78.714631	23	8.82e-08	1.4568e-07	89.481	10.766
chr11	53669017	53669337	0.002919	76.954923	21	3.3576e-08	2.0798e-08	79.336	2.381
chr11	53658279	53659185	0.021457	88.772894	26	6.1792e-10	1.5288e-07	95.311	6.5385
chr11	53678178	53678685	0.008336	85.809179	23	6.2158e-09	5.9395e-08	89.07	3.2609
chr11	53701415	53702566	0.0089736	75.950577	24	1.8207e-07	6.3938e-08	90.534	14.583
chr11	53695289	53696895	8.5588e-08	58.161666	63	4.6074e-14	6.0982e-13	72.818	14.656
chr11	53703303	53704805	1.3731e-09	84.439683	50	4.5075e-14	9.7834e-15	91.106	6.6667
chr11	53705885	53707033	7.7202e-05	82.432140	28	6.499e-10	5.5008e-10	83.92	1.4881
chr11	53714205	53716611	3.3486e-07	76.895854	55	4.2966e-14	2.3859e-12	85.987	9.0909
chr11	53707400	53708402	0.0028915	95.899471	21	2.9088e-08	2.0602e-08	97.487	1.5873
chr11	53737239	53738443	3.3073e-05	87.610544	28	1.331e-10	2.3565e-10	94.158	6.5476
chr11	53725069	53726749	6.2731e-09	83.169989	43	4.4298e-14	4.4697e-14	90.728	7.5581
chr11	53726749	53728070	6.746e-09	89.818182	45	5.4401e-14	4.8066e-14	95.374	5.5556
chr11	53728447	53731601	8.5924e-13	78.371684	65	4.3632e-14	6.1222e-18	88.705	10.333
chr11	53659876	53660173	0.029881	57.843915	18	3.5093e-07	2.1291e-07	59.233	1.3889
chr11	53746830	53747576	0.0014897	78.762783	23	6.2158e-09	1.0614e-08	92.531	13.768
chr11	53801156	53802487	2.1694e-05	86.197691	33	1.4616e-11	1.5457e-10	88.47	2.2727
chr11	53793115	53794196	1.3436e-07	80.293215	43	5.5067e-14	9.5731e-13	82.619	2.3256
chr11	53794196	53795653	3.367e-11	81.154537	53	4.2966e-14	2.399e-16	83.67	2.5157
chr11	53822751	53823978	0.00045777	83.293651	30	2.8764e-11	3.2617e-09	86.071	2.7778
chr11	53899289	53900365	1.8288e-06	86.385836	33	2.9344e-12	1.3031e-11	87.396	1.0101
chr11	53919821	53921109	0.0093581	79.614932	27	3.1184e-09	6.6678e-08	86.714	7.0988
chr11	53954501	53955468	0.0092132	72.032020	29	3.2734e-09	6.5646e-08	82.952	10.92
chr11	53973698	53974847	0.0020765	73.036729	32	9.0818e-12	1.4795e-08	86.058	13.021
chr11	53964776	53966282	6.1968e-08	85.266129	48	4.4187e-14	4.4153e-13	95.648	10.382
chr11	53985044	53986369	0.00019911	79.716210	33	2.2729e-10	1.4187e-09	87.292	7.5758
chr11	53982323	53983198	0.008451	64.878472	32	6.7774e-11	6.0215e-08	72.378	7.5
chr11	53997844	53998423	0.00011877	89.722222	24	2.8772e-09	8.4627e-10	91.806	2.0833
chr11	53961261	53962371	0.046413	86.483135	24	3.262e-09	3.307e-07	90.65	4.1667
chr11	54007422	54007985	0.0082536	80.973085	23	1.3546e-08	5.8808e-08	88.944	7.971
chr11	54000880	54003513	7.1319e-26	84.593645	106	4.6074e-14	5.0816e-31	92.534	7.9403
chr11	54021954	54022654	0.040489	84.618873	21	2.9088e-08	2.8849e-07	96.524	11.905
chr11	54226528	54227026	0.046091	86.215278	24	2.8772e-09	3.284e-07	94.549	8.3333
chr11	54297131	54298568	2.8531e-10	75.005533	48	4.2744e-14	2.0329e-15	91.876	16.87
chr11	54697534	54697872	0.0001723	82.826279	27	1.6494e-09	1.2277e-09	94.555	11.728
chr11	54702946	54704337	0.00021926	86.040707	31	1.4757e-11	1.5623e-09	88.729	2.6882
chr11	54709073	54710348	0.0044435	85.148810	28	1.4821e-10	3.1661e-08	94.077	8.9286
chr11	54725868	54726897	0.045558	82.236025	23	6.2158e-09	3.2461e-07	95.497	13.261
chr11	54723379	54724226	0.0020314	88.205128	26	6.9382e-10	1.4474e-08	92.051	3.8462
chr11	54801464	54802205	0.0027713	85.370370	21	2.9088e-08	1.9746e-08	98.545	13.175
chr11	54855910	54857610	1.5427e-09	66.154025	48	4.2188e-14	1.0992e-14	77.265	11.111
chr11	54860172	54861682	9.1882e-05	88.735632	29	6.1844e-11	6.5467e-10	92.184	3.4483
chr11	54862550	54863401	0.03881	77.698413	20	6.3019e-08	2.7653e-07	79.698	2
chr11	54905176	54905971	0.017781	66.469534	31	1.478e-09	1.2669e-07	94.05	27.581
chr11	54913051	54913550	0.043356	74.659091	22	9.9144e-08	3.0892e-07	91.023	16.364
chr11	54920842	54921508	3.3272e-05	66.386054	28	1.4821e-10	2.3707e-10	85	18.614
chr11	54964263	54965949	1.1711e-05	64.655815	49	9.0372e-14	8.3445e-11	88.213	23.557
chr11	54981709	54983655	5.2046e-06	84.654952	36	4.5275e-13	3.7084e-11	86.044	1.3889
chr11	54979229	54980952	0.0021212	79.149660	28	2.0432e-10	1.5114e-08	83.912	4.7619
chr11	54992779	54993694	0.018381	86.641414	22	1.344e-08	1.3097e-07	87.399	0.75758
chr11	54994919	54995758	0.0042474	80.416667	26	1.7325e-09	3.0263e-08	92.917	12.5
chr11	55011555	55012149	0.041039	80.241875	21	2.9088e-08	2.9241e-07	83.416	3.1746
chr11	54989480	54990237	0.0015225	75.207039	23	8.0739e-09	1.0848e-08	77.381	2.1739
chr11	54999992	55000997	0.00047973	74.073661	32	9.0818e-12	3.4182e-09	96.455	22.381
chr11	55018610	55019670	0.0097663	85.952630	29	9.3535e-11	6.9586e-08	91.24	5.2874
chr11	55026814	55028450	3.0093e-08	72.286508	50	4.452e-14	2.1441e-13	89.687	17.4
chr11	55014636	55016072	6.7775e-09	85.215774	48	4.341e-14	4.829e-14	92.081	6.8651
chr11	55077135	55078437	0.0093677	72.854203	27	3.5822e-10	6.6746e-08	88.842	15.988
chr11	55051216	55052416	0.017606	65.085840	30	1.9433e-09	1.2545e-07	79.53	14.444
chr11	55082071	55083450	6.4979e-08	72.123016	44	3.8425e-13	4.6298e-13	89.017	16.894
chr11	55123639	55124616	0.00371	76.284271	33	2.6838e-10	2.6435e-08	86.515	10.231
chr11	55128669	55130307	0.00059815	70.810105	41	2.6541e-12	4.2619e-09	83.818	13.008
chr11	55152641	55153421	0.00019704	81.287506	29	6.1844e-11	1.404e-09	84.736	3.4483
chr11	55144270	55144888	0.00028384	91.140873	24	2.8772e-09	2.0224e-09	95.308	4.1667
chr11	55160104	55161254	2.8008e-07	84.272186	44	4.8517e-14	1.9956e-12	90.143	5.8712
chr11	55164852	55165828	0.0004031	84.620811	27	1.3308e-09	2.8722e-09	86.473	1.8519
chr11	55173318	55173728	0.015248	86.611111	20	6.3019e-08	1.0864e-07	92.444	5.8333
chr11	55192900	55193983	0.017625	88.076342	21	2.9088e-08	1.2558e-07	92.838	4.7619
chr11	55111836	55112741	0.00066869	89.062500	24	1.8108e-08	4.7645e-09	93.229	4.1667
chr11	55210767	55211793	0.00039965	82.680776	27	3.5822e-10	2.8476e-09	84.533	1.8519
chr11	55214281	55215512	0.00010131	80.862775	31	5.5892e-10	7.2188e-10	85.701	4.8387
chr11	55218005	55219128	0.0019756	81.547619	28	1.331e-10	1.4076e-08	91.071	9.5238
chr11	55220196	55222633	1.9417e-16	87.068071	78	4.4076e-14	1.3835e-21	94.226	7.1581
chr11	55234436	55236315	2.2495e-09	84.191831	41	5.107e-14	1.6028e-14	85.411	1.2195
chr11	55238370	55239086	0.01146	92.592593	18	2.9682e-07	8.1657e-08	94.444	1.8519
chr11	55242613	55243621	0.0033101	87.588384	22	1.5413e-08	2.3585e-08	89.861	2.2727
chr11	55201609	55201955	0.042144	83.677249	21	1.791e-07	3.0028e-07	93.201	9.5238
chr11	55257119	55258637	6.3484e-08	81.247412	46	4.2188e-14	4.5233e-13	94.11	12.862
chr11	55264548	55266341	0.00095412	56.027811	33	9.1442e-10	6.7983e-09	60.826	4.798
chr11	55282201	55283247	4.8708e-05	89.798935	34	1.5136e-12	3.4705e-10	93.475	3.6765
chr11	55272264	55274067	6.0948e-10	77.152604	57	4.0412e-14	4.3426e-15	87.006	9.8538
chr11	55302895	55304615	1.1574e-06	77.183351	40	3.0743e-12	8.2464e-12	88.85	11.667
chr11	55320137	55320844	0.042144	92.290249	21	2.9088e-08	3.0028e-07	99.206	6.9161
chr11	55322047	55325231	1.3418e-14	84.761528	73	4.2299e-14	9.5602e-20	91.497	6.7352
chr11	55312666	55313802	0.046571	56.100000	25	1.2918e-06	3.3183e-07	62.767	6.6667
chr11	55363326	55363810	0.0033782	78.434343	22	1.1279e-07	2.407e-08	91.313	12.879
chr11	55389845	55390622	2.0793e-06	79.108883	46	4.8961e-14	1.4815e-11	92.773	13.665
chr11	55458344	55459153	0.0063476	94.166667	20	6.3019e-08	4.5227e-08	98.333	4.1667
chr11	55462903	55464162	0.019842	80.353836	24	2.8772e-09	1.4138e-07	89.729	9.375
chr11	55477152	55478246	0.019006	65.643939	22	2.3171e-08	1.3542e-07	90.114	24.47
chr11	55522786	55524631	0.0042298	74.652778	28	1.5725e-08	3.0138e-08	78.224	3.5714
chr11	55571929	55572564	4.2308e-05	81.741071	32	5.6642e-11	3.0145e-10	88.251	6.5104
chr11	55494670	55495556	0.00021052	77.507937	30	4.006e-10	1.5e-09	80.841	3.3333
chr11	55644039	55645502	0.0021752	76.662698	30	4.4034e-10	1.5499e-08	89.44	12.778
chr11	55662995	55663405	0.0095676	80.183150	26	6.1792e-10	6.8171e-08	81.465	1.2821
chr11	55696041	55696906	0.0033189	65.211039	22	2.0238e-08	2.3648e-08	82.635	17.424
chr11	55727246	55728124	0.0095929	31.247934	26	6.9382e-10	6.8351e-08	88.821	57.573
chr11	55753425	55754430	0.01759	84.718099	21	2.9088e-08	1.2533e-07	86.305	1.5873
chr11	55819075	55819608	0.01146	78.257977	18	2.9682e-07	8.1657e-08	80.11	1.8519
chr11	55852992	55853538	0.015952	86.527778	20	3.6682e-07	1.1366e-07	95.694	9.1667
chr11	55892755	55893801	0.0081037	83.344156	22	1.344e-08	5.774e-08	84.481	1.1364
chr11	55912987	55913743	0.037172	70.470238	20	4.8712e-07	2.6486e-07	75.887	5.4167
chr11	55915687	55916537	0.0079602	83.295455	22	1.5413e-08	5.6718e-08	89.356	6.0606
chr11	55989653	55990527	4.0104e-06	83.586310	32	1.7958e-10	2.8575e-11	86.711	3.125
chr11	56001905	56002670	0.0038045	64.819637	23	9.1954e-09	2.7107e-08	80.762	15.942
chr11	56010723	56011489	0.00044023	80.555556	30	2.0537e-10	3.1367e-09	83.889	3.3333
chr11	56060281	56060810	0.00031755	85.771140	25	1.3329e-09	2.2626e-09	87.104	1.3333
chr11	56084993	56085984	0.00087608	84.423077	26	6.1792e-10	6.2422e-09	85.385	0.96154
chr11	56090639	56092191	0.0016766	70.057720	24	3.1595e-07	1.1946e-08	78.391	8.3333
chr11	56120482	56121528	0.0079268	73.202271	22	1.7666e-08	5.6479e-08	86.291	13.089
chr11	56287904	56289262	0.017084	58.413714	21	5.9246e-08	1.2172e-07	76.819	18.406
chr11	56505053	56505588	0.037869	93.035714	20	3.1798e-07	2.6982e-07	98.036	5
chr11	56501307	56503365	0.00010186	72.457977	37	7.3457e-11	7.2577e-10	91.634	19.176
chr11	56507571	56508836	0.0080596	78.988095	22	1.1279e-07	5.7426e-08	88.079	9.0909
chr11	56645625	56646142	0.00046689	75.416667	22	1.344e-08	3.3266e-09	96.25	20.833
chr11	56793210	56794252	0.0021268	80.407407	30	2.1284e-09	1.5153e-08	93.519	13.111
chr11	56823021	56823663	0.043408	82.310606	22	9.9144e-08	3.0929e-07	89.129	6.8182
chr11	56879607	56879833	0.029881	84.537037	18	2.9682e-07	2.1291e-07	90.093	5.5556
chr11	56893746	56894545	0.00019438	73.027211	28	5.2783e-10	1.385e-09	90.289	17.262
chr11	56907598	56909004	3.9332e-07	72.774538	49	5.6843e-14	2.8024e-12	82.604	9.8299
chr11	56936588	56938260	0.00035464	75.319549	38	2.2178e-12	2.5269e-09	87.381	12.061
chr11	57006273	57007466	0.00093564	82.882653	28	4.9128e-09	6.6666e-09	94.49	11.607
chr11	57025705	57026388	0.00041059	90.977592	27	2.8668e-10	2.9255e-09	92.212	1.2346
chr11	57049618	57051341	5.7873e-07	77.664141	44	5.6766e-13	4.1235e-12	89.407	11.742
chr11	57062341	57063474	0.0082037	78.612915	22	1.344e-08	5.8453e-08	93.764	15.152
chr11	57091558	57092099	5.9653e-07	89.780506	32	6.2559e-12	4.2503e-12	91.343	1.5625
chr11	57105027	57105677	0.0040496	82.953042	24	2.0403e-08	2.8854e-08	89.203	6.25
chr11	57122988	57125401	4.221e-06	66.412181	46	1.9794e-11	3.0075e-11	80.543	14.13
chr11	57135509	57136152	0.006162	85.500000	20	7.3268e-08	4.3905e-08	93	7.5
chr11	57132887	57133733	0.013667	92.982456	19	1.3668e-07	9.7377e-08	94.737	1.7544
chr11	57139523	57141529	1.1926e-08	85.185493	43	4.8961e-14	8.4974e-14	87.511	2.3256
chr11	57187991	57188804	0.0018182	77.532051	26	7.3304e-09	1.2955e-08	84.583	7.0513
chr11	57298412	57299022	0.045655	83.260870	23	1.6088e-07	3.253e-07	87.609	4.3478
chr11	57310513	57311404	0.019377	81.130952	16	1.4058e-06	1.3807e-07	95.714	14.583
chr11	57305439	57305956	0.046383	92.154431	24	2.8772e-09	3.3048e-07	95.627	3.4722
chr11	57345607	57346601	0.0033928	87.842713	22	1.344e-08	2.4174e-08	92.388	4.5455
chr11	57340030	57340614	4.2419e-05	72.929913	30	3.3133e-10	3.0224e-10	76.263	3.3333
chr11	57362613	57363735	2.3731e-06	79.555138	38	3.9857e-13	1.6909e-11	80.871	1.3158
chr11	57437823	57438906	0.034708	82.759784	19	1.6018e-07	2.473e-07	85.391	2.6316
chr11	57446984	57447887	0.020327	44.639129	27	2.9456e-08	1.4484e-07	76.188	31.548
chr11	57449848	57450226	0.018382	32.492731	30	4.006e-10	1.3098e-07	81.491	48.998
chr11	57457821	57459264	9.4143e-05	71.359127	36	1.5228e-11	6.7078e-10	75.757	4.3981
chr11	57476218	57476596	0.0094474	83.184524	24	3.262e-09	6.7314e-08	90.823	7.6389
chr11	57483502	57483912	8.2869e-05	80.318783	30	3.5142e-11	5.9045e-10	83.097	2.7778
chr11	57514054	57515633	0.00045451	79.427803	31	3.501e-11	3.2385e-09	83.46	4.0323
chr11	57501957	57502961	0.00016141	75.032339	28	2.5275e-10	1.1501e-09	86.937	11.905
chr11	57519591	57520369	0.00010099	83.481241	33	6.4051e-11	7.196e-10	84.996	1.5152
chr11	57505880	57506367	0.038361	82.416667	20	8.5123e-08	2.7333e-07	89.083	6.6667
chr11	57568346	57568919	0.041593	86.349206	21	2.9088e-08	2.9636e-07	91.905	5.5556
chr11	57574069	57574764	0.0382	80.805556	30	2.7381e-10	2.7218e-07	92.472	11.667
chr11	57542613	57543077	0.003277	86.471861	22	1.344e-08	2.3349e-08	94.805	8.3333
chr11	57579012	57580158	2.3785e-14	91.498976	62	4.2633e-14	1.6947e-19	95.988	4.4892
chr11	57585353	57586269	9.1465e-05	85.110837	29	4.2698e-10	6.517e-10	88.559	3.4483
chr11	57587429	57588279	1.8402e-05	91.333333	30	1.5374e-10	1.3111e-10	96.333	5
chr11	57612208	57613125	4.3142e-05	69.267857	40	1.3793e-10	3.0739e-10	82.81	13.542
chr11	57597908	57599091	0.02025	72.392290	28	2.2151e-09	1.4429e-07	82.511	10.119
chr11	57616196	57617447	3.0943e-08	87.288360	45	4.1966e-14	2.2047e-13	90.511	3.2222
chr11	57632244	57633614	0.00041481	88.095238	28	1.4821e-10	2.9556e-09	93.452	5.3571
chr11	57635065	57635669	0.00036894	90.512821	26	6.1792e-10	2.6287e-09	97.308	6.7949
chr11	57627949	57629134	0.00029095	69.675926	42	2.3459e-13	2.0731e-09	78.208	8.5317
chr11	57638564	57639028	0.00045683	80.523810	30	8.5673e-11	3.255e-09	87.746	7.2222
chr11	57672916	57673119	0.038381	92.166667	20	6.3019e-08	2.7347e-07	97.167	5
chr11	57667599	57668748	7.2323e-09	83.918440	47	4.3743e-14	5.1531e-14	88.528	4.6099
chr11	57680509	57681423	0.044661	86.731602	22	8.7103e-08	3.1821e-07	93.55	6.8182
chr11	57642359	57643488	1.0474e-06	82.681159	46	5.318e-14	7.4627e-12	89.746	7.0652
chr11	57709207	57709934	0.0011647	78.877551	21	2.9088e-08	8.2989e-09	81.655	2.7778
chr11	57663741	57664594	4.3527e-05	78.269841	35	1.1782e-11	3.1014e-10	84.46	6.1905
chr11	57734725	57735983	0.045242	82.377900	26	1.0992e-09	3.2236e-07	88.275	5.8974
chr11	57739368	57740237	0.0021764	69.508758	29	1.5252e-09	1.5507e-08	78.129	8.6207
chr11	57760351	57761416	0.020773	75.556973	28	4.4513e-09	1.4801e-07	79.128	3.5714
chr11	57764044	57766924	8.3044e-10	72.722833	65	4.5075e-14	5.917e-15	79.697	6.9744
chr11	57752493	57753110	0.015966	91.279762	20	6.3019e-08	1.1376e-07	93.78	2.5
chr11	57773090	57774023	9.7859e-06	83.624120	33	2.9344e-12	6.9726e-11	91.099	7.4747
chr11	57786950	57787638	0.0067243	89.856215	21	2.9088e-08	4.7912e-08	93.824	3.9683
chr11	57806642	57807753	4.7883e-05	81.304855	34	1.4005e-11	3.4118e-10	84.246	2.9412
chr11	57808209	57809608	0.00021994	87.397959	35	9.277e-13	1.5671e-09	90.969	3.5714
chr11	57825759	57826367	0.0019794	49.239927	26	1.7327e-08	1.4103e-08	53.727	4.4872
chr11	57836162	57837967	7.7751e-07	74.935551	52	3.9857e-14	5.5399e-12	85.032	10.096
chr11	57868025	57868964	0.015761	90.132576	20	6.3019e-08	1.123e-07	91.799	1.6667
chr11	57865195	57866607	0.00044115	85.861111	30	1.3954e-10	3.1433e-09	88.083	2.2222
chr11	57847379	57848466	1.4448e-08	94.570106	48	4.341e-14	1.0294e-13	95.612	1.0417
chr11	57888146	57888329	0.043795	74.000000	15	3.067e-06	3.1204e-07	97.333	23.333
chr11	57913639	57914648	0.00071866	83.611111	24	3.262e-09	5.1206e-09	92.639	9.0278
chr11	57973610	57974679	0.00032309	87.790476	25	1.3329e-09	2.3021e-09	92.924	5.1333
chr11	58009256	58010517	0.00097553	81.503685	28	2.0432e-10	6.9508e-09	89.182	7.6786
chr11	58001038	58002206	6.412e-06	72.112135	31	1.1877e-10	4.5686e-11	89.424	17.312
chr11	58019464	58020822	0.00018086	78.457602	38	8.0369e-13	1.2886e-09	93.151	14.693
chr11	58086110	58086514	0.043389	80.288600	22	1.5413e-08	3.0915e-07	81.804	1.5152
chr11	58097338	58098450	0.00035301	65.535714	38	4.5697e-13	2.5152e-09	84.088	18.553
chr11	58121532	58122530	1.1339e-05	76.442026	37	2.6257e-13	8.0792e-11	78.694	2.2523
chr11	57897182	57898557	1.6664e-06	90.275072	32	6.2559e-12	1.1873e-11	92.098	1.8229
chr11	58151614	58151802	0.00095217	70.747835	20	6.3019e-08	6.7844e-09	90.748	20
chr11	58160105	58161583	5.1099e-06	86.983025	36	3.8969e-13	3.6409e-11	89.298	2.3148
chr11	58173505	58174380	1.0401e-07	81.285714	40	2.025e-13	7.4106e-13	86.369	5.0833
chr11	58189132	58190321	0.0004575	83.927203	29	1.2726e-10	3.2597e-09	87.375	3.4483
chr11	58184065	58186279	2.6025e-10	71.838828	65	4.6074e-14	1.8543e-15	79.788	7.9487
chr11	58272629	58273293	3.2462e-07	83.585434	34	1.958e-12	2.313e-12	86.723	3.1373
chr11	58309561	58310627	0.036663	69.211823	29	3.2301e-08	2.6123e-07	83.58	14.368
chr11	58330652	58331387	0.00030223	90.205026	24	2.8772e-09	2.1534e-09	92.288	2.0833
chr11	58327288	58329261	2.6358e-07	75.875604	46	4.4409e-14	1.878e-12	79.136	3.2609
chr11	58360776	58361680	0.044039	31.512925	22	1.7666e-08	3.1378e-07	79.63	48.117
chr11	58400017	58400390	0.00022306	74.404762	32	1.0939e-11	1.5894e-09	80.134	5.7292
chr11	58497421	58498201	0.009268	78.742857	25	2.7315e-09	6.6036e-08	82.743	4
chr11	58509144	58509982	0.046435	78.559854	24	3.6968e-09	3.3085e-07	88.282	9.7222
chr11	58510989	58511855	0.045903	75.450311	23	6.9124e-08	3.2707e-07	87.769	12.319
chr11	58513959	58514978	0.0001044	83.252728	32	3.9486e-11	7.4386e-10	86.378	3.125
chr11	58524776	58525504	0.0088262	83.963078	23	6.2158e-09	6.2888e-08	89.76	5.7971
chr11	58556468	58556923	0.00043334	86.875000	28	1.331e-10	3.0876e-09	89.554	2.6786
chr11	58556944	58557594	5.7225e-07	78.780488	41	5.4217e-12	4.0774e-12	84.878	6.0976
chr11	58674149	58675012	7.8604e-05	89.192177	28	1.331e-10	5.6006e-10	90.383	1.1905
chr11	58668275	58670096	1.6901e-19	90.788618	81	3.9524e-14	1.2042e-24	93.052	2.2634
chr11	58677445	58677754	0.01543	70.232143	20	6.3019e-08	1.0994e-07	88.565	18.333
chr11	58781364	58781779	0.01512	69.736111	20	6.3019e-08	1.0773e-07	96.986	27.25
chr11	58812788	58813763	9.2272e-07	85.738095	35	8.5532e-13	6.5745e-12	88.119	2.381
chr11	58835299	58836623	2.6655e-09	83.844628	52	4.4964e-14	1.8992e-14	87.691	3.8462
chr11	58798374	58799411	0.00043979	83.378685	28	1.0883e-09	3.1336e-09	88.736	5.3571
chr11	58841709	58842982	4.4313e-06	80.136555	34	1.8003e-12	3.1574e-11	86.509	6.3725
chr11	58854723	58855895	0.0021109	67.409114	31	5.1104e-10	1.504e-08	73.323	5.914
chr11	58899275	58900225	0.034665	83.020050	19	1.0077e-06	2.4699e-07	88.283	5.2632
chr11	58853038	58853878	0.00041998	58.271605	36	8.1746e-12	2.9924e-09	69.846	11.574
chr11	59011860	59013460	4.8439e-06	77.419175	42	9.448e-14	3.4513e-11	88.173	10.754
chr11	59062895	59064275	0.021634	64.560185	36	1.5852e-10	1.5414e-07	74.514	9.9537
chr11	59041789	59042416	0.041526	81.613757	21	2.9088e-08	2.9588e-07	86.772	5.1587
chr11	59055213	59056292	4.7812e-05	90.006200	32	6.2559e-12	3.4067e-10	92.194	2.1875
chr11	59083313	59084228	0.015868	76.333333	20	7.3268e-08	1.1306e-07	78.833	2.5
chr11	59123929	59125459	0.0087689	71.985407	31	9.6358e-09	6.248e-08	85.695	13.71
chr11	59089210	59090213	0.018138	73.095238	30	3.3133e-10	1.2924e-07	84.762	11.667
chr11	59143007	59144104	0.0015849	70.489060	37	1.1312e-12	1.1293e-08	86.345	15.856
chr11	59150190	59152360	8.0227e-09	79.739117	60	4.1966e-14	5.7163e-14	88.489	8.75
chr11	59159319	59160131	0.0045505	72.014652	26	1.3809e-09	3.2423e-08	83.553	11.538
chr11	59155960	59157200	6.3181e-05	69.429956	38	8.0369e-13	4.5017e-10	86.191	16.761
chr11	59161943	59163901	2.8207e-08	68.023442	51	4.3521e-14	2.0098e-13	87.468	19.444
chr11	59171878	59173145	0.00069194	74.476190	25	2.1536e-09	4.9302e-09	81.143	6.6667
chr11	59175404	59176286	0.019663	71.948954	24	6.5774e-08	1.401e-07	74.032	2.0833
chr11	59194168	59195342	0.021262	70.247253	26	1.5579e-08	1.5149e-07	79.542	9.2949
chr11	59228089	59228427	0.00034996	95.215201	26	6.1792e-10	2.4935e-09	97.779	2.5641
chr11	59243599	59245455	0.00047811	86.914873	32	4.3223e-11	3.4066e-09	92.904	5.9896
chr11	59252442	59253442	0.0078673	70.691244	31	4.9262e-09	5.6055e-08	84.777	14.086
chr11	59260761	59261163	0.017295	70.449630	21	4.5655e-07	1.2323e-07	81.878	11.429
chr11	59280131	59281780	2.1734e-07	78.035564	48	4.6851e-14	1.5486e-12	87.237	9.2014
chr11	59303337	59304022	0.00043043	60.376984	28	2.9921e-09	3.0669e-09	98.889	38.512
chr11	59299543	59300390	0.0021723	79.269841	30	1.774e-09	1.5478e-08	91.492	12.222
chr11	59318878	59319799	0.021578	77.072650	26	2.3796e-08	1.5374e-07	95.021	17.949
chr11	59371764	59373466	2.5001e-08	81.309172	41	5.2625e-14	1.7813e-13	90.09	8.7805
chr11	59381553	59382652	0.0019117	78.860029	33	5.6242e-10	1.3621e-08	95.274	16.414
chr11	59365428	59366851	7.7048e-15	76.137006	73	4.2855e-14	5.4898e-20	80.41	4.2727
chr11	59409323	59410076	0.0018235	78.108974	26	6.1792e-10	1.2993e-08	86.955	8.8462
chr11	59462186	59462890	0.00021519	72.968750	32	9.9696e-12	1.5333e-09	76.354	3.3854
chr11	59484816	59486292	4.3072e-05	84.140280	35	6.7091e-13	3.0689e-10	93.997	9.8571
chr11	59493777	59494568	0.01876	72.696117	22	8.7103e-08	1.3366e-07	87.09	14.394
chr11	59491744	59492991	0.019656	74.620271	23	9.1954e-09	1.4005e-07	78.968	4.3478
chr11	59393849	59394576	5.2712e-09	88.759770	48	4.341e-14	3.7558e-14	95.01	6.25
chr11	59504237	59504639	1.4509e-05	89.369184	29	6.1844e-11	1.0338e-10	92.817	3.4483
chr11	59517783	59518753	3.3657e-06	60.735450	30	2.8764e-11	2.3981e-11	90.68	29.944
chr11	59545944	59546608	0.0010216	81.277400	21	2.9088e-08	7.2793e-09	88.023	6.746
chr11	59618019	59618857	0.0016631	92.250180	24	2.8772e-09	1.185e-08	95.722	3.4722
chr11	59651387	59652110	0.00080337	66.777778	25	6.5282e-08	5.7241e-09	90.778	24
chr11	59683594	59684740	2.187e-05	57.264957	39	5.6054e-12	1.5583e-10	93.12	35.855
chr11	59675219	59675547	0.0041198	62.152778	24	1.4246e-08	2.9354e-08	75.764	13.611
chr11	59693750	59694832	0.00074282	53.519240	45	1.8796e-09	5.2927e-09	95.149	41.63
chr11	59768418	59769856	0.012909	56.774043	34	7.7733e-08	9.1975e-08	85.941	29.167
chr11	59772216	59774162	2.5507e-11	74.719122	64	4.3965e-14	1.8174e-16	83.912	9.1927
chr11	59778410	59779062	0.007381	73.725336	21	3.3576e-08	5.2591e-08	87.819	14.094
chr11	59775424	59777107	1.4747e-09	81.612554	55	4.3188e-14	1.0507e-14	85.249	3.6364
chr11	59779940	59781953	2.1791e-16	72.113799	73	4.1411e-14	1.5526e-21	91.749	19.635
chr11	59789082	59790265	0.0098107	92.143101	25	1.3329e-09	6.9903e-08	96.143	4
chr11	59782390	59784306	3.1201e-09	79.277855	56	4.4187e-14	2.2231e-14	81.956	2.6786
chr11	59805953	59807758	6.2083e-08	65.252525	46	6.195e-14	4.4235e-13	91.376	26.123
chr11	59834899	59837329	1.4107e-08	71.712038	52	5.1403e-14	1.0051e-13	83.731	12.019
chr11	59851376	59852361	7.0587e-10	87.760417	48	4.4187e-14	5.0294e-15	95.747	7.9861
chr11	59856886	59858219	0.0099644	78.467078	27	1.6494e-09	7.0998e-08	84.023	5.5556
chr11	59883148	59883894	0.046089	79.261560	23	5.4072e-08	3.2839e-07	90.255	10.994
chr11	59888576	59889649	0.00041803	92.336861	27	2.8668e-10	2.9785e-09	95.732	3.3951
chr11	59816213	59818030	5.5707e-13	83.794974	60	4.7407e-14	3.9692e-18	86.962	3.1667
chr11	59917127	59918066	5.9069e-07	86.220930	43	5.3291e-14	4.2088e-12	89.322	3.1008
chr11	59933717	59935442	0.020836	65.975057	28	2.7739e-08	1.4846e-07	82.939	16.964
chr11	59948915	59950684	1.9765e-11	81.297209	58	4.6629e-14	1.4083e-16	85.148	3.8506
chr11	59952299	59954391	6.3583e-09	84.789081	45	4.1522e-14	4.5304e-14	89.128	4.3386
chr11	59968396	59969381	0.046467	79.305556	24	1.6065e-08	3.3108e-07	82.431	3.125
chr11	59957190	59959215	1.663e-09	86.427561	50	4.4076e-14	1.1849e-14	89.394	2.9667
chr11	59928634	59930031	1.4464e-05	85.199879	28	1.331e-10	1.0306e-10	88.89	3.6905
chr11	59984519	59985072	0.0041271	79.322090	24	3.6968e-09	2.9406e-08	81.405	2.0833
chr11	59970525	59973188	8.4866e-19	88.883220	84	4.4742e-14	6.0468e-24	93.214	4.3311
chr11	59982771	59984025	2.2937e-05	80.147059	34	1.8003e-12	1.6343e-10	87.843	7.6961
chr11	59998236	59998993	0.020326	71.790890	23	6.1151e-08	1.4482e-07	89.545	17.754
chr11	60050148	60051013	0.043548	82.158599	22	8.7103e-08	3.1029e-07	93.522	11.364
chr11	60051499	60052213	0.043218	63.531746	22	2.6516e-08	3.0794e-07	66.183	2.6515
chr11	60072999	60074180	0.0040967	71.719048	25	1.9416e-08	2.919e-08	88.519	16.8
chr11	60079830	60080383	1.2111e-06	82.267712	41	4.6629e-13	8.6296e-12	87.146	4.878
chr11	60102613	60102850	0.037799	87.333333	20	6.3019e-08	2.6933e-07	92.333	5
chr11	60112047	60113064	0.0081088	81.697330	22	1.1279e-07	5.7776e-08	90.031	8.3333
chr11	60191488	60194322	4.6865e-12	74.829489	64	4.1189e-14	3.3392e-17	83.553	8.724
chr11	60261323	60262027	0.00044196	80.714286	29	6.1844e-11	3.149e-09	91.059	10.345
chr11	60269748	60270697	0.0043361	72.768620	26	6.9382e-10	3.0896e-08	88.41	15.641
chr11	60346443	60346825	0.017824	90.158730	21	2.9088e-08	1.27e-07	93.016	2.8571
chr11	60380404	60381493	0.0090063	79.178424	27	3.2051e-10	6.4171e-08	93.376	14.198
chr11	60391521	60392058	0.0034055	87.564935	22	1.5413e-08	2.4264e-08	89.838	2.2727
chr11	60386308	60388249	2.0788e-20	81.430176	96	4.2855e-14	1.4812e-25	84.416	2.9861
chr11	60388300	60389390	0.00018122	71.516291	38	4.001e-10	1.2912e-09	89.455	17.939
chr11	60398358	60399081	0.00033659	93.547009	26	6.1792e-10	2.3982e-09	95.085	1.5385
chr11	60367873	60368158	8.307e-07	89.487734	33	2.9344e-12	5.9189e-12	90.245	0.75758
chr11	60415571	60416254	0.015856	92.392857	20	6.3019e-08	1.1298e-07	94.536	2.1429
chr11	60423385	60424921	0.015698	74.875377	33	1.9237e-10	1.1185e-07	85.33	10.455
chr11	60469319	60469733	0.00042338	83.996032	30	5.2327e-11	3.0166e-09	96.218	12.222
chr11	60547286	60548671	9.3752e-05	76.017116	31	2.1703e-11	6.68e-10	87.638	11.621
chr11	60661737	60662778	0.00051424	89.660895	22	1.344e-08	3.664e-09	91.934	2.2727
chr11	60688104	60689436	5.0617e-12	83.460838	61	4.1189e-14	3.6065e-17	97.286	13.825
chr11	60707826	60709011	0.010559	43.398756	37	1.63e-06	7.5232e-08	81.147	37.748
chr11	60748376	60748787	0.046201	87.777778	23	6.2158e-09	3.2919e-07	95.749	7.971
chr11	60764937	60765696	0.01146	84.442039	18	2.9682e-07	8.1657e-08	87.22	2.7778
chr11	60760904	60762330	0.039665	47.818704	29	8.3244e-09	2.8262e-07	90.52	42.701
chr11	60801608	60803016	2.0752e-06	89.257319	34	1.5136e-12	1.4786e-11	90.728	1.4706
chr11	60835966	60837037	0.0045616	71.851852	27	4.0027e-10	3.2502e-08	90.247	18.395
chr11	60806756	60807337	0.0017477	72.366071	24	1.4246e-08	1.2453e-08	74.797	2.4306
chr11	60847837	60848762	0.00084944	81.898657	26	6.1792e-10	6.0524e-09	89.911	8.0128
chr11	60845125	60845729	0.017753	88.161376	21	2.9088e-08	1.2649e-07	89.749	1.5873
chr11	60868509	60869257	0.038534	80.358947	20	4.2286e-07	2.7456e-07	94.526	14.167
chr11	60865430	60866023	0.021541	71.400821	26	2.7163e-09	1.5348e-07	82.234	10.833
chr11	60873186	60873936	0.006174	79.202381	20	8.5123e-08	4.3991e-08	90.869	11.667
chr11	60890565	60891183	0.00019231	89.481017	29	6.1844e-11	1.3702e-09	93.217	3.7356
chr11	60898010	60899360	0.00062638	67.836310	40	1.4327e-11	4.4631e-09	85.336	17.5
chr11	60900827	60902713	1.9964e-08	78.492063	57	4.452e-14	1.4225e-13	87.849	9.3567
chr11	60906233	60907708	2.6334e-07	68.190077	42	7.6716e-14	1.8763e-12	70.571	2.381
chr11	60922693	60924267	0.00034485	68.941103	38	2.0781e-11	2.4571e-09	80.564	11.623
chr11	60926346	60927234	0.021409	83.869841	25	1.3329e-09	1.5255e-07	87.67	3.8
chr11	60933121	60934470	1.3622e-07	85.919753	45	4.6074e-14	9.7057e-13	92.105	6.1852
chr11	60940809	60942644	6.162e-09	83.897983	48	4.0412e-14	4.3905e-14	87.197	3.2986
chr11	60946759	60948002	0.0013529	89.469697	22	1.344e-08	9.6397e-09	97.197	7.7273
chr11	60950273	60952212	1.3569e-08	76.347553	48	4.6074e-14	9.668e-14	87.285	10.938
chr11	60937050	60938255	2.0555e-06	86.908263	34	1.6506e-12	1.4646e-11	89.359	2.451
chr11	60938255	60939737	1.1544e-06	78.157182	41	6.169e-12	8.225e-12	86.694	8.5366
chr11	60967739	60968883	5.2083e-06	79.564565	37	1.6506e-12	3.711e-11	84.52	4.955
chr11	60954705	60956110	4.7953e-05	79.665705	33	3.5044e-11	3.4167e-10	87.241	7.5758
chr11	60956110	60956858	0.017752	95.192744	21	2.9088e-08	1.2649e-07	98.367	3.1746
chr11	60975329	60977100	4.9206e-07	82.657920	49	4.5186e-14	3.506e-12	89.018	6.3605
chr11	60980311	60980955	0.0021353	83.677721	28	1.331e-10	1.5214e-08	89.63	5.9524
chr11	60981006	60982329	0.00020763	64.839125	37	1.1751e-11	1.4794e-09	69.389	4.5495
chr11	60997718	60999297	3.4218e-14	87.891830	65	4.1855e-14	2.4381e-19	90.328	2.4359
chr11	61001995	61003812	2.4534e-06	70.819111	38	1.0728e-12	1.7481e-11	88.012	17.193
chr11	61012064	61014130	3.8354e-11	78.058036	64	4.3077e-14	2.7328e-16	86.522	8.4635
chr11	61015602	61016579	0.00082875	86.381173	36	3.3606e-13	5.905e-09	91.705	5.3241
chr11	60960445	60962260	2.6347e-27	89.935818	115	4.9849e-14	1.8772e-32	95.008	5.0725
chr11	60910927	60911997	0.00053831	76.659452	22	1.7666e-08	3.8355e-09	84.235	7.5758
chr11	61023025	61024216	0.0096463	76.212121	27	2.2709e-09	6.8731e-08	91.706	15.494
chr11	61017150	61017654	0.0094478	70.687831	24	4.1387e-08	6.7317e-08	79.021	8.3333
chr11	61030818	61032241	2.8176e-09	94.900332	43	4.6629e-14	2.0076e-14	95.676	0.77519
chr11	61033161	61034576	2.7105e-07	84.687500	40	6.0063e-14	1.9312e-12	87.812	3.125
chr11	61019344	61020252	3.4153e-11	88.429705	49	4.5519e-14	2.4334e-16	89.518	1.0884
chr11	61038830	61039903	0.041738	85.735072	21	3.3576e-08	2.9739e-07	92.084	6.3492
chr11	61115901	61117278	1.0972e-06	82.466422	39	7.7494e-14	7.8176e-12	86.526	4.0598
chr11	61126724	61127461	0.045665	68.837482	24	3.6823e-08	3.2537e-07	88.976	20.139
chr11	61101763	61102893	0.00032189	85.580952	25	1.3329e-09	2.2935e-09	88.581	3
chr11	61139902	61140343	0.029881	68.981481	18	4.145e-07	2.1291e-07	93.519	24.537
chr11	61176148	61177719	0.0079498	81.181131	31	1.0824e-10	5.6643e-08	93.923	12.742
chr11	61188870	61190342	1.6794e-06	88.936770	33	3.2101e-12	1.1966e-11	91.462	2.5253
chr11	61204320	61205235	6.8706e-09	79.474638	46	4.6629e-14	4.8954e-14	94.511	15.036
chr11	61228655	61229076	0.021223	78.472222	24	3.1595e-07	1.5121e-07	82.639	4.1667
chr11	61247305	61247844	0.0087349	81.035197	23	8.0739e-09	6.2238e-08	85.383	4.3478
chr11	61241816	61242880	0.00047499	88.617725	30	2.0537e-10	3.3844e-09	93.618	5
chr11	61301530	61302227	0.00089231	71.428571	26	1.0992e-09	6.3578e-09	74.313	2.8846
chr11	61288696	61290964	4.3836e-05	66.839974	49	3.6029e-10	3.1234e-10	94.051	27.211
chr11	61324529	61325612	0.0043372	73.702292	31	1.7185e-10	3.0903e-08	83.111	9.4086
chr11	61356433	61357491	0.0013235	82.518038	22	1.344e-08	9.4298e-09	88.2	5.6818
chr11	61311595	61312020	0.00019082	22.471988	30	7.7661e-11	1.3596e-09	92.77	70.298
chr11	61342993	61343542	0.0019993	76.242690	19	1.3668e-07	1.4246e-08	82.822	6.5789
chr11	61373832	61374478	0.00087435	95.448718	26	6.1792e-10	6.2298e-09	98.013	2.5641
chr11	61425338	61426218	0.02163	55.679853	25	7.2731e-08	1.5412e-07	94.68	39
chr11	61473954	61474862	0.017681	82.356387	21	3.3576e-08	1.2598e-07	84.737	2.381
chr11	61495068	61496894	3.9339e-10	86.169512	53	4.3743e-14	2.803e-15	87.647	1.478
chr11	61521093	61523087	4.482e-06	71.911242	54	4.2633e-14	3.1935e-11	81.448	9.537
chr11	61507529	61509551	1.0616e-12	83.028726	57	4.4298e-14	7.5638e-18	85.134	2.1053
chr11	61378079	61379296	0.0037265	82.303922	34	2.1365e-12	2.6552e-08	93.824	11.52
chr11	61532668	61533681	4.5724e-05	80.628404	31	1.3399e-11	3.2579e-10	88.155	7.5269
chr11	61528005	61531050	1.0189e-12	82.806533	69	3.9302e-14	7.2601e-18	86.913	4.1063
chr11	61535398	61535933	0.038419	93.375000	20	6.3019e-08	2.7374e-07	95.042	1.6667
chr11	61539299	61540623	1.184e-07	90.427579	40	6.0174e-14	8.4364e-13	92.511	2.0833
chr11	61654295	61655183	0.00021736	77.103175	30	1.5374e-10	1.5487e-09	97.214	20.111
chr11	61811532	61811874	0.018177	82.708811	22	1.344e-08	1.2952e-07	95.588	12.879
chr11	61835320	61835910	0.0017407	93.015873	24	2.8772e-09	1.2402e-08	96.488	3.4722
chr11	61842276	61843064	1.208e-09	81.712963	48	4.4964e-14	8.6075e-15	85.532	3.8194
chr11	61849519	61850011	0.0095739	79.673016	25	1.3842e-08	6.8215e-08	83.673	4
chr11	61850812	61851960	6.1478e-05	76.886447	26	6.1792e-10	4.3804e-10	82.015	5.1282
chr11	61890535	61891166	0.00014179	82.757937	26	6.1792e-10	1.0103e-09	85.322	2.5641
chr11	61900721	61901380	0.0020105	82.182540	26	6.9382e-10	1.4325e-08	89.554	7.3718
chr11	61902452	61903084	0.0013779	89.787157	22	1.344e-08	9.8181e-09	93.575	3.7879
chr11	61904966	61906090	0.0020895	60.894274	28	2.9921e-09	1.4888e-08	64.466	3.5714
chr11	61896411	61897491	9.5279e-05	67.659803	37	2.4653e-11	6.7888e-10	83.426	15.766
chr11	61916081	61917170	0.018788	81.949856	22	2.3171e-08	1.3387e-07	86.495	4.5455
chr11	61955685	61957173	1.3104e-06	85.146705	30	3.1796e-11	9.3366e-12	87.924	2.7778
chr11	61992684	61993442	0.00064381	87.271062	26	1.9266e-08	4.5873e-09	96.502	9.2308
chr11	62012383	62013275	0.015895	83.813492	20	7.3268e-08	1.1325e-07	90.48	6.6667
chr11	62009222	62010007	0.030171	72.986357	33	2.9156e-10	2.1497e-07	87.633	14.646
chr11	62020089	62021168	0.00041506	78.775510	28	1.636e-09	2.9574e-09	85.918	7.1429
chr11	62052666	62053702	0.035424	79.972222	30	5.2327e-11	2.524e-07	91.917	11.944
chr11	62066609	62067058	0.00061142	82.905093	24	3.262e-09	4.3564e-09	87.072	4.1667
chr11	61969511	61970443	0.040788	79.886621	21	5.1452e-08	2.9062e-07	90.204	10.317
chr11	62077705	62078699	0.00099055	79.149660	28	8.8617e-10	7.0578e-09	91.65	12.5
chr11	62109830	62111094	5.5655e-07	78.959025	43	6.1395e-14	3.9655e-12	92.331	13.372
chr11	62120287	62120854	0.004105	72.253638	24	2.5871e-08	2.9249e-08	90.587	18.333
chr11	62101104	62102416	2.3168e-05	90.884354	35	3.4577e-12	1.6508e-10	96.599	5.7143
chr11	62167441	62167960	0.015423	88.642857	20	6.3019e-08	1.0989e-07	89.893	1.25
chr11	62231683	62232450	0.038784	82.851190	20	1.1466e-07	2.7634e-07	94.518	11.667
chr11	62323228	62324503	0.0029712	51.572184	21	1.3633e-07	2.117e-08	98.148	46.576
chr11	62326666	62327053	0.01367	65.739348	19	7.4784e-07	9.7398e-08	96.441	30.702
chr11	62369167	62370191	4.7882e-05	56.709656	36	8.1746e-12	3.4117e-10	94.904	38.194
chr11	62395400	62396712	0.0020814	67.643678	29	1.4095e-10	1.483e-08	95.287	27.644
chr11	62408450	62410066	0.00038075	80.392752	31	1.4292e-10	2.7129e-09	87.144	6.7512
chr11	62437489	62438336	0.0032882	77.440148	22	1.5413e-08	2.3429e-08	89.643	12.202
chr11	62456328	62457094	0.0020277	77.948718	26	2.3796e-08	1.4448e-08	83.718	5.7692
chr11	62451949	62453454	9.5132e-05	71.368478	38	1.2399e-12	6.7783e-10	87.465	16.096
chr11	62475167	62476714	1.129e-06	79.360152	41	5.2625e-14	8.0444e-12	91.067	11.707
chr11	62467644	62469153	2.2363e-07	76.537352	39	8.6597e-14	1.5934e-12	79.529	2.9915
chr11	62512885	62513558	0.0019251	72.529394	27	1.7902e-08	1.3717e-08	76.974	4.4444
chr11	62546100	62547021	0.0099748	54.536020	26	4.7307e-09	7.1072e-08	93.959	39.423
chr11	62555097	62555709	9.7556e-05	71.056452	33	5.3955e-11	6.951e-10	83.43	12.374
chr11	62555709	62555993	2.5768e-08	96.166667	40	5.7065e-14	1.836e-13	98.25	2.0833
chr11	62560417	62560723	3.9564e-05	68.214286	29	9.3535e-11	2.819e-10	83.075	14.86
chr11	62569365	62570019	0.0062914	83.339591	20	6.3019e-08	4.4827e-08	89.923	6.5833
chr11	62570364	62571979	4.2331e-06	80.105820	33	4.5992e-12	3.0161e-11	90.712	10.606
chr11	62575484	62577018	2.6046e-07	80.582656	44	4.6962e-14	1.8558e-12	84.371	3.7879
chr11	62585641	62586200	0.0039088	83.807870	24	2.8772e-09	2.7851e-08	85.197	1.3889
chr11	62587224	62588415	0.0019967	69.503968	28	3.1235e-10	1.4227e-08	87.004	17.5
chr11	62600896	62602253	1.1436e-06	87.094017	39	9.0827e-13	8.1482e-12	90.94	3.8462
chr11	62598354	62599629	7.924e-06	71.372617	47	4.3077e-14	5.6459e-11	80.663	9.2908
chr11	62599702	62600230	0.01146	85.582011	18	2.9682e-07	8.1657e-08	86.971	1.3889
chr11	62604113	62605349	6.0831e-08	88.489229	42	4.7184e-14	4.3343e-13	93.211	4.7222
chr11	62608521	62609320	0.0090091	77.807389	24	4.7421e-09	6.4191e-08	82.669	4.8611
chr11	62613755	62615033	0.00086086	86.966089	27	2.2709e-09	6.1337e-09	90.67	3.7037
chr11	62631801	62632998	5.2902e-06	77.053317	39	1.0392e-13	3.7694e-11	87.523	10.47
chr11	62635312	62636419	1.9821e-07	72.420635	52	4.4853e-14	1.4123e-12	80.914	8.4936
chr11	62643321	62644904	1.8731e-07	80.075494	41	5.6732e-14	1.3346e-12	84.954	4.878
chr11	62642114	62642543	0.00033807	73.633450	26	6.1792e-10	2.4088e-09	74.916	1.2821
chr11	62671308	62671927	0.0044494	59.000000	30	8.4876e-10	3.1703e-08	91.556	32.556
chr11	62684651	62685454	3.9452e-07	85.031513	34	1.1827e-11	2.811e-12	88.708	3.6765
chr11	62678701	62679637	4.5066e-06	70.116805	37	2.29e-10	3.211e-11	79.576	9.4595
chr11	62696094	62697541	0.0097607	67.617976	29	8.3244e-09	6.9547e-08	88.308	20.69
chr11	62712408	62713816	8.5696e-07	83.972789	35	7.2609e-13	6.106e-12	85.401	1.4286
chr11	62709112	62710498	3.0066e-08	85.618687	44	4.8961e-14	2.1423e-13	92.437	6.8182
chr11	62430440	62432074	5.0272e-05	69.859413	34	2.7391e-11	3.582e-10	80.084	10.224
chr11	62741156	62742033	0.042507	87.013889	24	2.8772e-09	3.0287e-07	92.917	5.9028
chr11	62746191	62747102	0.01757	71.275510	28	1.7297e-08	1.2519e-07	83.18	11.905
chr11	62757287	62758502	1.155e-06	81.495726	39	7.9126e-13	8.2297e-12	83.632	2.1368
chr11	62767418	62768898	7.0127e-11	80.565476	48	4.4409e-14	4.9966e-16	90.6	10.035
chr11	62812610	62813818	4.3226e-06	63.228906	38	6.3868e-11	3.0799e-11	69.808	6.5789
chr11	62847817	62848458	0.038849	76.428571	20	4.8712e-07	2.7681e-07	88.393	11.964
chr11	62851829	62853700	0.018131	71.054788	31	1.303e-10	1.2918e-07	84.496	13.441
chr11	62873587	62875446	1.0703e-05	76.132228	41	5.2991e-13	7.6264e-11	87.311	11.179
chr11	62875958	62877098	0.038602	78.007937	20	5.6075e-07	2.7504e-07	83.008	5
chr11	62889450	62890851	0.0043029	89.690476	25	1.5036e-09	3.0659e-08	91.69	2
chr11	62900377	62901304	0.0082147	80.236128	22	1.5413e-08	5.8531e-08	81.751	1.5152
chr11	62916060	62917123	0.00018128	82.006674	28	1.331e-10	1.2917e-09	88.257	6.25
chr11	62941304	62942397	0.00042007	91.568878	28	5.8577e-10	2.9931e-09	93.355	1.7857
chr11	62930775	62931485	0.0041042	82.576190	25	8.7702e-09	2.9243e-08	91.243	8.6667
chr11	62956358	62957564	0.021053	85.846561	24	2.0403e-08	1.5001e-07	93.485	7.6389
chr11	62960773	62961957	8.6291e-12	78.937075	56	4.6518e-14	6.1483e-17	84.592	5.6548
chr11	62968108	62968891	0.024735	82.306256	17	6.4547e-07	1.7624e-07	92.11	9.8039
chr11	62972583	62974028	0.0010263	82.613927	31	2.8931e-11	7.3126e-09	91.216	8.6022
chr11	62978124	62978578	0.00090974	84.226831	31	1.4757e-11	6.482e-09	88.797	4.5699
chr11	63052432	63053597	0.015351	69.736666	20	1.3292e-07	1.0938e-07	83.403	13.667
chr11	63034092	63034857	0.0021756	89.981576	28	1.331e-10	1.5501e-08	92.958	2.9762
chr11	63106395	63108532	0.018807	64.628047	38	1.3612e-10	1.34e-07	79.979	15.351
chr11	63132181	63132928	0.0089125	74.821429	28	7.9935e-10	6.3503e-08	84.643	9.8214
chr11	63137492	63138924	0.046779	82.986111	24	3.6968e-09	3.333e-07	85.069	2.0833
chr11	63166515	63168180	1.0592e-05	85.639456	35	7.2609e-13	7.5467e-11	89.782	4.1429
chr11	63168180	63169533	0.0096681	77.010073	26	5.8926e-09	6.8887e-08	85.984	8.9744
chr11	63173441	63174158	4.6019e-06	85.973389	34	1.958e-12	3.2789e-11	89.65	3.6765
chr11	63177953	63179332	0.00088608	81.424851	32	6.5546e-10	6.3134e-09	84.55	3.125
chr11	63220424	63221444	2.5323e-05	92.206682	26	6.1792e-10	1.8043e-10	94.13	1.9231
chr11	63222575	63223386	0.0072917	87.732426	21	2.9088e-08	5.1955e-08	94.082	6.3492
chr11	63232160	63234066	0.00097861	84.876984	30	1.0218e-09	6.9727e-09	95.71	10.833
chr11	63245727	63247248	0.00010153	72.453704	36	1.7774e-11	7.234e-10	91.898	19.444
chr11	63239592	63241818	2.1608e-08	79.699321	57	3.9857e-14	1.5396e-13	85.986	6.2865
chr11	63268216	63268782	0.02041	68.478261	23	4.779e-08	1.4542e-07	85.87	17.391
chr11	63275196	63276819	0.001516	81.909781	23	6.2158e-09	1.0802e-08	84.084	2.1739
chr11	63291809	63292330	0.0030926	87.655350	22	1.344e-08	2.2036e-08	89.928	2.2727
chr11	63324186	63325319	0.001332	94.696970	22	1.344e-08	9.4908e-09	98.485	3.7879
chr11	63301172	63301948	0.0034092	78.517316	22	1.344e-08	2.4291e-08	97.835	19.318
chr11	63325630	63327238	8.5156e-06	84.053819	32	9.0818e-12	6.0675e-11	91.085	7.0312
chr11	63335666	63336522	0.021095	75.813492	24	2.9113e-08	1.503e-07	87.966	12.153
chr11	63332111	63334095	6.0768e-08	87.707641	43	4.674e-14	4.3298e-13	91.661	3.9535
chr11	63334123	63335323	0.00010598	74.317227	34	2.5061e-09	7.551e-10	87.651	13.333
chr11	63350624	63351407	0.00040826	82.015306	28	2.2728e-10	2.9089e-09	91.48	9.4643
chr11	63353919	63354777	2.254e-06	72.342193	43	4.0912e-13	1.606e-11	82.807	10.465
chr11	63372552	63373386	7.8617e-05	83.352490	29	5.2072e-10	5.6016e-10	87.95	4.5977
chr11	63408881	63410225	2.3586e-06	85.982118	37	4.1001e-12	1.6806e-11	93.64	7.6577
chr11	63414243	63415400	0.00038868	80.503447	27	3.2051e-10	2.7694e-09	89.516	9.0123
chr11	63417799	63419798	9.1249e-07	90.086368	34	1.5136e-12	6.5016e-12	93.763	3.6765
chr11	63462107	63462933	0.036705	86.738095	20	6.3019e-08	2.6153e-07	94.655	7.9167
chr11	63475046	63476691	2.0712e-05	82.444196	32	2.7771e-10	1.4758e-10	94.528	12.083
chr11	63548106	63548916	1.0238e-05	86.158009	33	2.2676e-11	7.295e-11	92.219	6.0606
chr11	63548948	63549815	2.0355e-07	79.103725	38	5.6399e-13	1.4503e-12	91.384	12.281
chr11	63569125	63569435	0.01146	87.019400	18	2.9682e-07	8.1657e-08	88.871	1.8519
chr11	63578233	63580607	2.0634e-07	81.581960	52	4.2188e-14	1.4702e-12	90.877	9.2949
chr11	63596958	63597752	0.0081175	90.183983	22	1.344e-08	5.7839e-08	92.457	2.2727
chr11	63607307	63610148	4.2847e-11	78.064755	60	4.5186e-14	3.0529e-16	89.176	11.111
chr11	63626732	63628012	9.9772e-07	78.068417	46	6.0618e-14	7.1089e-12	90.025	11.957
chr11	63633122	63634480	0.0044831	86.135531	26	6.1792e-10	3.1943e-08	92.546	6.4103
chr11	63648910	63649986	0.00043807	84.574830	28	6.499e-10	3.1213e-09	86.361	1.7857
chr11	63641107	63644012	1.942e-06	73.625992	48	5.8065e-14	1.3837e-11	89.251	15.625
chr11	63673251	63673685	0.017069	76.524943	21	3.8734e-08	1.2162e-07	90.811	14.286
chr11	63668282	63669189	0.019591	74.537338	28	4.2824e-10	1.3959e-07	83.049	8.5119
chr11	63683438	63684545	9.7608e-05	89.857143	30	2.8764e-11	6.9547e-10	93.19	3.3333
chr11	63702727	63704380	8.4896e-11	82.603996	58	4.019e-14	6.0489e-16	92.087	9.4828
chr11	63718460	63719501	0.0098809	84.931319	26	6.9382e-10	7.0403e-08	93.906	8.9744
chr11	63753867	63755011	0.003904	85.540883	24	1.4246e-08	2.7817e-08	87.624	2.0833
chr11	63751397	63752396	5.0209e-06	88.538012	38	1.0758e-13	3.5774e-11	95.205	6.6667
chr11	63770493	63771005	0.04616	92.101449	23	6.2158e-09	3.289e-07	96.087	3.9855
chr11	63766900	63769297	1.2129e-08	76.674018	53	4.5741e-14	8.6418e-14	90.641	13.967
chr11	63773728	63775070	0.00015546	88.475275	26	6.1792e-10	1.1077e-09	91.36	2.8846
chr11	63786764	63787751	9.9551e-05	80.083205	31	6.1117e-10	7.0932e-10	87.072	6.9892
chr11	63791699	63792464	7.3118e-05	83.854875	28	1.4821e-10	5.2098e-10	86.831	2.9762
chr11	63801082	63802088	0.00040489	83.592005	27	3.1184e-09	2.8849e-09	87.296	3.7037
chr11	63780794	63781421	6.7417e-05	92.467949	26	6.1792e-10	4.8035e-10	93.75	1.2821
chr11	63825621	63826945	4.276e-05	84.800307	31	5.1104e-10	3.0467e-10	91.252	6.4516
chr11	63833881	63835070	0.00047538	78.795094	33	3.5044e-11	3.3872e-09	92.684	13.889
chr11	63839183	63840469	2.067e-05	75.382937	40	8.2157e-14	1.4728e-10	92.258	16.875
chr11	63927251	63927988	0.036843	72.319444	20	6.3019e-08	2.6252e-07	94.819	22.5
chr11	63940980	63941695	0.00022702	91.098710	32	6.2559e-12	1.6175e-09	97.297	6.1979
chr11	63949088	63950952	2.4128e-06	89.083333	40	5.3879e-13	1.7191e-11	95.333	6.25
chr11	63990943	63991632	0.00080168	86.879365	25	1.3329e-09	5.7121e-09	88.879	2
chr11	64018288	64019334	0.00087144	80.969388	35	6.1422e-12	6.2091e-09	89.065	8.0952
chr11	64009279	64011881	9.1693e-11	83.464646	55	4.3521e-14	6.5333e-16	89.828	6.3636
chr11	64011883	64014605	4.2718e-08	76.461876	56	3.9635e-14	3.0437e-13	89.259	12.798
chr11	64023244	64023900	0.024738	87.503053	17	6.4547e-07	1.7627e-07	90.444	2.9412
chr11	64001462	64002929	3.9845e-15	89.401058	75	4.3521e-14	2.839e-20	92.29	2.8889
chr11	64036651	64039323	2.7546e-23	84.647357	97	4.7518e-14	1.9627e-28	86.709	2.0619
chr11	64043944	64045288	2.583e-07	84.779541	45	4.6074e-14	1.8404e-12	91.817	7.037
chr11	64062541	64064902	1.8821e-05	74.239766	38	4.2048e-11	1.341e-10	85.643	11.404
chr11	64078464	64079689	0.0045419	76.694139	26	4.2366e-09	3.2362e-08	92.399	15.705
chr11	64120235	64121630	1.1207e-06	80.176670	37	1.6506e-12	7.9851e-12	87.77	7.5933
chr11	64130948	64133521	3.3514e-09	80.288066	54	4.1078e-14	2.3879e-14	91.399	11.111
chr11	64134641	64135729	0.00021964	86.233766	33	2.9344e-12	1.5649e-09	89.769	3.5354
chr11	64160373	64160905	0.029881	87.092152	18	1.7755e-06	2.1291e-07	92.648	5.5556
chr11	64161266	64163149	1.6977e-10	86.411565	49	4.13e-14	1.2097e-15	92.84	6.4286
chr11	64167779	64169852	2.801e-11	88.134127	50	4.6296e-14	1.9958e-16	94.134	6
chr11	64175580	64177112	2.3229e-05	87.072310	36	3.596e-13	1.6551e-10	91.702	4.6296
chr11	64189038	64189978	0.0021425	70.681097	30	4.3733e-09	1.5266e-08	82.348	11.667
chr11	64206095	64207551	1.4374e-08	87.601010	44	4.4409e-14	1.0242e-13	89.874	2.2727
chr11	64229411	64230185	0.038394	81.232143	20	9.8827e-08	2.7356e-07	90.899	9.6667
chr11	64227305	64228010	0.029881	83.822751	18	2.9682e-07	2.1291e-07	89.378	5.5556
chr11	64349884	64351337	1.4067e-08	82.391586	44	7.7938e-14	1.0023e-13	87.316	4.9242
chr11	64382484	64383324	0.045875	80.231194	23	3.6595e-07	3.2686e-07	88.927	8.6957
chr11	64379061	64380812	6.7737e-10	82.390372	54	4.1855e-14	4.8264e-15	92.267	9.8765
chr11	64431008	64431838	0.034684	79.899749	19	1.3668e-07	2.4713e-07	84.286	4.386
chr11	64433290	64434931	1.4248e-08	86.402116	45	5.5844e-14	1.0152e-13	90.847	4.4444
chr11	64438815	64440316	0.00038575	89.835165	26	6.9382e-10	2.7485e-09	95.604	5.7692
chr11	64532951	64534026	3.8864e-05	70.664099	34	6.8479e-10	2.7691e-10	85.37	14.706
chr11	64554001	64554702	0.037962	92.250000	20	6.3019e-08	2.7048e-07	94.5	2.25
chr11	64555058	64555980	4.8916e-05	86.087061	33	3.2101e-12	3.4853e-10	87.602	1.5152
chr11	64564922	64566195	7.5681e-05	85.347222	28	1.331e-10	5.3924e-10	89.514	4.1667
chr11	64599671	64600356	0.0019808	80.418193	26	4.2366e-09	1.4113e-08	94.521	14.103
chr11	64610048	64611582	2.419e-06	80.054945	39	1.9063e-13	1.7236e-11	80.91	0.8547
chr11	64623893	64625049	7.4332e-05	92.289863	28	1.331e-10	5.2963e-10	93.48	1.1905
chr11	64614471	64614769	0.0069918	88.682746	21	2.9088e-08	4.9818e-08	91.064	2.381
chr11	64639211	64640545	0.0072139	72.817460	21	2.9088e-08	5.14e-08	86.706	13.889
chr11	64654672	64655648	0.0037891	78.368056	24	2.8772e-09	2.6998e-08	82.882	4.5139
chr11	64674254	64675506	0.00083454	68.988095	36	2.387e-09	5.9462e-09	83.155	14.167
chr11	64691747	64692313	9.4163e-06	90.386905	32	6.2559e-12	6.7092e-11	91.949	1.5625
chr11	64683796	64684136	0.0089294	58.312931	23	1.3546e-08	6.3623e-08	89.539	31.226
chr11	64702461	64703839	1.1842e-13	83.419739	62	4.019e-14	8.4374e-19	84.764	1.3441
chr11	64790215	64790764	0.0020935	87.839506	27	2.8668e-10	1.4916e-08	90.309	2.4691
chr11	64790764	64792733	0.00034328	60.959980	47	1.703e-10	2.4459e-09	84.4	23.44
chr11	64824831	64826211	0.008313	78.631815	23	6.2158e-09	5.9231e-08	88.414	9.7826
chr11	64845322	64845900	1.0524e-06	89.122807	38	4.2566e-13	7.4982e-12	94.386	5.2632
chr11	64845932	64846451	0.00021159	65.782313	35	4.7579e-09	1.5076e-09	68.639	2.8571
chr11	64867937	64868818	0.0079224	88.221501	22	1.344e-08	5.6449e-08	93.146	4.9242
chr11	65066287	65067191	0.0021372	82.601852	30	3.8831e-11	1.5228e-08	85.38	2.7778
chr11	65095772	65096530	0.020987	81.755952	24	1.6065e-08	1.4954e-07	95.298	13.542
chr11	65099756	65100613	0.046041	76.698718	26	2.6432e-08	3.2805e-07	87.596	10.897
chr11	65097017	65098175	3.3312e-06	91.827957	31	6.1768e-11	2.3736e-11	98.925	7.0968
chr11	65114391	65114920	0.0019101	83.850794	25	1.3329e-09	1.361e-08	93.584	9.7333
chr11	65126613	65128152	0.0021334	76.720430	31	6.6818e-10	1.5201e-08	92.419	15.699
chr11	65150054	65150966	0.0092131	85.588235	17	6.4547e-07	6.5645e-08	90.49	4.902
chr11	65157525	65157914	0.0046859	64.277211	28	1.636e-09	3.3388e-08	86.241	21.964
chr11	65170040	65171011	2.3312e-07	73.437761	38	7.4729e-13	1.661e-12	88.789	15.351
chr11	65199311	65200432	0.0071262	77.437642	21	1.791e-07	5.0775e-08	92.517	15.079
chr11	65202194	65203293	0.0081221	77.826479	22	1.2824e-07	5.7871e-08	87.675	9.8485
chr11	65210354	65211869	2.3556e-08	65.968443	42	2.2438e-13	1.6784e-13	92.953	26.984
chr11	65233271	65234083	0.0093954	77.316468	24	2.8772e-09	6.6944e-08	90.997	13.681
chr11	65234251	65235194	0.004042	88.055556	24	1.8108e-08	2.88e-08	93.611	5.5556
chr11	65250706	65252117	1.7894e-08	87.534320	37	1.7819e-13	1.275e-13	92.264	4.7297
chr11	65278730	65279849	3.9376e-05	76.758347	29	4.7158e-10	2.8056e-10	89.689	12.931
chr11	65295372	65296314	0.0089093	76.183575	23	6.9124e-08	6.348e-08	84.155	7.971
chr11	65305017	65306382	1.4353e-08	77.358792	35	6.7091e-13	1.0227e-13	86.883	9.5238
chr11	65336879	65337589	0.046587	67.757143	25	4.7775e-07	3.3194e-07	92.424	24.667
chr11	65366290	65367097	5.004e-06	86.195887	36	3.8969e-13	3.5654e-11	94.066	7.8704
chr11	65427564	65428397	6.0026e-08	86.265970	41	5.4512e-14	4.2769e-13	89.925	3.6585
chr11	65685047	65686202	2.0377e-05	80.046083	31	1.1877e-10	1.4519e-10	84.347	4.3011
chr11	65691435	65692937	0.0046128	75.254262	27	5.574e-10	3.2867e-08	80.193	4.9383
chr11	66162463	66163742	0.0002066	86.315018	30	3.8831e-11	1.4721e-09	89.648	3.3333
chr11	66182251	66183640	0.034616	86.159148	19	1.3668e-07	2.4664e-07	90.545	4.386
chr11	66264619	66265564	0.0024946	83.834957	20	6.3019e-08	1.7775e-08	86.752	2.9167
chr11	66294402	66296130	0.019348	74.854025	28	1.335e-09	1.3785e-07	90.628	15.774
chr11	66388753	66390065	0.00045822	74.866871	31	1.5674e-10	3.2649e-09	87.878	13.011
chr11	66425499	66426790	0.0021466	79.750958	29	4.2698e-10	1.5295e-08	95.268	15.517
chr11	66441645	66442494	0.019311	78.482143	16	1.4058e-06	1.3759e-07	91.503	13.021
chr11	66495395	66497133	2.3419e-05	77.201337	38	4.2749e-12	1.6686e-10	84.438	7.2368
chr11	66546803	66547816	0.034626	73.634085	19	1.5667e-06	2.4672e-07	81.529	7.8947
chr11	66650700	66651671	0.04399	77.269120	22	1.2824e-07	3.1344e-07	84.996	7.7273
chr11	66704683	66705647	0.021069	77.891865	24	2.0346e-07	1.5012e-07	88.309	10.417
chr11	66724381	66725460	0.0084663	79.832643	23	2.2945e-07	6.0323e-08	85.63	5.7971
chr11	66748710	66749765	0.00043488	82.874150	28	6.499e-10	3.0986e-09	85.553	2.6786
chr11	66797217	66797702	0.0096568	67.728571	25	1.1026e-08	6.8806e-08	83.729	16
chr11	66798352	66800675	5.7653e-13	76.702906	62	4.4964e-14	4.1079e-18	90.835	14.132
chr11	66820980	66822014	0.00065132	87.241201	23	6.2158e-09	4.6407e-09	89.415	2.1739
chr11	66805349	66806290	0.00070722	83.402778	24	3.262e-09	5.0391e-09	84.792	1.3889
chr11	66852152	66853047	0.0021125	86.269841	27	2.8668e-10	1.5052e-08	90.899	4.6296
chr11	66879980	66880963	6.379e-06	80.235329	30	2.0537e-10	4.5452e-11	95.235	15
chr11	66876972	66879313	4.3454e-05	70.107636	49	3.0231e-13	3.0961e-10	86.128	16.02
chr11	66904223	66904681	5.7765e-05	91.666667	25	1.3329e-09	4.1159e-10	93.667	2
chr11	66907001	66908193	5.2447e-06	81.504429	36	3.728e-12	3.7369e-11	87.06	5.5556
chr11	66912225	66913963	1.3635e-14	84.128904	62	4.5075e-14	9.7149e-20	84.935	0.80645
chr11	66922069	66922994	0.0019529	78.415751	26	9.8027e-10	1.3915e-08	82.582	4.1667
chr11	66958294	66959208	0.0070225	64.160998	21	9.0121e-08	5.0037e-08	84.796	20.635
chr11	66963394	66964096	2.7449e-07	73.965608	45	4.6962e-14	1.9558e-12	81.929	7.963
chr11	66979876	66980467	0.020711	64.880952	28	2.7739e-08	1.4757e-07	76.786	11.905
chr11	66965290	66967225	3.9744e-10	81.128332	53	4.0301e-14	2.8318e-15	82.543	1.4151
chr11	67018067	67019349	0.045612	73.011294	26	1.7327e-08	3.2499e-07	76.857	3.8462
chr11	67004150	67004897	4.2156e-05	83.662698	30	2.8764e-11	3.0036e-10	84.774	1.1111
chr11	67031829	67033312	0.019801	82.223591	29	4.7158e-10	1.4109e-07	88.258	6.0345
chr11	67035175	67036408	0.0087662	84.015055	23	4.779e-08	6.246e-08	90.682	6.6667
chr11	67028929	67031253	1.4213e-13	83.972594	64	4.1633e-14	1.0127e-18	90.926	6.9531
chr11	67037567	67039090	9.5381e-10	88.614719	44	4.5852e-14	6.796e-15	90.887	2.2727
chr11	67042657	67043577	9.7317e-09	86.997565	40	5.7065e-14	6.9339e-14	90.123	3.125
chr11	67048935	67050407	0.0021269	89.666667	30	2.8764e-11	1.5155e-08	94.111	4.4444
chr11	67050821	67052172	0.00046879	74.323954	30	3.3133e-10	3.3402e-09	87.88	13.556
chr11	67063992	67064447	9.5774e-06	92.987351	32	6.2559e-12	6.824e-11	96.633	3.6458
chr11	67069234	67069837	2.2109e-05	73.299916	38	9.2604e-13	1.5753e-10	79.221	5.9211
chr11	67081950	67082493	0.0019251	82.066138	30	2.4883e-10	1.3717e-08	90.955	8.8889
chr11	67084266	67084664	1.7873e-05	90.844854	31	1.3399e-11	1.2735e-10	92.995	2.1505
chr11	67079221	67081579	4.7603e-27	87.380624	121	4.7851e-14	3.3918e-32	91.1	3.719
chr11	67105482	67105994	0.00044656	74.222222	30	1.8652e-10	3.1818e-09	93.667	19.444
chr11	66989511	66990267	6.4712e-08	82.738095	37	1.7819e-13	4.6108e-13	90.891	8.1532
chr11	67164190	67165723	1.0909e-05	84.862155	38	1.9155e-12	7.7731e-11	90.125	5.2632
chr11	67166058	67167157	0.037744	59.650716	28	1.902e-08	2.6893e-07	76.615	16.964
chr11	67157142	67157973	0.00047881	79.464926	31	1.2407e-09	3.4116e-09	85.917	6.4516
chr11	67171024	67172112	2.3444e-06	85.734127	36	3.596e-13	1.6704e-11	89.901	4.1667
chr11	67143531	67144327	1.2729e-08	71.383648	53	4.2744e-14	9.0695e-14	77.044	5.6604
chr11	67195171	67195619	0.015983	82.222222	21	3.3576e-08	1.1388e-07	84.603	2.381
chr11	67185990	67186902	0.020408	74.265873	24	2.0346e-07	1.4541e-07	88.849	14.583
chr11	67205139	67206374	2.4286e-06	85.226266	43	5.3291e-14	1.7304e-11	87.552	2.3256
chr11	67218622	67220094	4.8844e-08	85.797619	50	4.6185e-14	3.4802e-13	96.131	10.333
chr11	67212714	67214577	5.1305e-07	76.753472	48	4.3299e-14	3.6556e-12	88.906	12.153
chr11	67246188	67247064	4.7496e-07	81.923658	42	2.0017e-13	3.3841e-12	86.686	4.7619
chr11	67250579	67251785	2.5359e-06	75.006944	40	3.3632e-11	1.8069e-11	86.674	11.667
chr11	67248067	67249094	0.00095553	83.474799	28	1.4821e-10	6.8083e-09	90.141	6.6667
chr11	67249094	67250264	3.6349e-05	63.759690	43	7.252e-12	2.5899e-10	74.031	10.271
chr11	67261712	67262363	0.0092553	84.632937	24	3.6968e-09	6.5945e-08	88.8	4.1667
chr11	67257785	67258805	6.6009e-09	92.397343	46	4.6518e-14	4.7033e-14	93.847	1.4493
chr11	67297257	67298426	0.00072934	85.089286	24	3.6968e-09	5.1967e-09	87.173	2.0833
chr11	67304782	67306151	2.3596e-05	81.141620	35	7.2319e-12	1.6813e-10	89.237	8.0952
chr11	67314465	67314789	0.038816	91.333333	20	6.3019e-08	2.7657e-07	93.833	2.5
chr11	67348095	67348966	0.0041044	83.680556	24	4.1878e-09	2.9245e-08	89.931	6.25
chr11	67351965	67353922	5.8033e-08	80.371429	50	4.4409e-14	4.135e-13	91.205	10.833
chr11	67332931	67335137	5.5802e-08	84.639745	51	4.6407e-14	3.976e-13	90.685	6.0458
chr11	67354879	67356068	2.2701e-05	81.174196	39	9.3703e-14	1.6174e-10	87.157	5.9829
chr11	67356068	67357485	0.0007382	71.993779	37	1.9898e-10	5.2598e-09	93.796	21.802
chr11	67376343	67377444	6.6546e-05	78.644689	26	7.7879e-10	4.7415e-10	89.222	10.577
chr11	67371283	67372731	0.00043307	88.715986	28	1.331e-10	3.0857e-09	94.073	5.3571
chr11	67379717	67380109	0.046298	87.673611	24	3.262e-09	3.2988e-07	93.924	6.25
chr11	67392163	67393404	0.0090706	76.925991	26	9.107e-09	6.4629e-08	87.823	10.897
chr11	67393849	67395174	0.0018461	77.179487	26	1.2323e-09	1.3154e-08	83.526	6.3462
chr11	67344552	67345312	0.0063643	79.240079	20	6.3019e-08	4.5347e-08	81.74	2.5
chr11	67406814	67408514	9.9558e-06	86.616162	33	3.8404e-12	7.0936e-11	92.677	6.0606
chr11	67416137	67417118	4.9424e-05	83.725490	34	5.3109e-11	3.5215e-10	94.02	10.294
chr11	67425838	67426374	0.015777	85.595238	20	6.3019e-08	1.1241e-07	89.762	4.1667
chr11	67423704	67424369	0.019795	87.906746	24	3.262e-09	1.4104e-07	91.032	3.125
chr11	67454836	67455721	0.017758	84.880781	21	2.9088e-08	1.2653e-07	86.468	1.5873
chr11	67459672	67460723	0.0034162	86.204906	22	1.7666e-08	2.4341e-08	88.478	2.2727
chr11	67458061	67459035	0.046901	80.729167	24	9.2696e-08	3.3418e-07	86.979	6.25
chr11	67467844	67468845	0.0043567	76.868254	25	9.8355e-09	3.1042e-08	92.535	15.667
chr11	67487503	67488475	5.0325e-06	91.871693	36	3.3606e-13	3.5857e-11	92.566	0.69444
chr11	67491050	67492068	3.7092e-05	89.990421	29	2.8629e-10	2.6429e-10	93.439	3.4483
chr11	67503109	67504475	1.0154e-05	76.070155	34	5.7654e-11	7.2346e-11	84.894	8.8235
chr11	67507227	67507709	0.044497	88.257576	22	6.7124e-08	3.1705e-07	98.106	9.8485
chr11	67512563	67513552	3.9384e-07	94.081254	34	1.389e-12	2.8062e-12	95.062	0.98039
chr11	67538228	67538613	0.029881	84.623016	18	3.5093e-07	2.1291e-07	87.401	2.7778
chr11	67544027	67545012	0.004226	78.203125	32	8.1036e-11	3.0111e-08	89.141	10.937
chr11	67563563	67564047	2.1441e-05	81.435786	33	2.6997e-11	1.5277e-10	84.466	3.0303
chr11	67576376	67577559	2.2037e-05	93.700000	25	1.3329e-09	1.5702e-10	95.033	1.3333
chr11	67600086	67601062	0.0094706	76.429815	29	3.9526e-09	6.748e-08	83.901	7.4713
chr11	67611851	67613425	4.8602e-06	85.784314	34	1.5136e-12	3.463e-11	89.951	4.1667
chr11	67640898	67641630	0.038268	71.986111	20	1.1466e-07	2.7267e-07	83.653	11.667
chr11	67665573	67666309	0.046764	74.414286	25	1.1026e-08	3.332e-07	88.014	13.6
chr11	67705245	67705902	0.0013239	91.542208	22	1.344e-08	9.4326e-09	93.057	1.5152
chr11	67689264	67690271	0.00041562	69.526615	27	6.9408e-10	2.9614e-09	85.576	16.049
chr11	67717293	67718725	0.03459	83.153718	19	1.1684e-06	2.4646e-07	91.048	7.8947
chr11	67724991	67725712	0.008924	67.779503	23	2.5593e-08	6.3585e-08	92.78	25
chr11	67720730	67722019	0.0046266	79.528061	28	2.5275e-10	3.2965e-08	89.052	9.5238
chr11	67737174	67738304	0.020744	85.782077	24	3.262e-09	1.4781e-07	87.865	2.0833
chr11	67741886	67743141	0.0002083	86.720430	31	1.3399e-11	1.4841e-09	87.796	1.0753
chr11	67746958	67747343	6.9624e-05	91.296296	27	2.8668e-10	4.9608e-10	97.407	6.1111
chr11	67855509	67855938	0.0099666	81.604938	27	4.0027e-10	7.1013e-08	85.309	3.7037
chr11	68018206	68019239	0.0040766	88.150794	25	1.3329e-09	2.9046e-08	96.151	8
chr11	68122142	68124644	3.53e-14	85.389924	69	4.13e-14	2.5152e-19	91.718	6.3285
chr11	68124644	68126212	0.0002035	81.435786	33	2.9455e-11	1.45e-09	91.638	10.202
chr11	68149278	68150914	0.0004014	86.332924	37	4.4235e-12	2.86e-09	92.864	6.5315
chr11	68146540	68148067	0.00017892	74.708995	36	1.8366e-10	1.2749e-09	87.209	12.5
chr11	68163055	68163795	0.0018976	88.995238	25	1.3329e-09	1.3521e-08	92.329	3.3333
chr11	68130955	68132604	7.6218e-11	93.036119	49	4.5297e-14	5.4307e-16	95.077	2.0408
chr11	68166194	68167206	0.0008081	87.617460	25	1.3329e-09	5.7578e-09	90.617	3
chr11	68175148	68176617	5.2507e-07	83.317246	37	6.6847e-13	3.7412e-12	84.759	1.4414
chr11	68169383	68171136	1.2325e-06	79.731901	41	5.2991e-13	8.7819e-12	85.911	6.1789
chr11	68179259	68181042	0.0020255	86.520381	26	4.7307e-09	1.4432e-08	93.251	6.7308
chr11	68176929	68178830	2.3042e-10	84.193948	48	4.1633e-14	1.6418e-15	86.277	2.0833
chr11	68181350	68181905	0.038847	84.704365	20	4.8712e-07	2.7679e-07	92.204	7.5
chr11	68183892	68184739	0.0010151	82.436508	30	1.774e-09	7.2325e-09	90.77	8.3333
chr11	68189622	68190269	0.00013586	85.946032	25	1.3329e-09	9.6806e-10	88.279	2.3333
chr11	68208602	68210755	6.0481e-09	87.095960	44	4.7296e-14	4.3094e-14	93.535	6.4394
chr11	68203993	68204429	0.029881	77.962963	18	2.4272e-06	2.1291e-07	83.519	5.5556
chr11	68205027	68207452	4.8579e-12	80.396347	65	4.7518e-14	3.4613e-17	90.114	9.7179
chr11	68233543	68236585	8.2046e-15	84.940772	67	4.0079e-14	5.8459e-20	88.175	3.2338
chr11	68212895	68215294	1.6482e-14	86.899878	65	4.4742e-14	1.1743e-19	92.464	5.5641
chr11	68241472	68242648	0.00014226	90.856227	26	6.1792e-10	1.0136e-09	92.779	1.9231
chr11	68250948	68251691	0.0010048	76.986864	29	5.2072e-10	7.1596e-09	87.332	10.345
chr11	68246253	68247351	0.0091688	80.962843	30	2.8764e-11	6.5329e-08	87.574	6.6111
chr11	68258192	68260199	2.6412e-07	88.943140	44	4.9738e-14	1.8819e-12	95.193	6.25
chr11	68224205	68225563	0.00040556	80.878895	27	2.0419e-09	2.8897e-09	90.755	9.8765
chr11	68263105	68264074	0.0087872	87.977916	23	6.2158e-09	6.261e-08	89.427	1.4493
chr11	68300537	68301757	5.4183e-07	78.408228	46	4.7407e-14	3.8606e-12	88.01	9.6014
chr11	68318310	68319551	0.00020107	82.081890	30	3.5142e-11	1.4327e-09	86.082	4
chr11	68316884	68317996	0.0094608	72.192460	24	3.262e-09	6.7409e-08	78.442	6.25
chr11	68341974	68344842	4.3573e-15	78.661868	86	4.4742e-14	3.1046e-20	89.321	10.659
chr11	68326696	68328310	4.6045e-06	81.433983	44	8.9706e-14	3.2808e-11	90.904	9.4697
chr11	68377874	68379196	0.00019883	74.167800	35	7.7939e-10	1.4167e-09	89.882	15.714
chr11	68374536	68374981	0.019266	86.183261	22	1.344e-08	1.3728e-07	93.759	7.5758
chr11	68362009	68364090	1.3143e-09	85.822572	59	4.4298e-14	9.3644e-15	91.133	5.3107
chr11	68387867	68389641	4.3596e-14	89.504495	58	4.6185e-14	3.1063e-19	91.803	2.2989
chr11	68389681	68391268	9.7653e-07	72.044513	46	1.289e-11	6.9579e-12	82.189	10.145
chr11	68394185	68394985	0.040922	77.579365	21	3.3576e-08	2.9157e-07	92.659	15.079
chr11	68383660	68385077	6.1133e-09	71.741962	54	4.8295e-14	4.3558e-14	85.631	13.889
chr11	68416876	68417875	0.0061916	93.276099	20	6.3019e-08	4.4116e-08	94.526	1.25
chr11	68418291	68419206	0.044435	82.555271	23	6.2158e-09	3.166e-07	90.092	7.5362
chr11	68424313	68424515	0.0003658	71.322751	27	4.9929e-10	2.6064e-09	75.026	3.7037
chr11	68451023	68452002	0.0017378	78.750000	24	2.298e-08	1.2382e-08	84.306	5.5556
chr11	68452394	68453129	0.00030375	81.086460	24	2.8772e-09	2.1643e-09	81.92	0.83333
chr11	68453543	68454021	0.015831	88.263889	20	7.3268e-08	1.128e-07	93.264	5
chr11	68440687	68441802	9.5119e-05	71.804511	38	9.9776e-13	6.7773e-10	79.787	7.9825
chr11	68447868	68448713	5.2481e-07	84.523810	39	2.4003e-13	3.7393e-12	92.643	8.1197
chr11	68458075	68459438	5.0128e-07	81.082955	41	1.2956e-13	3.5717e-12	86.774	5.6911
chr11	68481123	68481854	0.00021906	77.469388	35	1.0017e-11	1.5609e-09	83.66	6.1905
chr11	68506154	68507499	0.00010247	79.522642	34	7.9968e-11	7.301e-10	89.032	9.5098
chr11	68539884	68540538	0.008532	81.325052	23	6.1151e-08	6.0792e-08	89.296	7.971
chr11	68522363	68523012	0.0045991	85.161565	28	1.2055e-09	3.2769e-08	89.923	4.7619
chr11	68554803	68556232	0.047187	62.787115	34	1.3552e-08	3.3621e-07	79.209	16.422
chr11	68567741	68568767	0.035002	68.634921	30	4.006e-10	2.4939e-07	81.524	12.889
chr11	68574982	68575603	0.00096094	77.304422	28	1.8363e-10	6.8469e-09	84.447	7.1429
chr11	68643077	68643677	0.0045171	86.217949	26	3.7929e-09	3.2185e-08	95.833	9.6154
chr11	68674016	68674146	0.0028851	92.176871	21	2.9088e-08	2.0557e-08	99.32	7.1429
chr11	68807873	68808429	0.00064458	94.305556	24	2.8772e-09	4.5927e-09	98.472	4.1667
chr11	68818714	68820252	4.1231e-05	75.266865	40	1.1413e-13	2.9377e-10	84.767	9.5
chr11	68778115	68778930	0.0037321	71.711525	23	4.2219e-08	2.6592e-08	96.349	24.638
chr11	68854850	68855338	8.5777e-05	82.356322	29	6.8604e-11	6.1117e-10	86.092	3.7356
chr11	68864686	68864732	0.029881	-33.888889	18	5.2147e-06	2.1291e-07	5.5556	39.444
chr11	68901594	68902480	0.001801	70.099206	26	1.2323e-09	1.2832e-08	73.945	3.8462
chr11	68907777	68908507	0.019628	69.362245	28	3.6514e-09	1.3985e-07	80.196	10.833
chr11	68945804	68946654	0.001657	83.381283	24	2.8772e-09	1.1807e-08	91.169	7.7877
chr11	68966979	68967741	0.018774	70.714286	22	1.7666e-08	1.3377e-07	79.74	9.026
chr11	68975299	68975753	0.019266	88.863636	22	6.7124e-08	1.3727e-07	94.545	5.6818
chr11	69023152	69024184	9.5071e-05	74.368386	36	6.5992e-13	6.774e-10	78.905	4.537
chr11	69033060	69034635	6.8072e-10	82.343803	47	4.3632e-14	4.8502e-15	89.684	7.3404
chr11	69037112	69038677	1.6243e-09	78.988325	55	4.2188e-14	1.1573e-14	87.824	8.8355
chr11	69039756	69041011	1.3207e-07	76.766334	43	4.6629e-14	9.41e-13	78.898	2.1318
chr11	69042773	69044864	0.00029468	67.115235	42	2.6542e-11	2.0996e-09	79.774	12.659
chr11	69063967	69064666	0.020954	89.706960	26	6.1792e-10	1.493e-07	94.835	5.1282
chr11	69067744	69068411	0.0079969	86.942641	22	1.5413e-08	5.6979e-08	88.458	1.5152
chr11	69072253	69073433	6.3896e-09	82.949735	45	4.341e-14	4.5527e-14	84.431	1.4815
chr11	69075498	69077324	1.2805e-07	77.996032	46	4.4187e-14	9.1238e-13	90.677	12.681
chr11	69142502	69143210	0.0003787	72.321429	26	8.7388e-10	2.6983e-09	74.245	1.9231
chr11	69144924	69146155	0.0010001	69.157706	31	4.2698e-10	7.1256e-09	77.706	8.5484
chr11	69147433	69148600	5.526e-07	69.164777	42	8.5931e-14	3.9373e-12	71.943	2.7778
chr11	69164094	69166265	6.8333e-12	72.626764	72	4.3854e-14	4.8688e-17	81.979	9.3519
chr11	69195659	69196408	0.00035827	89.166667	26	6.1792e-10	2.5527e-09	95.577	6.4103
chr11	69229168	69230798	8.9001e-05	64.929029	40	1.6664e-10	6.3414e-10	80.637	15.708
chr11	69017869	69018344	0.0017589	77.513228	24	2.8772e-09	1.2533e-08	82.027	4.5139
chr11	69288411	69288586	0.00017003	-84.218107	27	3.5822e-10	1.2115e-09	8.3745	92.593
chr11	69329587	69330047	0.0077731	36.866883	22	3.514e-07	5.5384e-08	93.534	56.667
chr11	69435054	69435719	0.0045549	62.564103	26	4.9317e-08	3.2455e-08	86.282	23.718
chr11	69508601	69510068	1.172e-07	82.627165	44	4.2411e-14	8.3506e-13	88.688	6.0606
chr11	69519590	69520764	0.0009576	77.376984	30	3.1796e-11	6.8231e-09	82.655	5.2778
chr11	69534716	69535209	0.0033777	77.162534	22	1.344e-08	2.4067e-08	98.375	21.212
chr11	69544183	69545187	9.4717e-05	87.500000	30	1.8652e-10	6.7487e-10	90.833	3.3333
chr11	69493678	69494477	7.4656e-06	92.666667	30	2.8764e-11	5.3193e-11	93.5	0.83333
chr11	69605680	69606362	9.0156e-05	92.010582	30	2.8764e-11	6.4238e-10	93.261	1.25
chr11	69613050	69614940	0.033246	77.566964	32	6.7774e-11	2.3688e-07	85.119	7.5521
chr11	69669162	69669711	5.7627e-09	75.099206	42	5.7399e-14	4.106e-14	75.575	0.47619
chr11	69655979	69656427	0.00097767	67.835627	28	1.6499e-10	6.966e-09	69.026	1.1905
chr11	69697455	69698207	0.0008657	80.117521	26	7.7879e-10	6.1683e-09	83.323	3.2051
chr11	69651588	69651930	0.0017035	87.951389	24	2.8772e-09	1.2138e-08	93.299	5.3472
chr11	69717169	69717895	8.3145e-11	90.354610	47	4.6407e-14	5.9242e-16	96.738	6.383
chr11	69708981	69710267	5.3559e-07	79.407219	38	8.0369e-13	3.8161e-12	88.179	8.7719
chr11	69684351	69684882	0.020527	65.262250	23	7.81e-08	1.4626e-07	70.335	5.0725
chr11	69750541	69751159	0.019307	71.769102	22	1.5413e-08	1.3757e-07	85.102	13.333
chr11	69752271	69753092	0.043953	83.569133	22	1.1279e-07	3.1317e-07	88.115	4.5455
chr11	69746613	69748484	8.3664e-14	76.598876	72	4.5852e-14	5.9612e-19	83.08	6.4815
chr11	69784985	69785796	0.0004122	90.535714	28	1.4821e-10	2.937e-09	92.917	2.381
chr11	69774160	69775440	2.3161e-07	90.324968	37	1.7819e-13	1.6502e-12	91.001	0.67568
chr11	69768609	69769434	4.148e-06	85.877976	32	4.3223e-11	2.9555e-11	93.013	7.1354
chr11	69831251	69831573	0.0060533	90.833333	20	6.3019e-08	4.3131e-08	92.833	2
chr11	69837180	69838070	0.00015576	88.878205	26	6.1792e-10	1.1098e-09	90.609	1.7308
chr11	69906392	69907245	0.0086759	64.109731	23	8.0739e-09	6.1817e-08	65.197	1.087
chr11	69922195	69922538	0.00078798	89.885714	25	6.9657e-09	5.6145e-09	94.686	4.8
chr11	69926882	69928079	0.0010123	82.972222	30	2.4883e-10	7.2128e-09	89.75	6.7778
chr11	69924918	69925576	0.013525	90.726817	19	1.3668e-07	9.6368e-08	93.358	2.6316
chr11	69936734	69937916	0.00018171	79.532872	32	9.9696e-12	1.2947e-09	85.374	5.8408
chr11	69940973	69941728	4.261e-05	64.839302	33	7.8619e-12	3.036e-10	68.375	3.5354
chr11	69930049	69930790	6.2339e-10	90.010582	45	4.3299e-14	4.4417e-15	92.974	2.963
chr11	69949477	69950921	9.3618e-05	62.809106	38	2.1888e-10	6.6704e-10	83.818	21.009
chr11	69962853	69963850	0.0002176	82.018849	32	1.4439e-11	1.5505e-09	92.175	10.156
chr11	69955411	69956199	0.015618	74.271284	33	1.0739e-09	1.1128e-07	84.372	10.101
chr11	69964768	69965632	1.052e-06	74.419777	37	2.1638e-13	7.4958e-12	75.996	1.5766
chr11	69974682	69975485	0.0072769	84.875283	21	2.9088e-08	5.1849e-08	86.066	1.1905
chr11	70035297	70036429	7.9414e-05	84.753401	28	1.331e-10	5.6584e-10	92.789	8.0357
chr11	70027212	70028211	6.2029e-10	85.335498	44	4.452e-14	4.4196e-15	85.904	0.56818
chr11	70043093	70044767	1.0502e-05	75.069144	36	7.7238e-13	7.483e-11	87.152	12.083
chr11	70055709	70056881	0.00019342	80.670727	31	1.5674e-10	1.3782e-09	85.509	4.8387
chr11	70078293	70079393	0.0094762	79.503968	24	4.1878e-09	6.752e-08	81.587	2.0833
chr11	70086139	70086952	0.0077726	82.709235	22	1.5413e-08	5.5381e-08	88.012	5.303
chr11	70081415	70083171	1.3421e-07	90.486542	46	4.5741e-14	9.5629e-13	91.573	1.087
chr11	70089375	70090496	0.00019569	74.650950	37	4.6407e-13	1.3943e-09	81.408	6.7568
chr11	70101942	70102497	0.0004291	84.950980	34	9.984e-12	3.0574e-09	94.755	9.8039
chr11	70072139	70075134	1.549e-14	72.027860	87	4.0967e-14	1.1037e-19	85.744	13.716
chr11	70133179	70134208	3.9895e-05	64.719170	39	2.9888e-12	2.8426e-10	78.181	13.462
chr11	70114845	70116214	0.0001822	76.393541	38	9.9776e-13	1.2982e-09	85.385	8.9912
chr11	70217656	70218583	0.021085	85.195238	25	3.3879e-08	1.5023e-07	89.195	4
chr11	70209884	70211182	1.5898e-11	79.706349	55	4.5186e-14	1.1328e-16	80.918	1.2121
chr11	70229725	70230227	0.00096985	69.791667	32	1.5836e-11	6.9103e-09	88.542	18.75
chr11	70248796	70249638	5.2812e-06	63.571577	41	3.908e-13	3.7629e-11	93.409	29.837
chr11	70291591	70292878	1.0203e-05	72.641786	33	3.2101e-12	7.2699e-11	94.056	21.414
chr11	70302935	70303821	0.0043779	78.542430	26	5.2806e-09	3.1193e-08	83.35	4.8077
chr11	70310224	70310976	0.0082023	86.597796	22	1.5413e-08	5.8443e-08	91.143	4.5455
chr11	70330680	70331265	0.00039391	74.216792	38	1.331e-12	2.8067e-09	93.515	19.298
chr11	70360689	70361477	0.00084262	79.940476	26	9.8027e-10	6.0038e-09	87.633	7.6923
chr11	70239596	70241002	1.2246e-06	73.684807	42	7.6716e-14	8.7258e-12	90.952	17.268
chr11	70368706	70371124	2.3388e-05	73.972431	38	5.7105e-12	1.6665e-10	86.341	12.368
chr11	70383297	70384020	0.033285	64.136447	30	3.2137e-08	2.3716e-07	83.192	19.056
chr11	70386572	70388824	1.0729e-09	69.163961	64	4.452e-14	7.6443e-15	87.159	17.995
chr11	70403512	70404515	0.019163	77.152436	29	8.4372e-11	1.3654e-07	84.049	6.8966
chr11	70353276	70353529	0.038769	90.833333	20	2.7545e-07	2.7624e-07	98.333	7.5
chr11	70431892	70432676	0.00047258	75.155123	33	2.9344e-12	3.3672e-09	79.903	4.7475
chr11	70439572	70440362	0.015816	89.382756	20	6.3019e-08	1.1269e-07	93.549	4.1667
chr11	70411566	70412996	0.00040252	81.403439	30	1.8652e-10	2.868e-09	85.848	4.4444
chr11	70470137	70470809	0.020536	81.612554	23	9.1954e-09	1.4632e-07	86.685	5.0725
chr11	70455199	70456698	0.0097741	66.387744	28	1.0055e-07	6.9642e-08	87.519	21.131
chr11	70542923	70543693	0.018471	79.342650	23	7.0858e-09	1.3161e-07	85.792	6.4493
chr11	70625338	70625968	0.040651	90.595238	21	2.9088e-08	2.8964e-07	92.5	1.9048
chr11	70638242	70638972	0.00015461	86.929182	26	6.1792e-10	1.1016e-09	90.134	3.2051
chr11	70643608	70644528	0.00010356	85.114379	34	1.5136e-12	7.3791e-10	90.654	5.5392
chr11	70647004	70648646	0.00018688	77.263292	39	1.3809e-12	1.3315e-09	82.605	5.3419
chr11	70634404	70635375	5.1623e-09	90.192744	42	4.7184e-14	3.6782e-14	90.669	0.47619
chr11	70679694	70680958	4.7059e-05	88.225108	33	1.3382e-11	3.353e-10	89.589	1.3636
chr11	70677797	70678678	9.65e-06	82.222222	33	5.0291e-12	6.8758e-11	88.384	6.1616
chr11	70652640	70653622	0.0095915	76.033163	28	1.2987e-08	6.8341e-08	87.343	11.31
chr11	70691756	70692654	0.045372	76.371429	25	2.7315e-09	3.2328e-07	83.705	7.3333
chr11	70703007	70703576	0.040836	67.887377	21	2.9088e-08	2.9096e-07	89.214	21.327
chr11	70696652	70699049	7.8516e-12	90.296496	53	4.3632e-14	5.5944e-17	92.183	1.8868
chr11	70871777	70872840	0.00020697	80.233457	35	5.6576e-12	1.4747e-09	88.635	8.4014
chr11	70858245	70859701	0.0094129	67.985714	25	2.1719e-08	6.7068e-08	88.652	20.667
chr11	70989170	70990732	0.00014434	64.959115	42	1.258e-10	1.0284e-09	83.213	18.254
chr11	71328522	71330134	0.0080762	88.133117	22	1.344e-08	5.7544e-08	91.921	3.7879
chr11	71374774	71376315	0.00046499	86.078644	33	2.9344e-12	3.3131e-09	89.867	3.7879
chr11	71376383	71378171	0.040792	66.165846	29	2.9558e-08	2.9065e-07	77.66	11.494
chr11	71386785	71388074	0.0099161	69.812925	28	8.0139e-09	7.0654e-08	75.17	5.3571
chr11	71399208	71400835	0.0021318	78.790526	28	1.331e-10	1.5189e-08	88.174	9.3837
chr11	71469380	71470847	0.0088307	74.128264	31	4.9262e-09	6.292e-08	82.193	8.0645
chr11	71500719	71502036	5.2673e-07	82.257937	40	6.0174e-14	3.753e-12	90.591	8.3333
chr11	71588250	71588891	0.043726	84.404762	22	1.5413e-08	3.1155e-07	88.193	3.7879
chr11	71621302	71622361	0.0090781	67.366162	30	1.6266e-08	6.4683e-08	86.811	19.444
chr11	71645546	71647287	1.2416e-07	85.838294	40	1.7963e-13	8.8468e-13	91.672	5.8333
chr11	71649775	71650850	2.694e-08	85.194541	41	4.885e-14	1.9195e-13	90.073	4.878
chr11	71667901	71669410	8.7861e-06	90.332341	32	6.2559e-12	6.2602e-11	92.416	2.0833
chr11	71658469	71659578	0.0017141	84.990079	24	2.0403e-08	1.2213e-08	91.24	6.25
chr11	71670495	71670981	0.00042165	80.858844	28	4.032e-09	3.0043e-09	85.323	4.4643
chr11	71661727	71662466	0.038878	83.888889	20	6.3019e-08	2.7701e-07	89.556	5.6667
chr11	71672814	71674236	1.6468e-09	79.474189	53	4.5186e-14	1.1733e-14	83.877	4.4025
chr11	71697315	71698490	0.0099611	87.339327	26	7.7879e-10	7.0974e-08	94.198	6.859
chr11	71710452	71711788	9.2576e-08	84.471257	37	1.7819e-13	6.5962e-13	85.687	1.2162
chr11	71716877	71717663	0.043757	86.856061	22	8.7103e-08	3.1177e-07	93.674	6.8182
chr11	71741970	71743247	0.043366	79.729437	22	5.1617e-08	3.0899e-07	87.305	7.5758
chr11	71752188	71753409	0.0021192	65.655155	30	1.3954e-10	1.51e-08	77.485	11.829
chr11	71753498	71755960	1.0718e-06	67.878631	46	2.3868e-12	7.6371e-12	71.864	3.9855
chr11	71769635	71771105	0.032554	70.836605	32	3.5998e-10	2.3195e-07	81.884	11.047
chr11	71705692	71706860	9.9181e-07	85.737434	36	3.3606e-13	7.0668e-12	88.515	2.7778
chr11	71801722	71803064	0.039601	69.630102	28	1.1798e-08	2.8216e-07	77.963	8.3333
chr11	71837110	71837863	0.015966	82.606061	20	6.3019e-08	1.1376e-07	85.106	2.5
chr11	71841804	71842598	4.952e-06	75.745388	37	1.9194e-12	3.5284e-11	84.754	9.009
chr11	71859446	71860773	0.00048234	85.295699	31	9.8628e-11	3.4367e-09	90.134	4.8387
chr11	71872284	71873616	0.018844	72.965368	22	1.879e-07	1.3426e-07	79.784	6.8182
chr11	71866746	71867460	0.0025017	82.410714	20	8.5123e-08	1.7825e-08	94.077	11.667
chr11	71890666	71891715	0.00028041	85.997024	24	2.8772e-09	1.9979e-09	86.83	0.83333
chr11	71877543	71878065	2.301e-06	80.836735	35	8.5532e-13	1.6395e-11	82.265	1.4286
chr11	71896546	71897539	0.016909	77.001488	32	3.0285e-10	1.2048e-07	85.074	8.0729
chr11	71900979	71902514	1.8432e-05	65.851846	38	2.2311e-11	1.3133e-10	75.062	9.2105
chr11	71948430	71949254	3.2214e-05	74.731756	28	2.5275e-10	2.2953e-10	86.637	11.905
chr11	71964447	71965464	1.075e-08	81.842404	42	7.5051e-14	7.6592e-14	86.604	4.7619
chr11	71972453	71973584	0.043448	67.326840	22	1.1808e-06	3.0957e-07	87.024	19.697
chr11	71978020	71979142	2.2662e-05	77.186147	33	3.5044e-11	1.6147e-10	81.732	4.5455
chr11	72023481	72024267	0.0089941	72.341270	24	8.7735e-09	6.4084e-08	76.161	3.8194
chr11	72014152	72015461	0.00020599	84.261204	34	2.7649e-12	1.4677e-09	88.673	4.4118
chr11	72031864	72032773	0.006053	91.523810	20	6.3019e-08	4.3129e-08	94.024	2.5
chr11	72038816	72039968	0.00087925	90.881834	27	2.8668e-10	6.2648e-09	94.4	3.5185
chr11	72119693	72121342	2.1913e-06	82.229789	45	4.5852e-14	1.5613e-11	89.267	7.037
chr11	72223466	72224447	0.0094185	81.034483	29	1.5607e-10	6.7108e-08	91.379	10.345
chr11	72159628	72161085	2.9421e-08	84.059532	43	4.4298e-14	2.0963e-13	93.943	9.8837
chr11	72232953	72233350	0.038834	77.416667	20	5.6075e-07	2.767e-07	84.917	7.5
chr11	72254489	72256001	9.689e-07	68.693770	46	7.5939e-13	6.9036e-12	84.998	16.304
chr11	72275825	72276876	0.00041657	88.544974	27	2.8668e-10	2.9681e-09	91.014	2.4691
chr11	72293807	72295028	7.8117e-06	89.719577	45	4.1522e-14	5.5659e-11	93.423	3.7037
chr11	72303551	72304335	0.034598	87.982456	19	8.6848e-07	2.4652e-07	94.561	6.5789
chr11	72311763	72313064	0.00046102	85.577201	33	3.4394e-10	3.2848e-09	92.648	7.0707
chr11	72325234	72326894	1.3071e-07	79.092971	42	4.7629e-14	9.3134e-13	82.268	3.1746
chr11	72350471	72351312	0.038755	76.174603	20	4.8712e-07	2.7613e-07	88.675	12.5
chr11	72375610	72376151	0.0098146	76.741314	26	4.4484e-08	6.993e-08	87.639	10.897
chr11	72359044	72359954	0.0045749	72.436224	28	7.2085e-10	3.2597e-08	86.722	14.286
chr11	72404196	72404948	0.0086879	88.168643	23	6.2158e-09	6.1903e-08	91.792	3.6232
chr11	72460222	72461406	4.8369e-05	66.504329	33	1.3382e-11	3.4463e-10	70.797	4.2929
chr11	72468358	72468795	0.0021727	69.026103	28	2.7074e-09	1.5481e-08	74.383	5.3571
chr11	72504521	72505634	0.042148	74.861111	26	1.4002e-08	3.0031e-07	91.528	16.667
chr11	72495986	72497549	0.017542	66.841029	24	5.8617e-08	1.2499e-07	79.133	12.292
chr11	72752517	72753836	0.044737	62.432712	23	1.3546e-08	3.1876e-07	91.998	29.565
chr11	72803684	72804059	0.034232	84.912281	19	1.0077e-06	2.439e-07	90.175	5.2632
chr11	72824279	72825307	0.03436	85.927082	19	1.3668e-07	2.4482e-07	87.243	1.3158
chr11	72833913	72834453	0.0020219	85.432668	31	9.8628e-11	1.4406e-08	88.658	3.2258
chr11	72842493	72843719	1.2693e-07	84.467673	41	1.0403e-13	9.0441e-13	89.346	4.878
chr11	72862984	72863663	1.7981e-06	72.232143	32	1.0939e-11	1.2812e-11	73.795	1.5625
chr11	72872507	72873790	1.4298e-08	88.975309	45	4.2744e-14	1.0188e-13	93.494	4.5185
chr11	72866443	72867777	0.00037762	76.565934	26	6.5734e-09	2.6906e-09	81.694	5.1282
chr11	72904035	72906335	2.8209e-07	76.383220	42	6.5281e-14	2.01e-12	77.574	1.1905
chr11	72906670	72908083	3.0873e-08	75.099339	46	1.1791e-13	2.1997e-13	82.02	6.9203
chr11	72943908	72944670	4.286e-05	64.595238	30	1.042e-10	3.0538e-10	94.04	29.444
chr11	72963180	72963612	0.01146	90.555556	18	3.5093e-07	8.1657e-08	96.111	5.5556
chr11	73047020	73047830	0.021243	85.448718	26	9.8027e-10	1.5136e-07	92.821	7.3718
chr11	73050225	73050672	0.003375	68.663420	22	1.6553e-07	2.4047e-08	73.209	4.5455
chr11	73120650	73122258	1.8533e-11	86.261023	54	4.4409e-14	1.3205e-16	90.119	3.858
chr11	73132293	73133374	1.5414e-05	82.593011	46	5.318e-14	1.0983e-10	91.687	9.0942
chr11	73134465	73135796	2.2536e-06	80.497354	45	6.2061e-14	1.6058e-11	89.757	9.2593
chr11	73135810	73137208	0.018612	69.351852	30	9.6735e-09	1.3261e-07	87.13	17.778
chr11	73148702	73149312	0.0061123	79.375000	20	7.3268e-08	4.3551e-08	84.375	5
chr11	73156430	73158045	1.1105e-05	83.894400	36	2.717e-12	7.9127e-11	90.607	6.713
chr11	73220636	73221623	1.1879e-07	81.913265	42	6.295e-14	8.4641e-13	84.691	2.7778
chr11	73729816	73730615	0.004518	78.611111	30	1.1208e-09	3.2191e-08	86.722	8.1111
chr11	73874724	73875605	4.1267e-05	81.559140	31	1.3543e-09	2.9403e-10	84.785	3.2258
chr11	74330717	74331523	0.0092309	76.436915	30	3.6575e-09	6.5772e-08	83.104	6.6667
chr11	74431975	74432199	9.1745e-05	71.603516	29	8.4372e-11	6.537e-10	89.305	17.701
chr11	74448042	74449302	1.1254e-06	80.479323	38	1.249e-13	8.0185e-12	85.918	5.4386
chr11	74450547	74452526	4.9257e-06	79.439720	42	1.1875e-12	3.5097e-11	89.162	9.7222
chr11	74490516	74491498	0.043983	79.393939	22	2.0238e-08	3.1339e-07	81.667	2.2727
chr11	74512905	74516149	3.0408e-16	81.927893	90	4.0523e-14	2.1666e-21	86.409	4.4815
chr11	74520272	74521195	2.8774e-06	80.351669	29	6.1844e-11	2.0502e-11	88.398	8.046
chr11	74523943	74525147	0.00034789	72.902930	26	9.8027e-10	2.4788e-09	75.467	2.5641
chr11	74585416	74586338	0.00074792	85.737179	26	1.5579e-08	5.329e-09	91.506	5.7692
chr11	74639957	74640329	0.0029638	83.843537	21	2.9088e-08	2.1118e-08	96.542	12.698
chr11	74744667	74745239	9.848e-05	70.568783	36	2.2391e-11	7.0168e-10	90.476	19.907
chr11	74729478	74729806	2.0383e-06	-64.948520	37	1.5288e-12	1.4523e-11	11.763	76.712
chr11	74796742	74797213	0.01146	62.592593	18	3.5093e-07	8.1657e-08	98.148	35.556
chr11	74788232	74788461	8.8664e-05	-57.777778	30	5.841e-10	6.3174e-10	0.55556	58.333
chr11	74957639	74958830	0.0043734	85.937118	26	3.7929e-09	3.1161e-08	94.911	8.9744
chr11	75086946	75088566	3.1169e-08	62.415184	45	4.563e-14	2.2209e-13	64.415	2
chr11	75126652	75128645	1.1371e-09	66.581921	59	4.3077e-14	8.1023e-15	71.808	5.226
chr11	75123184	75125234	4.2493e-05	67.302605	39	2.7855e-12	3.0277e-10	76.491	9.188
chr11	75138535	75139529	0.038367	81.251984	20	6.3019e-08	2.7337e-07	85.002	3.75
chr11	75141109	75141439	0.0019709	83.919414	26	6.1792e-10	1.4043e-08	89.689	5.7692
chr11	75133656	75135009	5.788e-08	83.167445	44	4.8517e-14	4.124e-13	93.016	9.8485
chr11	75190024	75190545	0.029881	68.425926	18	2.9682e-07	2.1291e-07	99.074	30.648
chr11	75270166	75270783	0.0020143	75.508242	26	8.7388e-10	1.4352e-08	95.701	20.192
chr11	75310916	75311394	0.015777	77.147727	20	2.7545e-07	1.1241e-07	78.814	1.6667
chr11	75311710	75312654	0.038483	77.333333	20	9.8827e-08	2.742e-07	87.333	10
chr11	75312735	75313999	0.035147	55.926779	31	1.4536e-07	2.5043e-07	63.991	8.0645
chr11	75317675	75318059	0.0024736	91.065476	20	6.3019e-08	1.7625e-08	93.732	2.6667
chr11	75306962	75307240	0.00017983	91.688713	27	1.6494e-09	1.2813e-09	95.392	3.7037
chr11	75319068	75319965	6.3625e-08	85.667388	33	2.9344e-12	4.5334e-13	91.576	5.9091
chr11	75326069	75327319	7.6179e-06	64.649015	58	9.4325e-13	5.4279e-11	79.879	15.23
chr11	75249096	75249959	4.9852e-06	42.166743	42	4.6518e-14	3.552e-11	85.631	43.464
chr11	75372141	75373779	1.2473e-07	71.368056	40	1.8874e-13	8.8874e-13	87.66	16.292
chr11	75343894	75344234	0.00097939	75.839002	28	2.4492e-09	6.9783e-09	89.529	13.69
chr11	75416506	75416911	0.019237	89.053030	22	1.7666e-08	1.3707e-07	91.705	2.6515
chr11	75434977	75436172	0.00097439	88.244048	32	6.868e-12	6.9427e-09	94.029	5.785
chr11	75438763	75439752	0.0043881	83.129710	27	2.2709e-09	3.1266e-08	91.401	8.2716
chr11	75426264	75427994	7.5693e-10	77.083983	50	4.6074e-14	5.3932e-15	86.751	9.6667
chr11	75431042	75432460	2.7034e-09	74.598467	59	4.2966e-14	1.9262e-14	84.768	10.169
chr11	75449643	75450865	9.1039e-05	75.152530	32	8.859e-11	6.4866e-10	90.778	15.625
chr11	75465336	75467002	2.5328e-08	84.385522	42	6.9611e-14	1.8047e-13	90.536	6.1508
chr11	75467276	75468490	7.7816e-05	83.959751	28	1.4821e-10	5.5445e-10	90.031	6.0714
chr11	75476080	75478028	1.1651e-08	84.273177	56	3.9302e-14	8.3014e-14	89.333	5.0595
chr11	75549974	75550771	0.0026424	59.346183	42	2.6298e-08	1.8827e-08	89.187	29.841
chr11	75579146	75579962	0.0038665	82.534722	24	1.4246e-08	2.7549e-08	98.785	16.25
chr11	75607257	75608799	0.0040097	77.949811	32	2.3339e-10	2.857e-08	85.241	7.2917
chr11	75609181	75609701	0.044254	71.706349	22	2.1319e-07	3.1531e-07	89.888	18.182
chr11	75654111	75654576	0.029881	77.389771	18	2.9682e-07	2.1291e-07	92.668	15.278
chr11	75679033	75680026	0.0045656	68.185185	30	9.3139e-10	3.2531e-08	87.074	18.889
chr11	75696764	75697830	0.00016339	91.250000	26	6.1792e-10	1.1642e-09	92.212	0.96154
chr11	75699999	75700468	0.0063267	90.119048	20	6.3019e-08	4.5079e-08	94.286	4.1667
chr11	75710504	75710919	0.00021438	76.049107	32	3.0071e-11	1.5275e-09	76.83	0.78125
chr11	75711317	75712538	0.043113	71.882315	27	1.0801e-08	3.0719e-07	81.882	10
chr11	75621782	75623144	4.3776e-08	75.789633	44	4.3077e-14	3.1191e-13	81.774	5.9848
chr11	75769398	75769865	0.0012881	86.017316	22	1.344e-08	9.1782e-09	89.048	3.0303
chr11	75820871	75821419	0.019498	61.081310	23	4.6087e-07	1.3892e-07	89.197	28.116
chr11	75824869	75825998	0.0020545	86.951286	29	6.1844e-11	1.4638e-08	92.469	5.5172
chr11	75826306	75827130	0.020045	84.758454	23	3.2902e-08	1.4282e-07	89.106	4.3478
chr11	75827130	75828278	0.0041837	69.863516	30	1.774e-09	2.9809e-08	79.229	9.3651
chr11	75846364	75848563	3.036e-18	84.698129	84	4.1189e-14	2.1632e-23	89.559	4.8611
chr11	75882466	75884893	1.4019e-15	82.205215	70	4.2522e-14	9.9889e-21	88.158	5.9524
chr11	75889786	75890447	0.00011567	67.311670	24	2.8772e-09	8.2414e-10	81.994	14.683
chr11	75909239	75911461	1.4801e-14	88.026357	64	4.3188e-14	1.0546e-19	93.339	5.3125
chr11	75925743	75926765	0.00010067	68.038049	34	2.5196e-11	7.1728e-10	77.352	9.3137
chr11	75939218	75941111	2.3839e-06	68.110670	54	5.5289e-14	1.6986e-11	92.277	24.167
chr11	75946192	75946644	0.0084743	74.102830	23	6.2158e-09	6.0381e-08	99.517	25.414
chr11	75953393	75953971	0.034618	77.130326	19	1.3668e-07	2.4666e-07	92.481	15.351
chr11	76053172	76054455	4.564e-06	86.685972	37	1.4175e-12	3.2519e-11	92.767	6.0811
chr11	75858883	75860264	0.00099693	79.429451	32	8.1036e-11	7.1033e-09	89.065	9.6354
chr11	76080553	76081367	0.0075843	63.217729	22	5.8878e-08	5.4039e-08	86.097	22.879
chr11	76095008	76096667	0.00041439	68.616222	36	1.1403e-12	2.9526e-09	92.505	23.889
chr11	76089863	76091737	1.0741e-06	82.938011	36	4.5275e-13	7.6532e-12	86.642	3.7037
chr11	76167761	76168460	0.004275	91.567460	18	2.9682e-07	3.046e-08	97.123	5.5556
chr11	76207472	76208395	0.0093205	76.182209	24	2.8772e-09	6.641e-08	94.238	18.056
chr11	76202210	76204033	3.0242e-09	72.523384	56	4.674e-14	2.1548e-14	84.845	12.321
chr11	76218322	76219189	5.0419e-05	85.557784	34	1.389e-12	3.5924e-10	90.46	4.902
chr11	76214574	76215880	1.5344e-11	87.484227	50	4.5297e-14	1.0933e-16	90.651	3.1667
chr11	76193750	76194315	0.0013575	89.112554	22	1.344e-08	9.6725e-09	90.628	1.5152
chr11	76233976	76234469	0.00087594	75.957792	26	3.037e-09	6.2412e-09	81.727	5.7692
chr11	76285275	76286263	0.0046805	86.689342	28	1.331e-10	3.3349e-08	93.356	6.6667
chr11	76255639	76256182	0.003976	62.741265	33	2.9131e-08	2.8329e-08	92.034	29.293
chr11	76286955	76287594	4.59e-07	93.657407	36	1.5627e-12	3.2705e-12	96.435	2.7778
chr11	76294658	76295066	0.01834	63.876124	22	3.9763e-07	1.3068e-07	80.922	17.045
chr11	76291655	76292951	1.1312e-08	70.678571	40	2.1316e-13	8.0599e-14	74.012	3.3333
chr11	76313932	76314330	0.0091239	62.254902	17	6.4547e-07	6.5009e-08	98.529	36.275
chr11	76334185	76335217	4.7227e-08	87.769638	39	7.2942e-14	3.365e-13	90.633	2.8632
chr11	76410888	76411469	0.044501	72.575758	22	3.9763e-07	3.1708e-07	96.061	23.485
chr11	76249609	76250175	0.0041027	74.773065	32	8.859e-11	2.9232e-08	88.315	13.542
chr11	76430904	76431591	0.018848	69.415584	22	3.9607e-08	1.3429e-07	87.597	18.182
chr11	76432113	76433268	0.034298	68.487886	19	3.4969e-07	2.4438e-07	88.663	20.175
chr11	76445622	76445930	1.6585e-05	92.301587	30	2.8764e-11	1.1817e-10	97.302	5
chr11	76470348	76471017	0.0076101	80.678211	22	1.344e-08	5.4223e-08	83.33	2.6515
chr11	76479503	76481002	2.5629e-06	72.647538	39	1.202e-12	1.8261e-11	80.853	8.2051
chr11	76496732	76497969	2.3222e-08	80.918412	39	1.1202e-12	1.6546e-13	83.483	2.5641
chr11	76535457	76536174	3.8433e-06	81.145673	31	1.4757e-11	2.7384e-11	88.673	7.5269
chr11	76531303	76532866	1.2243e-07	86.132924	43	4.6629e-14	8.7232e-13	92.334	6.2016
chr11	76553591	76554405	0.0019201	73.503175	25	8.7702e-09	1.3681e-08	81.303	7.8
chr11	76548603	76550351	2.179e-11	78.142620	67	4.3854e-14	1.5526e-16	86.352	8.209
chr11	76559481	76560205	0.019379	90.113636	22	1.344e-08	1.3808e-07	91.629	1.5152
chr11	76592446	76593774	0.00046172	89.572453	31	1.3399e-11	3.2898e-09	92.798	3.2258
chr11	76606276	76607105	0.00096822	85.639172	28	1.331e-10	6.8987e-09	89.806	4.1667
chr11	76594194	76596477	3.4546e-09	86.980166	51	4.6407e-14	2.4614e-14	93.091	6.1111
chr11	76596477	76598813	2.1279e-11	79.646057	62	4.3854e-14	1.5162e-16	86.098	6.4516
chr11	76610831	76611910	0.00017938	95.833333	27	2.8668e-10	1.2781e-09	97.685	1.8519
chr11	76585507	76586878	7.7542e-13	79.954565	52	4.6962e-14	5.525e-18	80.916	0.96154
chr11	76613349	76615249	2.1513e-11	75.947444	57	4.0856e-14	1.5328e-16	87.79	11.842
chr11	76657774	76658434	6.9185e-06	75.982485	29	6.1844e-11	4.9295e-11	77.362	1.3793
chr11	76714499	76715887	0.00021796	68.102241	34	2.9767e-11	1.553e-09	92.073	23.971
chr11	76715905	76717389	0.0067466	65.544733	33	1.7325e-09	4.8071e-08	86.252	20.707
chr11	76747878	76748589	0.00019371	79.137931	29	8.4372e-11	1.3802e-09	94.943	15.805
chr11	76755554	76756553	0.0093393	70.056891	25	1.3329e-09	6.6544e-08	87.243	17.186
chr11	76777966	76778941	0.01146	78.564815	18	2.9682e-07	8.1657e-08	92.454	13.889
chr11	76773920	76775276	0.00094412	76.579125	30	2.5516e-09	6.727e-09	90.524	13.944
chr11	76789059	76789701	0.038529	79.025253	20	5.6075e-07	2.7452e-07	84.025	5
chr11	76781314	76782120	0.00015371	86.773504	26	6.1792e-10	1.0952e-09	89.979	3.2051
chr11	76799349	76800194	3.619e-05	83.013126	30	3.5142e-11	2.5786e-10	84.68	1.6667
chr11	76800603	76801013	0.01146	89.351852	18	2.9682e-07	8.1657e-08	93.981	4.6296
chr11	76930304	76931482	1.9102e-05	74.447840	34	1.8027e-11	1.361e-10	85.575	11.127
chr11	76940202	76941043	0.018489	79.404762	22	1.2824e-07	1.3174e-07	92.045	12.641
chr11	76920040	76920465	0.044602	46.049784	22	1.0485e-06	3.178e-07	90.292	44.242
chr11	76886875	76887230	0.0033665	71.374459	22	1.344e-08	2.3986e-08	79.037	7.6623
chr11	76994852	76995611	3.9659e-09	76.664880	41	5.107e-14	2.8258e-14	88.215	11.551
chr11	76993946	76994312	0.018863	76.082011	30	3.3133e-10	1.344e-07	79.415	3.3333
chr11	77031492	77032019	0.0086216	78.219462	23	6.2158e-09	6.143e-08	94.161	15.942
chr11	77055960	77056922	0.0018545	94.450794	25	1.3329e-09	1.3214e-08	95.451	1
chr11	77082575	77083951	0.038124	75.884921	20	5.6075e-07	2.7164e-07	86.718	10.833
chr11	77184107	77184436	0.034011	91.271930	19	1.3668e-07	2.4233e-07	95.658	4.386
chr11	77347792	77348742	0.00014381	84.501587	25	1.3329e-09	1.0247e-09	95.635	11.133
chr11	77359158	77360380	1.0777e-18	63.720524	82	4.452e-14	7.6786e-24	65.245	1.5244
chr11	77480937	77481495	0.0014432	90.434783	23	3.2902e-08	1.0283e-08	94.928	4.4928
chr11	77484651	77485047	0.01146	85.422679	18	2.9682e-07	8.1657e-08	94.219	8.7963
chr11	77508182	77508791	0.0062116	82.198413	20	6.3019e-08	4.4259e-08	84.865	2.6667
chr11	77511225	77512498	0.00094397	86.451465	28	1.4821e-10	6.7259e-09	89.725	3.2738
chr11	77521611	77522251	0.020359	77.331388	23	6.2158e-09	1.4506e-07	81.244	3.913
chr11	77522560	77524007	4.6838e-05	78.351935	32	1.2004e-11	3.3373e-10	87.206	8.8542
chr11	77533638	77535393	2.0979e-11	89.116776	47	4.6629e-14	1.4948e-16	90.89	1.773
chr11	77528106	77530323	3.1328e-08	83.289081	45	4.2744e-14	2.2322e-13	90.845	7.5556
chr11	77381127	77381844	0.043287	64.652778	24	2.5871e-08	3.0842e-07	68.958	4.3056
chr11	77543664	77544491	0.034186	95.607769	19	1.3668e-07	2.4358e-07	96.485	0.87719
chr11	77566417	77567751	0.021219	80.135836	26	5.2806e-09	1.5119e-07	92.892	12.756
chr11	77648540	77649255	0.0019717	76.406526	27	4.9929e-10	1.4049e-08	88.567	12.16
chr11	77660386	77661736	0.0031056	70.295913	37	2.4653e-11	2.2128e-08	89.395	19.099
chr11	77804041	77805343	1.9928e-07	78.793219	41	4.12e-13	1.4199e-12	86.923	8.1301
chr11	77834353	77836072	0.00034079	67.228967	46	8.1157e-14	2.4282e-09	75.019	7.7899
chr11	77836465	77837915	4.7681e-05	84.321789	33	2.4743e-11	3.3973e-10	88.867	4.5455
chr11	77840062	77840977	0.020381	76.729575	23	6.1151e-08	1.4522e-07	89.773	13.043
chr11	77858516	77859456	0.020295	56.873898	27	8.5733e-07	1.4461e-07	71.689	14.815
chr11	77852985	77853275	0.00030431	91.423611	24	2.8772e-09	2.1683e-09	92.951	1.5278
chr11	77892009	77892605	0.0017231	80.925926	24	2.8772e-09	1.2277e-08	95.856	14.931
chr11	77897375	77898088	1.9507e-05	89.837313	31	1.3399e-11	1.3899e-10	95.751	5.914
chr11	77925999	77927153	0.00010471	88.920635	35	6.7091e-13	7.461e-10	93.308	4.3878
chr11	77933849	77936031	2.0763e-12	73.899252	70	4.563e-14	1.4794e-17	93.423	19.524
chr11	77959390	77960643	0.0035252	61.570192	35	2.343e-10	2.5117e-08	85.618	24.048
chr11	77977463	77978657	0.00038591	84.677545	26	6.1792e-10	2.7496e-09	85.639	0.96154
chr11	77997448	77998753	9.4431e-05	81.107143	30	2.8764e-11	6.7284e-10	95.552	14.444
chr11	77984349	77985108	0.00074483	53.700912	28	1.5725e-08	5.307e-09	60.844	7.1429
chr11	78075798	78076723	0.0072876	92.375283	21	2.9088e-08	5.1925e-08	93.566	1.1905
chr11	78084389	78085015	6.0159e-06	76.294643	32	6.5546e-10	4.2864e-11	82.545	6.25
chr11	78078429	78078944	0.0035845	70.085979	24	3.6968e-09	2.554e-08	71.753	1.6667
chr11	78131886	78132514	0.0015489	91.649413	23	7.0858e-09	1.1036e-08	94.548	2.8986
chr11	78144894	78145082	0.0062976	81.500000	20	6.3019e-08	4.4871e-08	93.167	11.667
chr11	78150040	78151243	0.043831	75.738012	22	2.0238e-08	3.123e-07	80.814	5.0758
chr11	77861021	77863593	2.909e-13	74.926103	68	4.341e-14	2.0727e-18	82.156	7.2304
chr11	78169444	78170544	2.0419e-06	78.032213	34	1.8003e-12	1.4549e-11	96.513	18.48
chr11	78226223	78226504	2.8539e-06	91.388889	30	2.8764e-11	2.0334e-11	98.056	6.6667
chr11	78251724	78252808	0.00045333	66.194457	29	7.7225e-10	3.23e-09	86.712	20.517
chr11	78261512	78262204	0.0072315	76.447468	21	3.0685e-07	5.1525e-08	88.749	12.302
chr11	78278956	78279672	0.0011218	89.550265	21	2.9088e-08	7.9929e-09	91.931	2.381
chr11	78281586	78282444	0.0019422	90.802469	27	2.8668e-10	1.3838e-08	93.395	2.5926
chr11	78322065	78322687	9.1239e-07	89.313725	34	1.389e-12	6.5009e-12	92.255	2.9412
chr11	78306770	78309274	2.6065e-14	80.239744	70	4.3521e-14	1.8572e-19	84.645	4.4048
chr11	78314755	78315858	0.00023451	79.860248	23	6.2158e-09	1.6709e-09	83.266	3.4058
chr11	78315862	78316466	0.038712	88.940476	20	3.6682e-07	2.7583e-07	94.774	5.8333
chr11	78331525	78333301	2.3291e-06	81.422902	42	4.7962e-14	1.6595e-11	88.248	6.8254
chr11	78338139	78339116	2.001e-05	75.275298	32	6.1964e-11	1.4258e-10	88.296	13.021
chr11	78343234	78344128	0.020576	57.240646	28	8.8617e-10	1.4661e-07	85.285	28.044
chr11	78334583	78335448	0.00041826	90.331633	28	1.4821e-10	2.9801e-09	93.223	2.8912
chr11	78353311	78355224	1.8079e-07	63.401468	53	4.3876e-13	1.2882e-12	76.923	13.522
chr11	78349616	78350042	1.9974e-06	79.224715	33	1.3382e-11	1.4232e-11	79.831	0.60606
chr11	78360312	78361599	0.0018814	82.112512	34	7.7354e-12	1.3405e-08	87.603	5.4902
chr11	78390973	78391539	0.019947	78.339538	25	1.55e-08	1.4212e-07	85.14	6.8
chr11	78358414	78359811	7.4826e-10	83.726852	48	4.0412e-14	5.3314e-15	92.894	9.1667
chr11	78439757	78440530	0.0020286	71.081007	29	7.7225e-10	1.4454e-08	76.368	5.2874
chr11	78591590	78592717	1.0243e-06	74.276992	36	6.094e-13	7.2985e-12	77.703	3.4259
chr11	78608352	78609202	0.024761	66.283847	17	6.4547e-07	1.7642e-07	77.46	11.176
chr11	78616221	78618040	4.3279e-05	64.892857	40	9.7844e-13	3.0837e-10	83.143	18.25
chr11	78638302	78639998	5.0965e-06	89.025689	38	1.1158e-13	3.6314e-11	91.219	2.193
chr11	78656812	78657758	0.04193	73.163265	21	1.791e-07	2.9876e-07	95.317	22.154
chr11	78660446	78662591	1.0036e-13	88.774549	59	4.4742e-14	7.1509e-19	89.763	0.9887
chr11	78662592	78663489	0.0015635	69.078734	24	6.0728e-09	1.114e-08	73.245	4.1667
chr11	78672276	78673218	0.00038331	91.721612	26	6.1792e-10	2.7311e-09	93.004	1.2821
chr11	78691587	78693369	5.0602e-05	76.110248	36	2.6101e-11	3.6055e-10	90.092	13.981
chr11	78676107	78677359	4.9951e-05	83.880719	34	9.1684e-12	3.5591e-10	92.214	8.3333
chr11	78697061	78698426	5.2786e-08	89.824134	40	5.7065e-14	3.7611e-13	92.324	2.5
chr11	78714297	78715353	7.5169e-05	75.602453	33	1.7693e-10	5.3559e-10	82.673	7.0707
chr11	78706524	78708356	4.1009e-11	86.378307	60	4.2966e-14	2.922e-16	89.212	2.8333
chr11	78708378	78709995	3.7305e-10	82.184786	53	4.0523e-14	2.658e-15	88.568	6.3836
chr11	78715686	78716295	0.0013825	80.367965	22	1.344e-08	9.8503e-09	81.277	0.90909
chr11	78719794	78721966	4.58e-12	80.578011	62	4.0301e-14	3.2633e-17	88.293	7.7151
chr11	78751610	78752452	0.020108	71.636905	24	6.868e-09	1.4327e-07	76.637	5
chr11	78753403	78754989	0.0046518	78.185812	28	4.4197e-08	3.3145e-08	91.876	13.69
chr11	78741387	78742341	0.0029468	65.791317	34	1.5278e-10	2.0996e-08	80.987	15.196
chr11	78760356	78761111	0.0015683	71.697723	23	7.0858e-09	1.1174e-08	93.509	21.812
chr11	78763399	78765246	5.7291e-08	78.631357	49	4.5075e-14	4.0821e-13	83.648	5.017
chr11	78781214	78782000	0.0093854	83.839683	25	2.1536e-09	6.6872e-08	91.44	7.6
chr11	78790597	78791456	0.00020008	76.726070	30	1.9433e-09	1.4256e-09	91.837	15.111
chr11	78794639	78795168	0.017701	68.266595	22	1.4573e-07	1.2612e-07	81.145	12.879
chr11	78801449	78802455	2.3896e-06	69.586340	36	4.0331e-12	1.7027e-11	83.343	13.757
chr11	78803558	78804497	0.042772	80.942706	22	9.9144e-08	3.0476e-07	93.821	12.879
chr11	78783613	78784352	0.0019824	85.418193	26	1.7327e-08	1.4125e-08	89.264	3.8462
chr11	78810617	78812536	1.0205e-05	73.716270	40	2.8366e-13	7.2712e-11	80.633	6.9167
chr11	78807637	78810114	6.5499e-10	77.598162	57	4.6074e-14	4.6669e-15	85.76	8.1621
chr11	78821939	78823307	0.035506	68.578270	29	2.4733e-08	2.5299e-07	77.199	8.6207
chr11	78829532	78830477	0.00021301	77.835279	33	2.0774e-11	1.5177e-09	87.179	9.3434
chr11	78823610	78825105	1.3098e-07	80.054628	42	4.563e-14	9.3323e-13	83.626	3.5714
chr11	78835434	78836852	2.2465e-05	78.304376	37	3.0453e-13	1.6007e-10	91.593	13.288
chr11	78862014	78862648	0.00096076	79.084565	29	1.1487e-10	6.8455e-09	83.682	4.5977
chr11	78859862	78860565	1.8145e-06	83.814935	32	6.2559e-12	1.2929e-11	90.884	7.0691
chr11	78860713	78861600	0.045541	84.223602	23	1.6088e-07	3.2449e-07	95.093	10.87
chr11	78864227	78864718	0.00037916	84.963370	26	6.9382e-10	2.7016e-09	88.81	3.8462
chr11	78896604	78897119	0.0084214	80.791925	23	7.0858e-09	6.0003e-08	89.488	8.6957
chr11	78891613	78893164	3.7093e-05	91.710454	29	6.1844e-11	2.6429e-10	94.297	2.5862
chr11	78941916	78942479	4.7976e-05	86.614583	32	9.9696e-12	3.4184e-10	94.427	7.8125
chr11	79014761	79015550	0.0422	85.260771	21	3.8734e-08	3.0068e-07	90.023	4.7619
chr11	79050353	79051389	0.0016889	87.266667	25	1.3329e-09	1.2033e-08	94.267	7
chr11	79097660	79098897	5.4936e-07	84.203581	43	4.452e-14	3.9143e-12	95.638	11.434
chr11	79113296	79115064	1.2969e-08	90.541126	44	4.452e-14	9.2406e-14	93.193	2.6515
chr11	79119976	79120461	0.0082	93.257576	22	1.344e-08	5.8426e-08	99.091	5.8333
chr11	79146129	79147131	0.034492	87.188426	19	1.3668e-07	2.4576e-07	92.89	5.7018
chr11	79176486	79177897	5.0234e-06	71.157738	40	1.4327e-11	3.5793e-11	80.324	9.1667
chr11	79479693	79480097	0.045631	67.250505	25	1.9416e-08	3.2513e-07	77.251	10
chr11	79466156	79466486	0.017408	84.193122	21	2.0509e-07	1.2404e-07	94.828	10.635
chr11	79566471	79567090	0.020738	58.089569	28	8.1209e-07	1.4776e-07	83.09	25
chr11	79635341	79635799	0.04627	20.341704	34	1.9429e-10	3.2968e-07	92.337	71.995
chr11	79673292	79674469	9.8696e-07	82.244898	35	9.277e-13	7.0323e-12	91.173	8.9286
chr11	79738029	79738809	0.042416	75.284392	24	1.8207e-07	3.0222e-07	90.562	15.278
chr11	79752064	79752664	0.0062591	87.523449	20	6.3019e-08	4.4597e-08	90.023	2.5
chr11	79776485	79777281	3.9853e-05	81.083744	29	5.2072e-10	2.8396e-10	89.417	8.3333
chr11	79764620	79764952	0.0039581	36.821084	33	4.5419e-11	2.8202e-08	91.977	55.156
chr11	79870118	79870534	0.0138	91.578947	19	1.3668e-07	9.8329e-08	93.333	1.7544
chr11	79877890	79879169	0.0018906	89.343712	26	6.1792e-10	1.3471e-08	91.908	2.5641
chr11	79918773	79919376	0.045815	66.966667	25	1.3801e-07	3.2644e-07	89.1	22.133
chr11	79930167	79931402	2.1199e-05	72.429473	40	3.5185e-12	1.5105e-10	87.424	14.994
chr11	80035930	80036963	0.00018814	76.404151	39	2.1383e-13	1.3406e-09	87.247	10.842
chr11	80058520	80060185	2.1922e-07	92.458282	39	7.2942e-14	1.5619e-12	94.168	1.7094
chr11	80094481	80096453	4.1636e-05	73.779762	40	3.4528e-13	2.9666e-10	82.113	8.3333
chr11	80098445	80099379	3.1466e-06	84.896825	30	2.8764e-11	2.242e-11	85.452	0.55556
chr11	80187984	80189335	0.00044346	78.642469	28	1.335e-09	3.1597e-09	87.571	8.9286
chr11	80195638	80196349	1.2087e-09	80.382950	46	4.5852e-14	8.6119e-15	83.064	2.6812
chr11	80201597	80202693	0.045655	71.283578	26	6.7069e-08	3.253e-07	88.271	16.987
chr11	80198656	80200799	7.3592e-10	80.030467	57	4.3743e-14	5.2436e-15	85.878	5.848
chr11	80186934	80187434	0.0007142	70.580952	25	1.3329e-09	5.0888e-09	73.714	3.1333
chr11	80208206	80209587	0.00018052	88.389183	27	2.8668e-10	1.2862e-09	90.241	1.8519
chr11	80211485	80212945	5.0692e-12	79.972659	57	3.9635e-14	3.6119e-17	87.633	7.6608
chr11	80216626	80217303	0.0079392	64.659722	40	2.5103e-12	5.6568e-08	82.368	17.708
chr11	80221226	80222752	1.6158e-09	78.562623	52	4.2188e-14	1.1513e-14	86.127	7.5641
chr11	80231505	80232403	9.6783e-05	67.255495	30	4.006e-10	6.8959e-10	82.478	15.222
chr11	80224920	80225777	0.001684	78.110119	24	3.262e-09	1.1999e-08	79.152	1.0417
chr11	80228119	80229068	9.9046e-10	91.550523	41	4.9072e-14	7.0572e-15	91.957	0.4065
chr11	80262224	80263529	0.034523	69.598997	19	1.3668e-07	2.4598e-07	96.792	27.193
chr11	80316304	80317958	8.2845e-16	73.173436	68	4.5741e-14	5.9028e-21	73.909	0.73529
chr11	80673264	80674126	0.007368	92.568027	21	2.9088e-08	5.2498e-08	96.854	4.2857
chr11	80692832	80694223	4.605e-05	81.494361	38	2.7628e-12	3.2811e-10	87.722	6.2281
chr11	80706046	80706765	0.0060921	87.952381	20	7.3268e-08	4.3407e-08	93.452	5.5
chr11	80686347	80688503	3.6296e-16	88.780063	66	4.5297e-14	2.5862e-21	90.093	1.3131
chr11	80707611	80708702	4.3723e-05	74.699248	38	1.541e-12	3.1153e-10	83.252	8.5526
chr11	80703501	80704925	2.8625e-08	84.615801	44	4.6296e-14	2.0395e-13	87.078	2.4621
chr11	80732210	80732821	9.3188e-05	77.111111	30	1.1488e-10	6.6398e-10	88.778	11.667
chr11	80745242	80746514	5.7992e-13	86.692308	65	4.3188e-14	4.132e-18	87.462	0.76923
chr11	80765568	80766285	0.00018949	74.037698	28	7.9935e-10	1.3502e-09	93.978	19.94
chr11	80764448	80765165	0.00015186	93.269231	26	6.1792e-10	1.082e-09	94.551	1.2821
chr11	80760438	80761887	5.963e-08	90.798375	42	4.7184e-14	4.2487e-13	94.37	3.5714
chr11	80766756	80767651	0.00077578	74.033333	25	2.7315e-09	5.5276e-09	88.033	14
chr11	80782476	80783428	0.0016988	78.173852	24	2.8772e-09	1.2104e-08	89.285	11.111
chr11	80793842	80794507	0.0020441	77.780717	27	2.8668e-10	1.4565e-08	92.287	14.506
chr11	80816908	80818341	0.00092156	85.589226	27	1.8354e-09	6.5662e-09	92.379	6.7901
chr11	80827088	80827729	0.0081775	78.030303	22	1.7666e-08	5.8266e-08	88.939	10.909
chr11	80832915	80833797	0.003329	89.659091	22	1.344e-08	2.372e-08	91.932	2.2727
chr11	80840200	80842327	3.8742e-10	82.075985	54	4.1855e-14	2.7604e-15	87.169	5.0926
chr11	80853535	80855209	0.00020202	75.699405	32	2.3339e-10	1.4394e-09	78.824	3.125
chr11	80876414	80877482	0.0098114	85.942857	25	1.3329e-09	6.9908e-08	91.276	5.3333
chr11	80888250	80888933	0.018519	89.009740	22	1.344e-08	1.3195e-07	93.555	4.5455
chr11	80900120	80900776	0.0017782	76.321839	29	1.7269e-08	1.267e-08	87.816	11.494
chr11	80915448	80917069	4.4691e-05	71.136054	35	1.7456e-09	3.1843e-10	81.612	10.476
chr11	80924134	80926449	4.4603e-12	87.987080	54	4.13e-14	3.178e-17	90.456	2.4691
chr11	80930235	80931051	6.9997e-05	81.286944	27	3.2051e-10	4.9874e-10	86.842	5.5556
chr11	80960836	80961958	9.5259e-05	87.951389	32	6.868e-12	6.7873e-10	92.378	4.4271
chr11	81009257	81010179	0.00098083	88.571429	28	1.331e-10	6.9885e-09	97.5	8.9286
chr11	81034370	81034928	0.0019151	85.288462	26	3.037e-09	1.3646e-08	98.75	13.462
chr11	81035565	81036795	0.041176	82.834031	21	2.9088e-08	2.9338e-07	88.39	5.5556
chr11	81051158	81052092	0.041929	85.103759	21	3.3576e-08	2.9875e-07	89.866	4.7619
chr11	81059263	81060469	0.0009565	87.205215	28	1.4821e-10	6.8152e-09	90.777	3.5714
chr11	81064466	81065831	0.0010119	77.012289	31	2.7153e-10	7.2098e-09	86.959	9.9462
chr11	81066139	81067729	0.00018123	66.892685	46	9.0912e-11	1.2913e-09	90.588	23.696
chr11	81093527	81094768	2.1719e-06	79.518717	34	1.4005e-11	1.5475e-11	84.911	5.3922
chr11	81095219	81097357	2.3446e-05	78.339768	37	1.78e-12	1.6706e-10	84.646	6.3063
chr11	81113597	81114864	2.4934e-06	87.152930	40	1.6747e-12	1.7766e-11	89.653	2.5
chr11	81115252	81117123	1.1682e-06	73.657107	44	8.4655e-13	8.3233e-12	83.127	9.4697
chr11	81110841	81112073	9.1793e-06	77.187425	33	3.5117e-12	6.5404e-11	86.783	9.596
chr11	81112170	81113264	0.016145	63.420635	30	9.8985e-07	1.1503e-07	77.587	14.167
chr11	81124011	81124561	0.0040031	90.033069	24	2.8772e-09	2.8523e-08	92.116	2.0833
chr11	81140582	81141690	0.017692	80.226757	21	2.6845e-07	1.2605e-07	88.957	8.7302
chr11	81132471	81134565	1.8669e-05	71.370264	43	5.3925e-11	1.3302e-10	85.401	14.031
chr11	81168788	81169590	1.5787e-08	86.171171	37	6.6847e-13	1.1248e-13	87.523	1.3514
chr11	81177857	81178948	0.017373	86.859410	21	2.0509e-07	1.2378e-07	91.621	4.7619
chr11	81189310	81189939	6.0436e-06	93.842365	29	6.8604e-11	4.3062e-11	97.291	3.4483
chr11	81198587	81200639	0.012781	60.781069	41	9.0412e-10	9.107e-08	83.952	23.171
chr11	81213140	81213766	0.045117	86.956522	23	3.2902e-08	3.2147e-07	95.652	8.6957
chr11	81220771	81221341	0.0062763	80.668651	20	6.3019e-08	4.472e-08	82.335	1.6667
chr11	81225018	81225437	0.0017307	82.442130	24	2.8772e-09	1.2332e-08	90.775	8.3333
chr11	81237322	81237973	0.0010116	75.379464	32	9.0818e-12	7.2076e-09	90.432	15.052
chr11	81237974	81238690	0.042223	70.593501	27	3.1263e-06	3.0085e-07	85.408	14.815
chr11	81263408	81264790	0.040377	73.231293	21	7.841e-08	2.8769e-07	84.66	11.429
chr11	81278801	81279289	0.015953	69.940476	20	9.8827e-08	1.1367e-07	77.44	7.5
chr11	81281269	81283186	0.00022376	85.130719	34	1.2869e-11	1.5943e-09	91.503	6.3725
chr11	81288257	81288440	1.1504e-05	79.960317	28	1.331e-10	8.197e-11	99.603	19.643
chr11	81294283	81294739	0.038493	90.238095	20	3.1798e-07	2.7427e-07	97.738	7.5
chr11	81291725	81293416	5.2877e-08	79.961815	53	4.1855e-14	3.7676e-13	88.452	8.4906
chr11	81297954	81299190	0.042824	90.378788	22	1.344e-08	3.0513e-07	91.894	1.5152
chr11	81306438	81308036	2.2365e-06	79.034014	35	4.5934e-11	1.5935e-11	86.891	7.8571
chr11	81309406	81310906	0.00018671	76.078936	37	3.2664e-12	1.3303e-09	87.34	11.261
chr11	81301453	81303103	2.1609e-07	87.103175	36	3.3606e-13	1.5397e-12	89.881	2.7778
chr11	81303103	81304457	2.3273e-05	74.011338	35	5.3732e-10	1.6583e-10	80.202	6.1905
chr11	81362504	81363875	0.01146	83.743386	18	3.5093e-07	8.1657e-08	91.151	7.4074
chr11	81358191	81358490	0.0014362	88.043478	23	6.2158e-09	1.0233e-08	94.565	6.5217
chr11	81358490	81359984	0.00021895	77.972350	31	1.1363e-09	1.5601e-09	89.263	11.29
chr11	81432539	81433466	0.045383	75.810904	23	7.81e-08	3.2336e-07	85.956	10.145
chr11	81449183	81450069	0.00041904	73.515105	31	9.5274e-10	2.9857e-09	79.729	6.2135
chr11	81455254	81456642	0.0013207	80.070346	22	1.7666e-08	9.4103e-09	89.161	9.0909
chr11	81462029	81462810	0.042013	83.639456	21	2.9088e-08	2.9935e-07	85.227	1.5873
chr11	81464261	81464932	9.0273e-11	95.272436	52	3.9413e-14	6.4321e-16	98.157	2.8846
chr11	81484010	81484714	0.00064289	93.864734	23	6.2158e-09	4.5807e-09	96.039	2.1739
chr11	81489532	81490797	0.0040092	68.919891	32	7.8361e-08	2.8566e-08	91.055	22.135
chr11	81474453	81475293	0.0017335	76.839683	25	2.1536e-09	1.2351e-08	82.006	5.1667
chr11	81513482	81514136	0.034658	90.058480	19	1.3668e-07	2.4694e-07	92.69	2.6316
chr11	81525946	81526997	0.040307	83.444171	29	1.6794e-09	2.8719e-07	92.065	8.6207
chr11	81556445	81557988	1.8121e-05	77.919380	36	2.6101e-11	1.2911e-10	87.873	9.9537
chr11	81616359	81617400	0.00044943	70.920635	30	4.7807e-09	3.2023e-09	80.365	9.4444
chr11	81633758	81634587	0.019324	80.290240	22	1.1279e-07	1.3769e-07	87.108	6.8182
chr11	81684138	81685287	0.0091128	82.738095	17	6.4547e-07	6.493e-08	94.013	11.275
chr11	81729582	81730633	0.0021797	80.044534	29	5.2072e-10	1.553e-08	89.24	9.1954
chr11	81744774	81746189	4.7848e-06	91.749533	34	8.4236e-12	3.4092e-11	94.691	2.9412
chr11	81754430	81754935	0.00015703	84.616911	26	6.9382e-10	1.1188e-09	86.54	1.9231
chr11	81756095	81756752	0.00033631	78.465079	25	1.3842e-08	2.3963e-09	82.465	4
chr11	81791762	81793137	0.021411	65.061728	27	1.3804e-07	1.5256e-07	77.222	12.16
chr11	81865146	81866253	0.017446	60.215054	31	1.0686e-07	1.2431e-07	64.516	4.3011
chr11	81858125	81859010	1.4026e-08	74.805637	49	4.1966e-14	9.994e-14	77.527	2.7211
chr11	81876803	81878012	1.0397e-08	88.485604	43	4.674e-14	7.4077e-14	91.121	2.6357
chr11	81889805	81890545	0.01146	87.314815	18	2.9682e-07	8.1657e-08	90.093	2.7778
chr11	81891495	81894215	2.3342e-06	73.350836	54	4.6185e-14	1.6632e-11	86.808	13.457
chr11	81901890	81902460	0.019566	70.338828	26	9.107e-09	1.3941e-07	84.505	14.167
chr11	81914046	81915359	0.0019761	85.767566	26	5.2806e-09	1.408e-08	91.537	5.7692
chr11	81918123	81919547	0.00096254	72.284226	32	1.0582e-10	6.8583e-09	89.159	16.875
chr11	81958972	81959656	1.3648e-06	93.061756	32	6.2559e-12	9.7246e-12	94.103	1.0417
chr11	82051244	82052431	0.00088453	81.369048	26	3.3945e-09	6.3024e-09	83.292	1.9231
chr11	82072323	82073308	0.00044745	86.001393	29	3.8651e-10	3.1882e-09	89.45	3.4483
chr11	82144911	82146149	0.00010707	84.458874	33	2.0774e-11	7.6287e-10	89.004	4.5455
chr11	82162616	82163859	0.00021643	65.260417	32	5.0753e-10	1.5421e-09	70.99	5.7292
chr11	82164290	82166214	7.0745e-09	80.526849	47	5.1181e-14	5.0407e-14	82.3	1.773
chr11	82199475	82200632	0.00018042	88.259259	30	3.5142e-11	1.2855e-09	92.704	4.4444
chr11	82220468	82222537	5.1576e-06	85.952381	36	2.1418e-12	3.6748e-11	89.656	3.7037
chr11	82241530	82242704	0.00046465	75.891617	32	9.0818e-12	3.3107e-09	80.058	4.1667
chr11	82238434	82239340	0.0018864	84.807692	26	7.7879e-10	1.3441e-08	91.218	6.4103
chr11	82260967	82261680	0.00021143	75.829365	30	3.0123e-10	1.5065e-09	85.274	9.4444
chr11	82269522	82270972	0.0045626	70.490741	30	7.4386e-09	3.2509e-08	79.38	8.8889
chr11	82273216	82274298	1.0124e-06	77.044218	35	8.5532e-13	7.2138e-12	79.425	2.381
chr11	82293608	82294598	0.00081545	93.131868	26	3.3945e-09	5.8102e-09	96.978	3.8462
chr11	82327769	82328254	0.007377	76.349206	21	3.0685e-07	5.2562e-08	81.111	4.7619
chr11	82349992	82351284	2.2116e-07	88.973064	39	7.7494e-14	1.5758e-12	90.255	1.2821
chr11	82399240	82399840	1.4309e-05	62.723923	28	1.6499e-10	1.0195e-10	67.486	4.7619
chr11	82445153	82446779	0.0009888	75.898642	29	1.0367e-10	7.0453e-09	83.657	7.7586
chr11	82477844	82479102	0.043803	74.543651	24	1.4246e-08	3.121e-07	78.016	3.4722
chr11	82514812	82515802	0.041393	82.369615	21	1.3633e-07	2.9493e-07	83.957	1.5873
chr11	82530263	82531498	0.0052762	83.189223	19	1.3668e-07	3.7594e-08	85.821	2.6316
chr11	82536452	82537764	0.0018789	72.693603	33	4.5419e-11	1.3387e-08	80.774	8.0808
chr11	82543104	82544599	0.0019266	82.580891	26	6.9382e-10	1.3727e-08	84.504	1.9231
chr11	82553861	82555045	2.3726e-05	86.267436	36	3.596e-13	1.6905e-10	89.277	3.0093
chr11	82562035	82562561	0.045315	76.364469	26	1.0992e-09	3.2288e-07	86.621	10.256
chr11	82583844	82584933	1.224e-06	78.937075	42	7.5051e-14	8.7211e-12	87.747	8.8095
chr11	82569716	82571054	2.7883e-08	74.980159	46	4.4631e-14	1.9867e-13	86.031	11.051
chr11	82589895	82590372	4.9439e-05	89.186508	36	3.3606e-13	3.5226e-10	89.742	0.55556
chr11	82600130	82600827	0.034391	84.849624	19	8.6848e-07	2.4504e-07	90.113	5.2632
chr11	82621682	82622807	0.0030539	71.188142	34	1.9605e-11	2.1759e-08	82.169	10.98
chr11	82642060	82644089	3.5664e-10	74.700711	54	4.2077e-14	2.5411e-15	79.793	5.0926
chr11	82639806	82640140	0.0042747	88.055556	25	1.3329e-09	3.0458e-08	98.056	10
chr11	82714973	82715747	0.038567	67.673332	21	3.8734e-08	2.7479e-07	77.594	9.9206
chr11	82755037	82755951	0.00037146	84.489796	28	8.8617e-10	2.6467e-09	96.097	11.607
chr11	82733458	82735465	2.7218e-07	82.532738	40	6.0063e-14	1.9393e-12	94.908	12.375
chr11	82740895	82741680	0.0091756	77.023561	29	4.3419e-09	6.5377e-08	91.391	14.368
chr11	82756510	82757020	0.0028933	86.145125	21	2.9088e-08	2.0616e-08	93.447	7.3016
chr11	82758304	82759676	1.0513e-05	71.593915	36	3.0416e-11	7.4905e-11	83.168	11.574
chr11	82784678	82786437	0.020657	69.600340	28	2.5252e-08	1.4719e-07	81.922	12.321
chr11	82807883	82809591	1.9007e-12	77.390253	64	4.4853e-14	1.3543e-17	82.885	5.4948
chr11	82812385	82813278	0.00086434	70.680708	26	1.9396e-09	6.1586e-09	73.886	3.2051
chr11	82760017	82761074	0.016782	72.110523	27	3.847e-09	1.1957e-07	79.518	7.4074
chr11	82746337	82747249	0.0021526	88.077682	30	1.6936e-10	1.5337e-08	96.411	8.3333
chr11	82814182	82815010	1.0295e-05	79.850999	34	1.389e-12	7.3357e-11	82.743	2.8922
chr11	82838256	82839467	0.0039977	71.477513	30	1.5374e-10	2.8484e-08	78.144	6.6667
chr11	82833368	82834443	0.0018266	71.656463	35	8.5145e-12	1.3015e-08	86.323	14.667
chr11	82847246	82847570	0.043556	81.384953	22	1.879e-07	3.1034e-07	85.93	4.5455
chr11	82852889	82853953	0.0010117	82.861248	29	9.3535e-11	7.2083e-09	87.287	4.4253
chr11	82851464	82852374	0.010888	63.478121	37	7.3457e-11	7.758e-08	81.091	17.613
chr11	82854495	82855380	0.046625	73.110119	24	3.2749e-08	3.3221e-07	86.999	13.889
chr11	82863712	82865224	1.042e-05	71.040816	35	1.0053e-10	7.4245e-11	74.85	3.8095
chr11	82871363	82872208	0.007974	67.006920	22	1.1279e-07	5.6816e-08	89.81	22.803
chr11	82792802	82793724	4.5485e-06	78.014671	33	1.9028e-11	3.2409e-11	95.944	17.929
chr11	82900629	82900882	0.017795	91.466364	21	2.9088e-08	1.2679e-07	94.006	2.5397
chr11	82918753	82919804	0.00010004	76.564153	36	9.7233e-13	7.1282e-10	82.12	5.5556
chr11	82969071	82970144	0.0063126	81.660714	20	8.5123e-08	4.4978e-08	84.161	2.5
chr11	82967847	82968525	0.036866	77.162149	20	6.3019e-08	2.6268e-07	86.78	9.6181
chr11	83006702	83008145	1.1133e-05	85.035393	37	6.9553e-12	7.9325e-11	93.144	8.1081
chr11	83065878	83066691	9.4006e-06	81.683007	34	3.2836e-12	6.6981e-11	85.114	3.4314
chr11	83077327	83078295	2.3665e-05	81.993146	38	5.6399e-13	1.6862e-10	89.888	7.8947
chr11	83115050	83115781	0.02163	90.485714	25	1.3329e-09	1.5411e-07	92.486	2
chr11	83172657	83173690	0.0041755	77.323510	26	6.9382e-10	2.9751e-08	80.437	3.1136
chr11	83170995	83171891	0.00070819	81.813823	24	2.8772e-09	5.0459e-09	90.494	8.6806
chr11	83190546	83190985	0.019184	86.893939	22	1.344e-08	1.3669e-07	91.439	4.5455
chr11	83255262	83256770	1.1269e-05	72.655223	36	5.6777e-13	8.0293e-11	91.683	19.028
chr11	83278803	83280402	0.00094756	71.248727	34	1.8003e-12	6.7515e-09	94.974	23.725
chr11	83318628	83320402	8.676e-11	79.204015	51	4.3299e-14	6.1818e-16	82.145	2.9412
chr11	83301882	83302538	0.046156	64.249482	23	1.987e-08	3.2887e-07	78.38	14.13
chr11	83345780	83346918	0.021216	78.981990	26	7.7879e-10	1.5117e-07	86.198	7.2161
chr11	83342997	83344536	5.1132e-06	80.766093	36	4.5275e-13	3.6432e-11	83.544	2.7778
chr11	83344739	83345156	0.00069542	73.438209	28	6.5944e-09	4.955e-09	82.188	8.75
chr11	83308706	83309184	0.0096982	65.023310	26	2.7163e-09	6.9101e-08	68.869	3.8462
chr11	83404088	83406215	2.3355e-06	83.379476	43	1.007e-13	1.6641e-11	94.659	11.279
chr11	83401603	83403193	6.7855e-09	83.323810	50	4.13e-14	4.8347e-14	86.157	2.8333
chr11	83410507	83410944	0.029881	89.113757	18	2.9682e-07	2.1291e-07	92.077	2.963
chr11	83415540	83416878	0.0021137	88.664477	29	6.8604e-11	1.5061e-08	90.389	1.7241
chr11	83418916	83420293	1.4841e-12	84.711461	59	4.4742e-14	1.0575e-17	87.678	2.9661
chr11	83435215	83436546	8.8352e-08	85.122024	40	5.7065e-14	6.2952e-13	95.539	10.417
chr11	83439011	83442513	1.5955e-18	82.876267	83	4.2411e-14	1.1368e-23	89.729	6.8531
chr11	83449074	83450860	0.00047412	77.657528	33	2.6838e-10	3.3782e-09	79.021	1.3636
chr11	83336222	83337906	7.3329e-10	80.155556	50	4.6629e-14	5.2248e-15	85.656	5.5
chr11	83633542	83635548	9.4377e-06	68.866342	44	5.6766e-13	6.7245e-11	80.609	11.742
chr11	83683890	83685349	1.2908e-10	79.175259	55	4.6296e-14	9.1968e-16	81.903	2.7273
chr11	83699865	83700826	0.043661	72.429453	27	2.6679e-08	3.1109e-07	89.713	17.284
chr11	83704792	83705738	0.044506	59.038462	26	3.2899e-07	3.1711e-07	62.885	3.8462
chr11	83727398	83728193	0.00061002	74.677364	23	7.0858e-09	4.3464e-09	83.373	8.6957
chr11	83724835	83725286	0.00016743	72.429453	27	3.847e-09	1.1929e-09	77.985	5.5556
chr11	83754062	83754869	0.00010111	92.919147	32	6.868e-12	7.2045e-10	94.482	1.5625
chr11	83762696	83763754	0.021204	79.826007	26	5.8926e-09	1.5109e-07	88.8	8.9744
chr11	83773310	83774242	0.0018097	72.490108	31	3.2562e-10	1.2895e-08	81.469	8.9785
chr11	83780518	83781380	0.00037339	72.921245	26	5.2806e-09	2.6605e-09	88.947	16.026
chr11	83685959	83687898	1.6532e-10	84.250817	49	4.6518e-14	1.178e-15	87.482	3.2313
chr11	83814290	83814715	0.029881	93.149952	18	2.9682e-07	2.1291e-07	95.002	1.8519
chr11	83817368	83817970	0.034485	80.426065	19	1.8756e-07	2.4571e-07	89.198	8.7719
chr11	83803630	83804855	0.0010051	86.754242	29	6.1844e-11	7.1613e-09	88.478	1.7241
chr11	83829285	83830532	0.017646	72.140458	31	4.6717e-10	1.2573e-07	85.581	13.441
chr11	83936985	83937865	0.0016624	72.807540	24	2.9113e-08	1.1845e-08	85.308	12.5
chr11	83962324	83963041	0.034344	84.747095	19	1.3668e-07	2.447e-07	87.379	2.6316
chr11	83964628	83966084	0.00021084	86.853175	30	2.8764e-11	1.5023e-09	90.742	3.8889
chr11	83972452	83972945	0.0095191	79.807692	26	6.7069e-08	6.7825e-08	85.577	5.7692
chr11	83968808	83969054	0.034162	94.298246	19	1.3668e-07	2.4341e-07	96.93	2.6316
chr11	84049125	84050368	0.02086	80.779915	26	8.7388e-10	1.4863e-07	91.293	10.513
chr11	84046764	84048115	0.00017027	78.902448	29	9.3535e-11	1.2132e-09	87.523	8.6207
chr11	84021071	84022216	0.034315	68.707185	19	1.3668e-07	2.445e-07	91.69	22.982
chr11	84068510	84069494	0.01146	83.457757	18	2.9682e-07	8.1657e-08	84.847	1.3889
chr11	84256479	84256977	0.0039559	78.918651	24	6.0728e-09	2.8187e-08	93.155	14.236
chr11	84273299	84273618	0.0038983	57.852564	26	4.9317e-08	2.7776e-08	91.122	33.269
chr11	84286638	84287450	0.041153	70.102322	22	1.4573e-07	2.9322e-07	87.678	17.576
chr11	84306160	84306687	0.008729	75.419255	23	6.1151e-08	6.2195e-08	79.767	4.3478
chr11	84304370	84304851	0.0042181	80.064646	25	9.8355e-09	3.0054e-08	90.065	10
chr11	84307448	84308054	1.3306e-05	90.833333	28	1.331e-10	9.4806e-11	93.512	2.6786
chr11	84426602	84427500	0.0044242	76.149376	28	1.0883e-09	3.1523e-08	93.709	17.56
chr11	84432877	84433267	0.020526	73.174603	24	4.1878e-09	1.4625e-07	90.327	17.153
chr11	84445273	84447724	2.2948e-09	91.842404	42	4.7184e-14	1.6351e-14	94.382	2.5397
chr11	84460216	84461221	1.0695e-05	72.651223	37	1.1312e-12	7.6203e-11	76.03	3.3784
chr11	84484304	84484931	0.00078687	91.266667	25	1.5036e-09	5.6066e-09	93.267	2
chr11	84466110	84467908	1.4453e-08	79.390476	50	3.9746e-14	1.0298e-13	84.39	5
chr11	84502579	84504577	2.5027e-06	76.615646	42	2.3648e-12	1.7832e-11	88.124	11.508
chr11	84496198	84497527	0.0044145	73.704212	26	7.3304e-09	3.1454e-08	79.473	5.7692
chr11	84518001	84518818	0.040548	70.316963	29	2.2617e-08	2.8891e-07	78.363	8.046
chr11	84564329	84565043	0.015717	92.166667	20	6.3019e-08	1.1199e-07	93.417	1.25
chr11	84575854	84577043	2.254e-05	91.115535	34	5.9879e-12	1.606e-10	92.096	0.98039
chr11	84601481	84604087	3.6757e-15	73.335348	77	4.5075e-14	2.619e-20	80.478	7.1429
chr11	84607148	84609421	0.00021154	73.234127	36	2.8475e-10	1.5072e-09	85.734	12.5
chr11	84600457	84600710	0.00097974	77.688234	28	1.331e-10	6.9808e-09	79.474	1.7857
chr11	84638213	84639210	0.04149	89.442383	21	2.9088e-08	2.9562e-07	90.633	1.1905
chr11	84639231	84640447	0.041842	75.654762	28	5.9796e-09	2.9813e-07	86.25	10.595
chr11	84673498	84675727	2.918e-13	81.712185	68	4.0412e-14	2.0791e-18	89.065	7.3529
chr11	84691960	84692669	0.014675	66.952862	33	9.1442e-10	1.0456e-07	87.155	20.202
chr11	84696565	84697918	2.5394e-06	74.567364	41	1.2967e-12	1.8094e-11	87.982	13.415
chr11	84773328	84773763	0.0070747	84.962207	21	2.9088e-08	5.0408e-08	91.878	6.9161
chr11	84775737	84777393	0.0020354	82.689776	32	7.54e-12	1.4503e-08	91.856	9.1667
chr11	84813242	84813906	0.00093346	77.376623	30	7.0384e-11	6.651e-09	85.71	8.3333
chr11	84816292	84817576	0.04424	75.064935	22	2.6516e-08	3.1522e-07	78.474	3.4091
chr11	84825245	84826639	2.1193e-05	85.371148	34	1.5136e-12	1.51e-10	90.273	4.902
chr11	84832012	84832906	0.0041284	91.164021	24	1.2628e-08	2.9416e-08	93.247	2.0833
chr11	84830234	84831297	7.6424e-06	77.356520	44	5.3735e-14	5.4453e-11	85.273	7.9167
chr11	84837012	84838958	9.5354e-07	75.699708	49	4.6518e-14	6.7941e-12	86.244	10.544
chr11	84844955	84845971	0.00043423	77.181122	28	1.4781e-09	3.0939e-09	80.753	3.5714
chr11	84841139	84842205	0.0046562	78.747166	28	1.6499e-10	3.3176e-08	84.7	5.9524
chr11	84854672	84855613	2.5981e-06	85.467980	29	6.1844e-11	1.8512e-11	95.238	9.7701
chr11	84859081	84860292	0.00046592	76.190476	30	4.2898e-11	3.3197e-09	79.302	3.1111
chr11	84863606	84864683	0.0074962	70.735294	34	1.1743e-09	5.3411e-08	86.422	15.686
chr11	85067889	85069952	1.3195e-07	85.846561	45	4.6074e-14	9.4014e-13	89.735	3.8889
chr11	85149700	85150282	0.020742	72.751832	26	9.107e-09	1.4779e-07	88.265	15.513
chr11	85157058	85158437	0.0004244	72.591390	33	7.5992e-11	3.0239e-09	83.703	11.111
chr11	85152463	85154863	5.7601e-13	72.472171	77	4.1078e-14	4.1042e-18	85.567	13.095
chr11	85161871	85163307	3.9895e-05	77.624008	32	8.2758e-12	2.8426e-10	82.155	4.5312
chr11	85245669	85245898	0.029881	92.222222	18	2.9682e-07	2.1291e-07	95	2.7778
chr11	85330275	85330447	0.034299	88.157895	19	7.4784e-07	2.4438e-07	93.421	5.2632
chr11	85541623	85542633	0.00065349	85.451389	24	1.4246e-08	4.6562e-09	97.951	12.5
chr11	85635224	85636159	7.571e-05	85.712353	28	1.331e-10	5.3944e-10	91.784	6.0714
chr11	85636239	85637415	0.00046705	75.280112	34	3.9217e-09	3.3278e-09	90.231	14.951
chr11	85666106	85667278	0.027881	76.766457	34	1.0205e-10	1.9866e-07	87.551	10.784
chr11	85671259	85672065	0.00070768	86.736111	24	2.8772e-09	5.0423e-09	94.028	7.2917
chr11	85752402	85752979	0.0063444	88.597222	20	6.3019e-08	4.5205e-08	89.847	1.25
chr11	85761173	85762589	0.0020251	82.932099	27	1.8354e-09	1.4429e-08	90.648	7.716
chr11	85770126	85771439	3.9713e-05	70.532880	42	1.1133e-12	2.8296e-10	81.604	11.071
chr11	85817704	85818624	0.00080889	79.866667	25	7.8175e-09	5.7634e-09	81.867	2
chr11	85781039	85781134	0.0008252	-72.736626	27	3.2512e-08	5.8797e-09	16.77	89.506
chr11	85867346	85867641	0.042134	78.057143	25	5.8575e-08	3.0021e-07	92.724	14.667
chr11	85889466	85889701	0.01555	76.519661	20	6.3019e-08	1.1079e-07	94.02	17.5
chr11	85915971	85916456	0.00043657	68.416667	30	1.042e-10	3.1106e-09	72.861	4.4444
chr11	86231979	86232968	0.0043159	80.490476	25	2.1e-07	3.0751e-08	88.49	8
chr11	86272270	86273958	1.0473e-05	78.759820	36	8.33e-13	7.4621e-11	89.501	10.741
chr11	86274335	86275106	0.02068	72.893634	26	2.3796e-08	1.4735e-07	81.547	8.6538
chr11	86279700	86281157	1.0927e-07	70.916993	42	1.4266e-13	7.786e-13	86.155	15.238
chr11	86277789	86278479	0.019692	84.018288	23	7.0858e-09	1.4031e-07	86.813	2.795
chr11	86285603	86286462	0.0038041	78.916718	28	3.1235e-10	2.7104e-08	88.959	10.043
chr11	86287475	86288571	0.015268	76.174242	20	7.3268e-08	1.0879e-07	83.341	7.1667
chr11	86306137	86307493	0.045661	76.448413	24	5.3674e-09	3.2534e-07	84.087	7.6389
chr11	86301217	86303096	4.3461e-11	79.561540	61	4.5741e-14	3.0967e-16	84.206	4.6448
chr11	86318204	86318766	0.00090828	93.662551	27	2.8668e-10	6.4717e-09	96.44	2.7778
chr11	86313128	86314285	0.0044655	81.766721	27	2.8064e-09	3.1817e-08	89.421	7.6543
chr11	86320025	86321101	9.2195e-05	79.082973	30	5.7773e-11	6.569e-10	86.067	6.9841
chr11	86321427	86322462	0.00015948	91.231407	26	6.1792e-10	1.1363e-09	93.763	2.5321
chr11	86347737	86348711	0.019744	71.302438	28	7.2705e-09	1.4068e-07	81.719	10.417
chr11	86349624	86350430	0.010046	85.407157	26	3.3945e-09	7.1577e-08	90.599	5.1923
chr11	86354683	86355112	0.040609	78.219955	21	3.3576e-08	2.8935e-07	80.601	2.381
chr11	86367991	86368805	0.016993	78.037634	31	1.4292e-10	1.2107e-07	89.328	11.29
chr11	86361784	86362247	0.0019105	80.511204	34	9.1684e-12	1.3613e-08	93.305	12.794
chr11	86419450	86419845	0.038808	87.958333	20	6.3019e-08	2.7651e-07	95.458	7.5
chr11	86445319	86446349	0.0037198	74.751401	34	6.7921e-11	2.6504e-08	93.463	18.711
chr11	86706364	86706915	2.7278e-08	38.667528	51	4.6185e-14	1.9436e-13	83.86	45.193
chr11	86761664	86762730	0.01948	77.442750	23	9.1954e-09	1.388e-07	85.414	7.971
chr11	86764684	86765780	0.0094813	75.735544	28	2.9921e-09	6.7556e-08	78.116	2.381
chr11	86736596	86737181	0.00012275	16.813047	54	2.6198e-11	8.746e-10	91.513	74.699
chr11	86766954	86767938	1.9016e-06	80.319983	33	1.4616e-11	1.3549e-11	83.35	3.0303
chr11	86768746	86769412	0.020905	75.458554	27	7.0873e-08	1.4895e-07	85.026	9.5679
chr11	86785378	86786907	1.0831e-08	77.552145	44	4.3077e-14	7.717e-14	84.073	6.5206
chr11	86809439	86810434	0.0032975	71.041667	32	8.4518e-10	2.3495e-08	85.938	14.896
chr11	86818532	86818825	0.018813	64.047619	22	2.6516e-08	1.3405e-07	92.835	28.788
chr11	86836199	86836780	0.044852	79.782609	23	1.7496e-08	3.1958e-07	88.478	8.6957
chr11	86888084	86889522	4.497e-05	77.698413	35	1.7877e-12	3.2042e-10	84.841	7.1429
chr11	86897443	86898697	4.9929e-05	84.373898	36	3.5424e-11	3.5575e-10	88.078	3.7037
chr11	86895595	86896569	0.018391	60.300672	26	5.2806e-09	1.3104e-07	75.365	15.064
chr11	86899512	86900293	3.9257e-06	87.540923	32	9.0818e-12	2.7971e-11	93.27	5.7292
chr11	86974148	86974609	0.0098282	79.903846	26	6.1792e-10	7.0027e-08	92.724	12.821
chr11	86972839	86973717	0.0091794	81.731151	24	1.8108e-08	6.5405e-08	93.189	11.458
chr11	86987918	86988890	0.00036578	78.873626	26	6.9382e-10	2.6062e-09	95.54	16.667
chr11	86975716	86976481	4.535e-05	70.490620	33	4.5992e-12	3.2313e-10	83.066	12.576
chr11	87019914	87020596	0.037716	79.349206	20	7.3268e-08	2.6873e-07	95.516	16.167
chr11	87053562	87054512	0.0004281	85.565840	28	1.331e-10	3.0503e-09	93.304	7.7381
chr11	87220012	87222494	2.9826e-08	65.588528	50	4.5852e-14	2.1251e-13	88.322	22.733
chr11	85731857	85732186	0.0093804	-67.729828	24	2.298e-08	6.6836e-08	6.3773	74.107
chr11	87238918	87240554	9.4096e-08	81.462743	36	3.3606e-13	6.7045e-13	88.546	7.0833
chr11	87321323	87323086	3.7057e-06	70.057425	48	1.1724e-13	2.6403e-11	85.71	15.652
chr11	87296083	87296950	5.3285e-07	86.744186	43	4.6629e-14	3.7967e-12	93.333	6.5891
chr11	87346285	87347071	0.0034235	79.099928	22	1.344e-08	2.4393e-08	92.509	13.409
chr11	87368939	87369922	0.016899	45.187551	32	1.2212e-07	1.2041e-07	74.942	29.754
chr11	87372012	87373226	4.4095e-05	50.447479	38	2.3868e-12	3.1418e-10	72.209	21.761
chr11	87373372	87374200	7.7095e-06	58.983662	47	5.429e-14	5.4931e-11	66.886	7.9027
chr11	87377685	87378945	0.0046653	75.637755	28	5.9796e-09	3.3241e-08	89.983	14.345
chr11	87247031	87247832	0.0046644	90.916821	28	1.331e-10	3.3234e-08	92.107	1.1905
chr11	87436827	87438396	2.2155e-06	74.657102	39	1.0558e-13	1.5786e-11	89.187	14.53
chr11	87458585	87461673	1.5733e-18	79.778264	86	4.3743e-14	1.121e-23	90.902	11.124
chr11	87470152	87471369	0.044956	71.149696	23	1.0468e-08	3.2032e-07	76.947	5.7971
chr11	87507894	87508065	0.021242	-49.135802	27	2.0075e-07	1.5135e-07	10.123	59.259
chr11	87579736	87581823	1.2057e-13	78.662972	71	4.6851e-14	8.5909e-19	81.245	2.5822
chr11	87587649	87589319	3.0335e-14	79.947541	72	4.4298e-14	2.1614e-19	84.924	4.9769
chr11	87596361	87597389	0.00010142	86.843998	32	4.7306e-11	7.2264e-10	93.615	6.7708
chr11	87603549	87604063	0.034446	87.543860	19	1.3668e-07	2.4543e-07	89.298	1.7544
chr11	87592893	87594100	1.0747e-05	80.904316	34	1.6506e-12	7.6571e-11	85.316	4.4118
chr11	87594148	87595970	3.1637e-12	75.083574	66	4.4187e-14	2.2542e-17	85.21	10.126
chr11	87633600	87634079	0.007081	88.492063	21	2.9088e-08	5.0453e-08	97.222	8.7302
chr11	87647632	87648096	5.1903e-10	79.958472	43	5.6621e-14	3.6982e-15	82.284	2.3256
chr11	87648096	87648478	0.0035738	82.065217	23	4.779e-08	2.5464e-08	86.413	4.3478
chr11	87662331	87662998	0.00047311	53.330773	31	1.047e-08	3.371e-09	81.825	28.495
chr11	87680799	87681830	0.044509	68.002646	27	1.0725e-09	3.1713e-07	81.583	13.58
chr11	87688054	87688365	8.5784e-05	67.027650	31	2.6294e-11	6.1122e-10	68.641	1.6129
chr11	87665800	87666936	2.4337e-06	79.989557	38	1.4366e-13	1.7341e-11	83.279	3.2895
chr11	87692896	87693511	0.0084666	59.605117	39	2.0077e-10	6.0326e-08	74.605	15
chr11	87712057	87713145	1.0812e-05	80.010253	38	7.4729e-13	7.7039e-11	89.396	9.386
chr11	87716559	87717503	0.016579	63.963562	32	1.2212e-07	1.1813e-07	83.026	19.062
chr11	87722877	87723579	0.00020659	83.390805	29	9.3535e-11	1.472e-09	91.264	7.8736
chr11	87732124	87733814	2.1024e-07	77.104978	44	5.1736e-14	1.498e-12	86.575	9.4697
chr11	87730980	87731813	1.0648e-06	78.125000	36	3.8969e-13	7.5866e-12	81.829	3.7037
chr11	87705315	87707510	1.579e-18	75.165378	89	4.6851e-14	1.125e-23	83.105	7.9401
chr11	87759849	87760663	5.2491e-07	91.969112	37	1.9196e-13	3.74e-12	96.654	4.6847
chr11	87763497	87763686	0.038545	81.847222	20	5.6075e-07	2.7464e-07	86.847	5
chr11	87746213	87746554	0.046725	74.490476	25	5.8575e-08	3.3292e-07	93.157	18.667
chr11	87771149	87771976	0.0019	82.698413	25	1.3329e-09	1.3538e-08	93.698	11
chr11	87764267	87765187	0.0018863	80.503663	26	6.9382e-10	1.344e-08	82.427	1.9231
chr11	87853628	87856020	5.5001e-08	76.969246	48	4.5741e-14	3.9189e-13	81.136	4.1667
chr11	87863858	87864539	4.463e-05	67.242704	31	2.4789e-10	3.18e-10	73.694	6.4516
chr11	87857630	87858114	0.038709	73.430556	20	8.5123e-08	2.7581e-07	77.181	3.75
chr11	87892195	87893150	0.0094098	78.263889	24	8.7735e-09	6.7046e-08	83.125	4.8611
chr11	87902329	87903068	7.2766e-07	77.628968	32	6.868e-12	5.1847e-12	85.962	8.3333
chr11	87904740	87906531	4.4785e-14	89.491201	59	4.4742e-14	3.191e-19	90.536	1.0452
chr11	87930174	87931400	0.0019767	78.593750	32	2.3339e-10	1.4085e-08	88.177	9.5833
chr11	87924559	87925839	0.040392	82.391899	29	5.7484e-10	2.878e-07	89.403	7.0115
chr11	87876117	87876679	0.0062388	87.452381	20	6.3019e-08	4.4453e-08	90.786	3.3333
chr11	87973450	87974232	0.019306	71.484488	22	3.4667e-08	1.3756e-07	88.833	17.348
chr11	87982723	87983970	1.6751e-05	74.581289	30	3.1796e-11	1.1936e-10	82.915	8.3333
chr11	87993845	87994627	1.4153e-08	84.748932	52	4.5519e-14	1.0084e-13	86.351	1.6026
chr11	87998025	87998673	0.01146	81.715168	18	3.5093e-07	8.1657e-08	85.882	4.1667
chr11	88003420	88005078	0.00010753	78.467554	34	1.5236e-11	7.6616e-10	84.84	6.3725
chr11	88035630	88036972	2.5085e-06	81.799887	42	4.7184e-14	1.7874e-11	92.792	10.992
chr11	88053726	88054467	8.652e-06	81.239119	31	6.1768e-11	6.1647e-11	82.046	0.80645
chr11	88048255	88050625	2.2398e-17	75.016675	90	4.6074e-14	1.5959e-22	86.501	11.484
chr11	88056354	88056933	0.0018051	89.200000	25	1.5036e-09	1.2862e-08	92.2	3
chr11	88104644	88105218	0.00094489	57.853423	32	8.399e-09	6.7325e-09	68.791	10.938
chr11	88105398	88106162	0.00044046	83.484150	31	1.3399e-11	3.1384e-09	89.398	5.914
chr11	88127553	88128152	0.0033347	87.835498	22	1.344e-08	2.376e-08	89.351	1.5152
chr11	88135531	88135986	4.4756e-05	89.254992	31	1.4757e-11	3.1889e-10	93.018	3.7634
chr11	88121075	88121873	4.0374e-06	84.514080	33	4.2021e-12	2.8767e-11	86.534	2.0202
chr11	88121873	88123263	6.7888e-05	66.614064	43	2.6793e-11	4.8371e-10	81.149	14.535
chr11	88153994	88155807	9.6814e-06	83.281979	34	2.1365e-12	6.8981e-11	88.429	5.1471
chr11	88164234	88165470	1.0113e-06	79.510432	48	4.3632e-14	7.2054e-12	84.545	5.0347
chr11	88140936	88142790	3.181e-10	81.806319	52	4.5408e-14	2.2665e-15	86.293	4.4872
chr11	88196934	88197613	0.0033995	93.787879	22	1.344e-08	2.4222e-08	98.333	4.5455
chr11	88201785	88202439	0.0090408	80.416667	24	4.1878e-09	6.4417e-08	87.361	6.9444
chr11	88167833	88168736	2.3677e-07	91.666667	40	1.1013e-13	1.687e-12	95	3.3333
chr11	88219803	88220941	1.1953e-06	89.272164	41	4.9072e-14	8.5167e-12	93.337	4.065
chr11	88221728	88222789	9.8688e-06	88.636364	33	3.5117e-12	7.0317e-11	92.273	3.6364
chr11	88257785	88258752	0.0020645	85.394265	31	2.1703e-11	1.471e-08	89.695	4.3011
chr11	88274280	88275453	0.00847	67.609642	28	6.9962e-08	6.035e-08	76.538	8.9286
chr11	88251434	88252556	0.00041082	89.876543	27	2.8668e-10	2.9272e-09	91.728	1.8519
chr11	88318793	88320697	6.308e-09	82.523343	51	4.3965e-14	4.4945e-14	85.465	2.9412
chr11	88411826	88413223	5.1447e-08	79.993826	52	3.9857e-14	3.6657e-13	97.622	17.628
chr11	88419088	88419863	0.0035837	79.482402	23	5.4072e-08	2.5535e-08	86.004	6.5217
chr11	88544296	88545701	1.2309e-06	81.559849	41	3.4295e-13	8.7707e-12	87.17	5.6098
chr11	88588780	88590391	8.8279e-07	89.842437	34	1.5136e-12	6.29e-12	91.313	1.4706
chr11	88587527	88587859	0.0040764	93.750000	24	2.8772e-09	2.9045e-08	95.833	2.0833
chr11	88587859	88588227	0.044896	74.423810	25	5.8575e-08	3.1989e-07	85.09	10.667
chr11	88578302	88578663	0.038859	94.166667	20	6.3019e-08	2.7688e-07	97.5	3.3333
chr11	88626183	88627032	0.0077152	81.742424	22	1.5413e-08	5.4972e-08	91.212	9.4697
chr11	88616669	88618899	3.2153e-15	82.925313	72	4.1855e-14	2.291e-20	86.943	4.0179
chr11	88638747	88640500	1.1633e-06	75.117402	43	1.5021e-13	8.2886e-12	86.745	11.628
chr11	88641256	88642429	0.00017859	77.457483	28	1.4781e-09	1.2725e-09	83.41	5.9524
chr11	88650015	88650623	0.00046648	79.103175	30	3.6436e-10	3.3237e-09	89.103	10
chr11	88633054	88634650	1.3525e-13	81.455399	71	4.0967e-14	9.6365e-19	84.39	2.9343
chr11	88660913	88661754	0.0015819	89.887540	23	6.2158e-09	1.1271e-08	91.337	1.4493
chr11	88559761	88560525	0.044479	78.380952	25	2.7315e-09	3.1692e-07	83.714	5.3333
chr11	88664181	88665140	0.00092576	85.715755	27	1.3308e-09	6.5962e-09	87.568	1.8519
chr11	88665534	88667151	4.8534e-05	76.597744	38	4.2749e-12	3.4581e-10	89.317	12.719
chr11	88654639	88655344	0.018892	83.253968	22	1.5413e-08	1.3461e-07	87.799	4.5455
chr11	88667619	88669815	6.5015e-19	81.797360	92	4.3965e-14	4.6324e-24	87.214	5.4167
chr11	88612319	88613044	0.0039862	87.182540	24	3.262e-09	2.8402e-08	92.391	5.2083
chr11	88677740	88678835	9.4855e-05	70.583093	30	5.7773e-11	6.7586e-10	74.393	3.8095
chr11	88690058	88691712	2.6504e-08	88.007756	44	4.5852e-14	1.8884e-13	89.144	1.1364
chr11	88698571	88699292	0.043679	77.554563	24	7.7641e-09	3.1122e-07	90.402	12.847
chr11	88692042	88693901	2.6755e-08	82.494589	44	5.8731e-14	1.9063e-13	83.707	1.2121
chr11	88706046	88706493	0.017839	79.580790	21	2.6845e-07	1.2711e-07	88.311	8.7302
chr11	88686453	88687086	0.00073829	96.041667	24	2.8772e-09	5.2604e-09	98.125	2.0833
chr11	88707820	88708767	0.0021747	76.958128	29	1.2726e-10	1.5495e-08	80.406	3.4483
chr11	88720571	88721275	0.0081827	82.113095	24	1.6065e-08	5.8303e-08	97.183	15.069
chr11	88751814	88752781	0.038843	90.125000	20	6.3019e-08	2.7676e-07	91.792	1.6667
chr11	88761145	88762026	0.00037084	87.694805	26	6.1792e-10	2.6423e-09	89.618	1.9231
chr11	88717715	88718727	2.2058e-06	80.694981	37	2.2982e-13	1.5717e-11	88.668	7.973
chr11	88766977	88768113	4.9437e-06	63.278636	37	1.2659e-11	3.5225e-11	64.18	0.9009
chr11	88770995	88772982	5.8492e-06	80.613841	51	4.0967e-14	4.1677e-11	91.235	10.621
chr11	88777520	88780602	4.7421e-15	75.957704	82	4.5297e-14	3.3788e-20	87.177	11.22
chr11	88756209	88757031	0.00032539	80.890476	25	1.3329e-09	2.3184e-09	85.157	4.2667
chr11	88757031	88758480	2.2362e-06	70.470899	45	1.6531e-11	1.5933e-11	88.767	18.296
chr11	88821072	88822437	0.00010507	88.203463	33	3.2101e-12	7.4867e-10	92.345	4.1414
chr11	88847186	88848111	0.01819	85.698052	22	1.344e-08	1.2961e-07	88.728	3.0303
chr11	88732969	88733400	0.034633	70.438596	19	2.5653e-07	2.4676e-07	95	24.561
chr11	88885568	88886334	1.0519e-05	84.444444	36	4.8639e-13	7.495e-11	94.167	9.7222
chr11	88865897	88866700	0.00039321	87.083333	28	1.4821e-10	2.8017e-09	92.44	5.3571
chr11	88892436	88893601	0.00022239	85.698925	31	1.9716e-11	1.5846e-09	90.538	4.8387
chr11	88954206	88955611	3.2124e-09	79.050207	46	4.5519e-14	2.2889e-14	83.129	4.0787
chr11	88946310	88948145	2.9701e-09	83.087751	53	4.13e-14	2.1162e-14	85.603	2.5157
chr11	88961194	88962970	5.0812e-06	79.613617	38	1.4366e-13	3.6204e-11	87.245	7.6316
chr11	88959595	88959894	0.0092453	87.858796	24	2.8772e-09	6.5874e-08	92.373	4.5139
chr11	88968133	88968583	0.013635	87.456140	19	1.3668e-07	9.7149e-08	95.351	7.8947
chr11	88977346	88978207	0.032159	75.806452	31	3.1829e-11	2.2914e-07	88.395	12.588
chr11	88788663	88789438	0.00017006	62.698413	28	1.331e-10	1.2117e-09	63.591	0.89286
chr11	88993531	88994196	0.0018331	91.952381	25	1.3329e-09	1.3061e-08	96.286	4.3333
chr11	88952027	88953886	1.8347e-13	89.162257	54	4.0301e-14	1.3073e-18	89.625	0.46296
chr11	89022314	89024061	6.2226e-08	75.287698	48	4.3743e-14	4.4337e-13	87.788	12.5
chr11	89027000	89028106	0.00036986	74.238095	30	1.6936e-10	2.6353e-09	80.349	6.1111
chr11	88987540	88988742	0.030147	68.956229	33	3.4394e-10	2.148e-07	83.603	14.646
chr11	89036273	89036702	0.0003444	86.600000	25	1.3329e-09	2.4539e-09	87.6	1
chr11	89039908	89040887	0.017771	87.732426	21	2.9088e-08	1.2662e-07	89.32	1.5873
chr11	89043670	89044947	3.9554e-05	75.566502	29	7.609e-11	2.8183e-10	82.061	6.4943
chr11	89081758	89083239	6.0002e-08	77.476771	41	1.118e-13	4.2752e-13	84.794	7.3171
chr11	89076483	89077503	3.7577e-05	87.223545	30	3.1796e-11	2.6774e-10	88.89	1.6667
chr11	89067303	89068715	0.038089	73.166667	30	1.5374e-10	2.7139e-07	89	15.833
chr11	89088532	89090058	0.00094389	84.244663	29	3.4979e-10	6.7253e-09	85.969	1.7241
chr11	89093385	89094354	0.0012802	89.090909	22	1.344e-08	9.1219e-09	90.227	1.1364
chr11	89098716	89100038	2.1141e-06	84.814059	35	7.2609e-13	1.5063e-11	89.535	4.7211
chr11	89120806	89121970	4.019e-06	83.072917	32	7.54e-12	2.8636e-11	86.719	3.6458
chr11	89048987	89049495	0.018303	75.173160	22	2.0238e-08	1.3041e-07	83.506	8.3333
chr11	89168691	89169047	0.033799	74.423559	19	1.3535e-06	2.4082e-07	79.687	5.2632
chr11	89230146	89230800	8.1164e-07	91.639456	35	6.7091e-13	5.783e-12	95.925	4.2857
chr11	89261431	89261952	0.045568	80.460663	23	6.2158e-09	3.2468e-07	89.446	8.9855
chr11	89311225	89312174	0.00019212	85.518707	28	5.8577e-10	1.3689e-09	86.709	1.1905
chr11	89300681	89301384	0.041027	79.247757	23	9.1954e-09	2.9233e-07	85.769	6.5217
chr11	89319563	89320278	9.3502e-05	86.349206	30	4.2898e-11	6.6621e-10	93.571	7.2222
chr11	89331314	89332088	0.00047374	91.111111	30	1.6936e-10	3.3755e-09	94.444	3.3333
chr11	89360497	89361646	0.00018036	79.549320	28	1.6499e-10	1.2851e-09	85.026	5.4762
chr11	89355701	89356201	0.044323	87.943723	22	7.6484e-08	3.1581e-07	96.277	8.3333
chr11	89368382	89368860	0.0070532	62.380952	21	1.3633e-07	5.0255e-08	85.397	23.016
chr11	89395724	89396731	0.00087379	75.579837	26	1.0992e-09	6.2259e-09	96.734	21.154
chr11	89404173	89406118	2.1583e-06	74.706160	42	2.2109e-11	1.5378e-11	85.024	10.317
chr11	89422485	89423500	4.2947e-07	90.178571	40	5.862e-14	3.06e-12	95.179	5
chr11	89462162	89462893	0.044157	75.335498	22	1.6553e-07	3.1462e-07	82.154	6.8182
chr11	89445254	89445566	0.0065468	17.309602	35	7.7939e-10	4.6647e-08	87.576	70.267
chr11	89534740	89536114	0.045966	62.277156	25	7.8918e-07	3.2751e-07	87.61	25.333
chr11	89589920	89591123	0.0085715	70.126495	31	4.2698e-10	6.1073e-08	82.761	12.634
chr11	89603101	89603759	0.029881	88.156566	18	3.5093e-07	2.1291e-07	90.008	1.8519
chr11	89633439	89633785	0.015782	92.125000	20	6.3019e-08	1.1245e-07	94.625	2.5
chr11	89608785	89609652	2.4425e-07	87.864583	48	4.341e-14	1.7403e-12	94.115	6.25
chr11	89657323	89658286	0.0013583	74.870130	22	1.344e-08	9.6781e-09	92.673	17.803
chr11	89667649	89668216	0.04434	77.976190	22	3.9763e-07	3.1593e-07	82.522	4.5455
chr11	89718465	89719925	0.0020324	75.140016	32	1.9032e-11	1.4481e-08	86.078	10.938
chr11	89721052	89722782	1.427e-09	89.308608	52	4.0856e-14	1.0167e-14	91.873	2.5641
chr11	89829347	89830827	0.00021046	79.578231	35	2.4323e-11	1.4996e-09	86.483	6.9048
chr11	89872511	89873522	7.6943e-05	81.756320	27	2.8668e-10	5.4823e-10	83.608	1.8519
chr11	89884085	89884684	0.017341	84.353741	21	1.5631e-07	1.2356e-07	86.735	2.381
chr11	89903298	89904345	0.033902	75.350877	19	1.1684e-06	2.4155e-07	80.614	5.2632
chr11	89926598	89926994	0.0071107	77.734316	21	2.9088e-08	5.0665e-08	80.115	2.381
chr11	89887715	89888711	0.00021084	76.784434	31	1.0824e-10	1.5023e-09	89.688	12.903
chr11	89934117	89934671	0.0041102	82.495040	24	2.0403e-08	2.9285e-08	93.606	11.111
chr11	89924118	89924984	0.0092304	79.814815	27	1.8354e-09	6.5768e-08	83.519	3.7037
chr11	89937295	89938453	1.3208e-06	89.390681	31	1.3399e-11	9.4112e-12	91.272	1.8817
chr11	89957369	89957825	0.0043517	84.166667	25	1.1026e-08	3.1007e-08	92.167	8
chr11	89959828	89962407	4.6539e-08	75.885281	55	4.4964e-14	3.316e-13	86.794	10.909
chr11	90003874	90005390	0.00043625	78.380464	31	8.7213e-10	3.1084e-09	88.058	9.6774
chr11	90048096	90048818	0.015964	87.666667	20	6.3019e-08	1.1374e-07	92.667	5
chr11	90042002	90042275	0.0053017	82.706767	19	1.3668e-07	3.7776e-08	93.672	10.965
chr11	90057465	90058070	0.0001807	94.195928	27	2.8668e-10	1.2875e-09	95.43	1.2346
chr11	90071236	90072683	0.0020406	70.350899	26	2.4286e-09	1.4539e-08	87.018	16.667
chr11	90078778	90079539	2.1284e-05	86.767857	40	1.2734e-13	1.5165e-10	93.851	7.0833
chr11	90116750	90117460	0.0099634	74.546703	26	3.6237e-07	7.099e-08	88.008	13.462
chr11	90119470	90120601	3.377e-06	85.948323	32	6.2559e-12	2.4062e-11	87.823	1.875
chr11	90114287	90116443	1.5137e-14	88.564264	72	4.1855e-14	1.0785e-19	92.546	3.9815
chr11	90155060	90155394	0.017556	88.671580	21	2.9088e-08	1.2509e-07	98.195	9.5238
chr11	90161325	90161780	0.0029543	87.369615	21	3.3576e-08	2.105e-08	89.751	2.381
chr11	90171683	90174695	7.3477e-15	88.576079	64	4.1522e-14	5.2353e-20	89.748	1.1719
chr11	90182716	90183493	0.038537	75.980159	20	1.1466e-07	2.7458e-07	78.48	2.5
chr11	90147139	90148015	9.5897e-07	87.457983	34	1.389e-12	6.8328e-12	88.929	1.4706
chr11	90184066	90184763	0.0021051	79.364693	28	1.331e-10	1.4999e-08	82.877	3.5119
chr11	90134789	90138480	4.5582e-20	85.823633	90	4.6518e-14	3.2478e-25	88.972	3.1481
chr11	90241913	90243048	0.00020132	79.015873	30	1.6936e-10	1.4344e-09	82.627	3.6111
chr11	90243350	90243740	0.019236	75.411255	22	3.0327e-08	1.3706e-07	87.911	12.5
chr11	90228958	90230459	3.6757e-10	83.874387	50	4.4631e-14	2.619e-15	91.208	7.3333
chr11	90237695	90238259	0.004096	82.812500	24	2.8772e-09	2.9184e-08	97.326	14.514
chr11	90255870	90256682	0.00016761	91.111111	27	2.8668e-10	1.1943e-09	93.58	2.4691
chr11	90263821	90264506	0.0072773	91.583522	21	2.9088e-08	5.1851e-08	93.171	1.5873
chr11	90247590	90249102	5.0772e-06	84.715608	36	1.9796e-12	3.6176e-11	89.577	4.8611
chr11	90267933	90269075	4.6145e-06	88.795681	43	5.0848e-14	3.2879e-11	95.85	7.0543
chr11	90329694	90330475	0.00074116	64.961670	24	6.868e-09	5.2809e-09	84.753	19.792
chr11	90305067	90307528	1.3588e-13	85.519876	61	4.1855e-14	9.6819e-19	87.569	2.0492
chr11	90354404	90355110	0.0076199	83.501082	22	1.2824e-07	5.4293e-08	88.047	4.5455
chr11	90362894	90364101	0.00022208	73.746054	32	6.868e-12	1.5823e-09	90.934	17.188
chr11	90513178	90514121	5.271e-07	90.630952	40	5.862e-14	3.7557e-12	95.048	4.4167
chr11	90580990	90581375	0.04111	80.539683	15	3.067e-06	2.9291e-07	89.984	9.4444
chr11	90601749	90602693	0.00017105	86.876837	27	3.2051e-10	1.2188e-09	90.581	3.7037
chr11	90577004	90577487	0.0018868	84.984127	25	7.8175e-09	1.3444e-08	94.984	10
chr11	90606424	90607016	0.021029	60.424333	24	2.0403e-08	1.4983e-07	83.688	23.264
chr11	90584966	90586828	4.615e-06	76.744186	43	2.7778e-13	3.2883e-11	80.62	3.876
chr11	90614264	90614822	0.0053023	78.978697	19	1.1684e-06	3.7779e-08	84.242	5.2632
chr11	90632677	90633619	2.0739e-06	78.112745	34	2.1365e-12	1.4777e-11	81.054	2.9412
chr11	90849355	90849540	0.0011088	34.536364	21	2.9088e-08	7.9002e-09	86.559	52.022
chr11	90859881	90860299	9.7083e-05	31.512363	30	3.1796e-11	6.9173e-10	86.42	54.908
chr11	91174819	91176029	0.001651	65.277778	24	3.2749e-08	1.1764e-08	89.583	24.306
chr11	91461830	91462888	5.2124e-06	81.693479	37	2.6257e-13	3.7139e-11	84.396	2.7027
chr11	91473553	91474569	0.021238	75.780423	27	3.847e-09	1.5133e-07	93.682	17.901
chr11	91465943	91466781	1.24e-06	90.642857	40	1.0525e-13	8.8353e-12	91.268	0.625
chr11	91534490	91534731	0.026068	64.703310	34	2.5061e-09	1.8574e-07	90.586	25.882
chr11	91944772	91944859	0.0034223	92.045455	22	6.7124e-08	2.4384e-08	96.591	4.5455
chr11	92243404	92245015	0.0046632	66.643151	27	8.5868e-08	3.3226e-08	81.458	14.815
chr11	92252981	92254142	0.0018975	80.923810	25	1.6955e-09	1.352e-08	84.924	4
chr11	92585055	92585291	0.01619	-40.267946	39	8.2043e-10	1.1535e-07	43.45	83.718
chr11	93030859	93031397	0.029881	77.329646	18	2.9682e-07	2.1291e-07	87.515	10.185
chr11	93033182	93034312	0.00095505	75.933957	28	1.4781e-09	6.8049e-09	88.732	12.798
chr11	93047576	93049287	0.020086	73.504762	25	8.0999e-08	1.4312e-07	82.838	9.3333
chr11	93540510	93542760	6.6815e-14	81.574675	66	4.0634e-14	4.7607e-19	89.655	8.0808
chr11	93549685	93550672	0.019385	88.290043	22	1.344e-08	1.3812e-07	91.017	2.7273
chr11	93559044	93559923	0.042536	83.492063	15	3.067e-06	3.0307e-07	93.492	10
chr11	93565286	93566436	0.001572	89.958592	23	6.2158e-09	1.1201e-08	92.133	2.1739
chr11	93563415	93564869	2.0225e-06	80.274772	42	1.0474e-12	1.441e-11	93.37	13.095
chr11	93566972	93567410	0.020037	86.956522	23	9.1954e-09	1.4277e-07	92.754	5.7971
chr11	93586816	93587581	0.0088631	82.898551	23	4.779e-08	6.3151e-08	91.594	8.6957
chr11	93613599	93614763	0.0037916	70.385154	34	5.3109e-11	2.7016e-08	86.562	16.176
chr11	93627602	93628058	6.7711e-05	87.508503	28	1.331e-10	4.8245e-10	94.949	7.4405
chr11	93641020	93642579	0.0088987	79.641955	24	1.6065e-08	6.3405e-08	85.892	6.25
chr11	93664466	93665157	0.0028899	86.950404	21	2.9088e-08	2.0591e-08	88.538	1.5873
chr11	93651994	93653884	2.1224e-07	69.065079	50	5.862e-14	1.5123e-12	77.232	8.1667
chr11	93707814	93709808	2.1783e-20	86.709253	82	4.5408e-14	1.5521e-25	89.494	2.7846
chr11	93722965	93723951	0.0001003	89.915282	31	1.4757e-11	7.1467e-10	95.453	5.5376
chr11	93704288	93704825	0.025377	77.976190	17	7.7069e-07	1.8082e-07	89.741	11.765
chr11	93718444	93719613	0.00065208	88.240166	23	6.2158e-09	4.6462e-09	89.327	1.087
chr11	93746386	93746981	1.8128e-06	84.865780	34	1.5136e-12	1.2916e-11	95.013	10.147
chr11	93779862	93781244	1.1489e-07	80.503821	44	8.2712e-14	8.1858e-13	92.246	11.742
chr11	93841915	93842809	0.0081071	67.662010	22	2.6516e-08	5.7764e-08	86.753	19.091
chr11	93877565	93878687	0.0425	79.485931	22	1.344e-08	3.0282e-07	88.577	9.0909
chr11	93967945	93968671	0.0061132	87.083333	20	3.1798e-07	4.3557e-08	91.25	4.1667
chr11	94021920	94022869	0.0092195	86.557540	24	2.8772e-09	6.569e-08	91.419	4.8611
chr11	94043580	94043897	0.029881	85.185185	18	3.5093e-07	2.1291e-07	87.963	2.7778
chr11	94027143	94029204	6.2004e-14	85.389785	62	4.6518e-14	4.4179e-19	86.331	0.94086
chr11	94060320	94060859	0.01588	86.821429	20	6.3019e-08	1.1315e-07	88.488	1.6667
chr11	94045248	94046356	0.017119	74.021164	21	2.6845e-07	1.2197e-07	84.656	10.635
chr11	94066075	94067718	3.8322e-08	76.666667	57	4.5519e-14	2.7305e-13	86.374	9.7076
chr11	94042046	94043177	1.915e-05	71.849447	33	3.2132e-11	1.3645e-10	77.607	5.7576
chr11	94083742	94085198	3.8719e-06	86.741071	32	7.54e-12	2.7588e-11	91.429	4.6875
chr11	94093490	94094378	0.020154	87.054865	23	7.0858e-09	1.436e-07	92.272	5.2174
chr11	94077559	94081688	5.0753e-25	80.910973	115	4.341e-14	3.6162e-30	88.723	7.8116
chr11	94095276	94098490	1.3568e-17	85.439299	84	4.3632e-14	9.6671e-23	87.86	2.4206
chr11	94113710	94116246	1.2349e-13	81.026465	69	4.5852e-14	8.7989e-19	88.563	7.5362
chr11	94116246	94117291	0.021076	54.773663	27	4.8114e-08	1.5017e-07	68.724	13.951
chr11	94120106	94122436	5.2045e-12	80.137067	62	4.2188e-14	3.7083e-17	90.406	10.269
chr11	94122651	94123876	4.9865e-07	71.132694	58	8.793e-14	3.5529e-12	92.089	20.956
chr11	94134207	94134618	0.0094281	48.379121	26	9.107e-09	6.7177e-08	52.225	3.8462
chr11	94136704	94137467	0.00098674	72.244898	28	1.2055e-09	7.0307e-09	75.816	3.5714
chr11	94149064	94149848	2.3281e-06	68.915344	36	5.1079e-12	1.6588e-11	81.812	12.897
chr11	94140929	94142945	2.6121e-08	86.909171	54	4.1411e-14	1.8611e-13	91.755	4.8457
chr11	94151864	94152933	9.6691e-05	73.582251	33	3.4394e-10	6.8893e-10	77.623	4.0404
chr11	94153526	94154557	0.0008987	86.940035	27	3.5822e-10	6.4033e-09	92.125	5.1852
chr11	94129126	94129627	2.5948e-06	87.803571	40	1.5088e-13	1.8488e-11	94.054	6.25
chr11	94164246	94165299	1.1064e-05	88.679138	35	9.277e-13	7.8836e-11	93.441	4.7619
chr11	94242766	94243111	0.00088422	64.423077	26	1.7327e-08	6.3002e-09	72.115	7.6923
chr11	94263444	94264327	2.1482e-06	87.450980	34	1.6506e-12	1.5306e-11	89.412	1.9608
chr11	94270124	94271574	5.7393e-07	77.070020	42	1.2631e-12	4.0893e-12	83.816	6.746
chr11	94284004	94284931	0.00020154	82.126437	29	4.7158e-10	1.436e-09	87.299	5.1724
chr11	94281909	94282819	5.0727e-06	92.053317	39	7.2942e-14	3.6144e-11	94.404	2.3504
chr11	94306878	94309173	1.2356e-15	79.751214	82	4.0634e-14	8.804e-21	84.223	4.4715
chr11	94219700	94220559	0.020534	75.132850	23	2.9025e-08	1.4631e-07	76.22	1.087
chr11	94314346	94314881	3.9751e-05	78.866995	29	9.3535e-11	2.8323e-10	82.315	3.4483
chr11	94336319	94337431	0.00018012	83.180272	28	5.9796e-09	1.2834e-09	93.299	10.119
chr11	94334945	94335495	0.00086107	85.045510	26	6.1792e-10	6.1352e-09	88.251	3.2051
chr11	94354147	94354811	0.0017456	79.930556	24	2.5871e-08	1.2438e-08	86.181	6.25
chr11	94355266	94356336	8.6851e-07	80.047619	35	9.277e-13	6.1882e-12	81.476	1.4286
chr11	94368267	94369316	0.0054507	68.145363	38	5.7105e-12	3.8837e-08	83.058	14.912
chr11	94348321	94349911	0.00022126	84.636431	32	6.2559e-12	1.5765e-09	92.189	7.5521
chr11	94385237	94386792	1.1954e-06	79.285714	39	1.7039e-12	8.5175e-12	92.534	13.248
chr11	94404631	94405564	0.00037686	84.280762	26	5.8926e-09	2.6852e-09	89.409	5.1282
chr11	94400514	94401112	3.2583e-05	85.172414	29	6.1844e-11	2.3216e-10	90.632	5.4598
chr11	94401361	94402510	2.2031e-07	65.694481	38	6.1422e-12	1.5697e-12	92.668	26.974
chr11	94413535	94415047	0.00010563	72.640799	34	2.5376e-12	7.5265e-10	83.866	11.225
chr11	94417767	94418835	9.2963e-05	79.854071	31	6.7856e-11	6.6238e-10	83.08	3.2258
chr11	94391483	94394018	6.1744e-16	85.543213	63	4.341e-14	4.3994e-21	90.982	5.4384
chr11	94425280	94426273	2.2162e-06	84.947090	36	1.6896e-12	1.5791e-11	89.114	4.1667
chr11	94469772	94470794	0.0045241	72.986874	26	1.3809e-09	3.2235e-08	89.654	16.667
chr11	94455255	94455497	0.00044973	-65.873016	35	5.8183e-11	3.2044e-09	7.4603	73.333
chr11	94496518	94497527	0.0021007	86.989739	27	2.8668e-10	1.4968e-08	93.409	6.4198
chr11	94582154	94582617	0.004576	81.232804	30	2.8764e-11	3.2605e-08	91.233	10
chr11	94584181	94585022	0.046241	82.784679	23	6.2158e-09	3.2948e-07	89.633	6.8478
chr11	94589392	94590286	0.0093497	89.025573	27	3.5822e-10	6.6618e-08	92.112	3.0864
chr11	94592656	94593267	0.00092884	73.954082	28	2.2728e-10	6.6181e-09	78.333	4.3793
chr11	94552801	94553628	0.0017183	93.733466	24	2.8772e-09	1.2243e-08	97.9	4.1667
chr11	94632884	94633729	9.1306e-17	84.845791	79	4.4298e-14	6.5057e-22	91.259	6.4135
chr11	94568786	94569597	4.6409e-10	86.799629	42	4.7184e-14	3.3067e-15	87.395	0.59524
chr11	94706509	94708433	0.0093939	79.281609	29	1.2012e-08	6.6933e-08	94.569	15.287
chr11	94744099	94745305	0.0024825	92.916667	20	6.3019e-08	1.7688e-08	94.583	1.6667
chr11	94784531	94785082	0.0062065	88.750000	20	6.3019e-08	4.4222e-08	90	1.25
chr11	94798833	94799674	9.0091e-05	66.962121	30	5.2327e-11	6.4191e-10	69.74	2.7778
chr11	94807692	94808316	0.0036898	79.765355	23	6.2158e-09	2.629e-08	84.476	4.7101
chr11	94800864	94802198	9.7925e-05	83.151927	35	8.5532e-13	6.9773e-10	88.152	5
chr11	94815779	94816859	0.00093286	79.350382	27	3.5822e-10	6.6468e-09	93.085	13.735
chr11	94904655	94905445	0.00097812	82.630385	28	1.2055e-09	6.9692e-09	88.583	5.9524
chr11	94933613	94934550	0.041813	77.086777	22	2.0238e-08	2.9792e-07	82.39	5.303
chr11	94926570	94930593	6.6568e-30	78.565979	141	4.0634e-14	4.743e-35	84.393	5.8274
chr11	94912030	94913558	3.1272e-08	82.096273	46	4.5075e-14	2.2282e-13	88.075	5.9783
chr11	94969768	94970897	1.9219e-06	78.776715	35	6.7091e-13	1.3694e-11	80.443	1.6667
chr11	94959844	94962063	6.444e-10	92.238095	45	4.1522e-14	4.5915e-15	92.794	0.55556
chr11	94981120	94982298	0.019614	84.590476	25	6.9657e-09	1.3975e-07	89.924	5.3333
chr11	94986002	94986684	4.7292e-05	82.574405	32	5.1772e-11	3.3696e-10	90.387	7.8125
chr11	94948844	94949129	0.0045483	71.794872	26	8.7388e-10	3.2407e-08	81.987	10.192
chr11	94999338	95000015	0.013791	82.894737	19	1.6018e-07	9.8262e-08	85.526	2.6316
chr11	94992813	94993757	5.0055e-07	87.030423	42	6.5281e-14	3.5665e-12	94.848	7.8175
chr11	95000337	95001149	0.0043301	78.062904	27	3.5822e-10	3.0852e-08	84.236	6.1728
chr11	94994245	94995601	8.4264e-05	84.221401	29	6.1844e-11	6.004e-10	87.243	3.0213
chr11	95004985	95005389	4.1922e-05	70.141369	32	8.859e-11	2.987e-10	83.423	13.281
chr11	95006022	95007112	2.3295e-06	75.400917	39	1.1169e-13	1.6598e-11	77.965	2.5641
chr11	95022849	95023582	0.0019214	82.761616	25	6.9657e-09	1.369e-08	97.762	15
chr11	94968982	94969452	0.039099	70.860496	21	4.4656e-08	2.7858e-07	73.241	2.381
chr11	95089653	95090600	1.8227e-06	77.006303	34	1.958e-12	1.2987e-11	80.046	3.0392
chr11	95030749	95031928	0.0008977	65.815090	35	1.7646e-11	6.3962e-09	74.339	8.5238
chr11	95008647	95008981	0.041673	72.301587	21	5.1452e-08	2.9692e-07	74.683	2.381
chr11	95142853	95143851	0.018802	70.669192	22	1.1808e-06	1.3397e-07	86.578	15.909
chr11	95195541	95195867	0.038216	74.166667	20	6.3019e-08	2.7229e-07	98.167	24
chr11	95133620	95134706	0.00044151	77.925041	28	4.9128e-09	3.1458e-09	85.068	7.1429
chr11	95186503	95186913	0.020902	82.500000	24	3.6968e-09	1.4893e-07	94.306	11.806
chr11	95208785	95209415	0.019586	75.341880	26	1.3809e-09	1.3956e-07	81.368	6.0256
chr11	95213081	95214466	0.00016177	63.128720	32	1.645e-10	1.1526e-09	85.368	22.24
chr11	95228909	95229613	0.013683	72.554302	19	1.3668e-07	9.7496e-08	75.061	2.5063
chr11	95300514	95300891	0.015631	77.750000	20	6.3019e-08	1.1137e-07	81.5	3.75
chr11	95381121	95381573	0.0063452	83.277778	20	6.3019e-08	4.521e-08	95.647	12.369
chr11	95394001	95394342	0.0080112	94.426407	22	1.344e-08	5.7081e-08	97.457	3.0303
chr11	95416454	95417232	5.2149e-06	85.868726	37	1.7819e-13	3.7157e-11	95.418	9.5495
chr11	95422047	95423619	3.0427e-08	75.133929	48	4.7407e-14	2.168e-13	80.342	5.2083
chr11	95423694	95424573	4.902e-06	53.378133	43	1.1026e-11	3.4927e-11	56.867	3.4884
chr11	95144473	95145560	0.0021152	74.018883	29	4.7683e-09	1.5071e-08	87.237	13.218
chr11	95435041	95436020	0.0019714	83.444333	26	6.1792e-10	1.4047e-08	87.932	4.4872
chr11	95438992	95440084	0.00020416	72.248677	36	5.5262e-12	1.4547e-09	83.36	11.111
chr11	95450879	95451848	0.0064004	81.035714	20	9.8827e-08	4.5604e-08	89.786	8.75
chr11	95444393	95446515	4.6738e-08	65.865209	61	4.3965e-14	3.3301e-13	78.57	12.705
chr11	95462556	95463241	0.00089963	77.905644	27	3.5822e-10	6.41e-09	79.757	1.8519
chr11	95456165	95456702	0.0193	72.310606	22	1.344e-08	1.3752e-07	89.951	17.641
chr11	95473681	95474479	0.00045366	79.797619	30	1.8652e-10	3.2324e-09	87.131	7.3333
chr11	95480441	95481537	0.0019013	83.098268	25	6.2044e-09	1.3547e-08	84.432	1.3333
chr11	95466945	95468102	1.2443e-07	87.687500	40	5.7065e-14	8.8657e-13	91.854	4.1667
chr11	95499031	95500055	0.0096315	65.552503	26	6.5734e-09	6.8626e-08	81.642	16.09
chr11	95520926	95521949	0.0021447	70.747126	29	1.0353e-09	1.5281e-08	85.517	14.77
chr11	95413523	95414390	0.00038356	85.479947	26	6.1792e-10	2.7329e-09	86.249	0.76923
chr11	95559934	95560246	0.029881	88.425926	18	2.9682e-07	2.1291e-07	95.833	7.4074
chr11	95552389	95553103	0.0038104	69.250279	23	6.9124e-08	2.715e-08	83.526	14.275
chr11	95555578	95557142	4.4321e-07	73.367229	48	8.9373e-14	3.1579e-12	78.576	5.2083
chr11	95584951	95585985	5.4778e-07	83.737717	42	1.4266e-13	3.903e-12	86.714	2.9762
chr11	95587818	95588604	5.551e-06	87.203798	28	1.331e-10	3.9552e-11	90.597	3.3929
chr11	95593093	95594070	2.0379e-05	51.522116	39	1.0425e-10	1.452e-10	85.944	34.422
chr11	95667264	95668743	6.0163e-08	74.805195	43	1.6454e-13	4.2867e-13	92.158	17.353
chr11	95672896	95673711	0.00039484	72.269412	37	4.3265e-13	2.8133e-09	90.378	18.108
chr11	95676824	95677635	0.00071402	88.253968	24	2.8772e-09	5.0875e-09	89.643	1.3889
chr11	95683870	95684819	0.042159	80.413832	21	2.9088e-08	3.0039e-07	86.763	6.3492
chr11	95706127	95707569	0.00020286	74.514645	37	3.2596e-13	1.4454e-09	82.803	8.2883
chr11	95700637	95701598	0.00022395	74.373497	33	2.6838e-10	1.5957e-09	87.505	13.131
chr11	95709743	95710783	0.00010527	83.259698	34	7.9968e-11	7.5007e-10	92.573	9.3137
chr11	95792387	95793199	0.0091313	78.584656	24	3.2749e-08	6.5062e-08	89.001	10.417
chr11	95796632	95797425	4.2924e-05	75.873219	30	1.4773e-09	3.0584e-10	85.873	10
chr11	95809822	95811580	2.1108e-07	86.470459	36	3.3606e-13	1.504e-12	92.952	6.4815
chr11	95835763	95836964	5.2154e-07	79.170844	38	3.6837e-13	3.716e-12	81.802	2.6316
chr11	95845263	95846632	2.9635e-08	84.193429	43	5.0293e-14	2.1116e-13	85.744	1.5504
chr11	95846642	95847617	0.020852	71.813187	26	4.3921e-07	1.4857e-07	84.634	12.821
chr11	95852467	95853470	4.584e-07	72.572886	49	1.3867e-13	3.2661e-12	88.899	16.327
chr11	95887900	95888944	0.019249	82.601010	22	1.344e-08	1.3715e-07	96.995	14.394
chr11	95869311	95871165	3.5513e-10	85.743275	56	4.4964e-14	2.5303e-15	95.565	9.8214
chr11	95892489	95893247	7.6315e-05	88.007055	27	2.8668e-10	5.4376e-10	88.748	0.74074
chr11	95909351	95910874	4.9616e-05	82.465127	33	2.6997e-11	3.5352e-10	87.011	4.5455
chr11	95911218	95912819	3.104e-08	86.051352	46	4.4187e-14	2.2116e-13	87.319	1.2681
chr11	95917473	95918310	9.148e-06	83.473389	34	2.5376e-12	6.5181e-11	90.924	7.451
chr11	95863726	95864140	4.1218e-06	93.224094	32	6.2559e-12	2.9369e-11	97.391	4.1667
chr11	95968823	95970280	8.7642e-05	90.971959	29	6.1844e-11	6.2446e-10	93.993	3.0213
chr11	95971714	95972317	0.00042612	66.706325	35	3.1819e-12	3.0362e-09	73.781	7.0748
chr11	95980267	95981673	0.00097067	77.301587	30	7.7661e-11	6.9162e-09	85.746	8.4444
chr11	95976746	95978823	2.5687e-12	91.244048	60	4.2966e-14	1.8302e-17	92.911	1.6667
chr11	95984730	95985485	0.00043114	81.951531	28	1.4821e-10	3.0719e-09	83.652	1.7007
chr11	95991724	95993685	6.2614e-08	76.200561	47	4.7407e-14	4.4614e-13	86.754	10.554
chr11	95995073	95996726	4.2802e-06	83.373215	46	4.6851e-14	3.0497e-11	87.721	4.3478
chr11	96001619	96002670	0.020857	69.447619	25	3.3879e-08	1.4861e-07	72.114	2.6667
chr11	96008978	96010341	4.0094e-07	90.172336	35	6.7091e-13	2.8568e-12	90.887	0.71429
chr11	96019994	96020897	0.0020023	84.679117	33	1.4961e-10	1.4266e-08	93.77	9.0909
chr11	96022428	96023176	0.00078948	95.939394	25	1.3329e-09	5.6252e-09	96.939	1
chr11	96026885	96027944	1.0753e-05	88.705417	38	1.0758e-13	7.6614e-11	91.713	3.0075
chr11	96030149	96033062	3.7827e-19	80.377446	86	4.6629e-14	2.6952e-24	83.255	2.8779
chr11	96056058	96057100	0.00067464	74.335317	24	2.8772e-09	4.8069e-09	76.21	1.875
chr11	96099336	96100295	0.038306	79.247835	20	6.3019e-08	2.7294e-07	83.415	4.1667
chr11	96034743	96036176	2.4679e-06	79.226674	41	1.0403e-13	1.7584e-11	84.071	4.8442
chr11	96113236	96114201	0.019629	74.125974	25	3.891e-09	1.3986e-07	87.593	13.467
chr11	96131610	96133465	0.00074906	74.427944	37	2.4113e-12	5.3372e-09	80.374	5.9459
chr11	96128824	96130431	2.3061e-12	81.854817	58	4.6629e-14	1.6432e-17	83.579	1.7241
chr11	96139429	96139718	3.9947e-06	82.990183	33	2.9344e-12	2.8463e-11	85.515	2.5253
chr11	96139718	96139986	0.046679	70.400000	25	5.2538e-08	3.3259e-07	78.2	7.8
chr11	96116871	96117651	0.0053495	70.618796	19	1.3668e-07	3.8116e-08	83.777	13.158
chr11	96308042	96310053	4.0941e-11	78.860450	60	4.4742e-14	2.9171e-16	83.305	4.4444
chr11	96316417	96316806	0.0098297	86.685714	25	9.8355e-09	7.0038e-08	92.019	5.3333
chr11	96326597	96327420	0.0078457	69.991675	22	8.7103e-08	5.5902e-08	77.946	7.9545
chr11	96322319	96323262	1.426e-05	79.294974	30	4.7383e-11	1.0161e-10	82.628	3.3333
chr11	96330284	96331195	0.0019657	49.531723	27	5.8429e-08	1.4006e-08	56.939	7.4074
chr11	96303244	96304141	1.0855e-06	89.491843	36	3.596e-13	7.7341e-12	90.881	1.3889
chr11	96333827	96336005	1.0256e-11	79.176413	57	4.4964e-14	7.3075e-17	87.773	8.5965
chr11	96336794	96338069	0.0019601	87.118555	26	6.1792e-10	1.3966e-08	89.683	2.5641
chr11	96402643	96403169	0.00042414	63.707483	28	3.3057e-09	3.022e-09	92.874	29.167
chr11	96417179	96417575	1.0148e-05	79.500618	35	6.8068e-11	7.2309e-11	85.215	5.7143
chr11	96584655	96585896	1.1014e-06	91.027569	38	1.0758e-13	7.8474e-12	96.028	5
chr11	96586416	96586930	0.0041197	92.083333	24	3.262e-09	2.9353e-08	94.167	2.0833
chr11	96614205	96614711	0.040328	60.796560	29	5.0164e-08	2.8735e-07	86.659	25.862
chr11	96678360	96679542	4.5741e-08	79.346539	37	1.7819e-13	3.2591e-13	80.022	0.67568
chr11	96743973	96744914	4.5183e-07	92.680272	35	6.7091e-13	3.2194e-12	94.109	1.4286
chr11	96739394	96740455	0.00047482	62.819602	32	4.6588e-10	3.3831e-09	78.073	15.253
chr11	96780330	96781080	0.0081599	91.414141	22	1.344e-08	5.814e-08	93.687	2.2727
chr11	96794363	96795172	0.016884	77.380952	22	2.6516e-08	1.203e-07	88.139	10.758
chr11	96722915	96724629	0.021361	60.626102	27	3.5875e-08	1.522e-07	68.342	7.716
chr11	96812704	96814492	4.0855e-08	62.106656	57	4.5741e-14	2.9109e-13	87.959	25.852
chr11	96846543	96846731	0.0072099	89.795918	21	2.9088e-08	5.1371e-08	96.939	7.1429
chr11	96893704	96894001	0.009524	62.638889	26	3.6158e-08	6.786e-08	67.767	5.1282
chr11	96897595	96898421	0.046211	80.766046	23	5.4072e-08	3.2926e-07	87.288	6.5217
chr11	96877788	96878319	2.2626e-05	73.116664	33	2.9344e-12	1.6122e-10	74.127	1.0101
chr11	96905153	96906074	0.0090908	75.785384	24	4.7421e-09	6.4773e-08	80.895	5.1091
chr11	96881506	96882368	2.4363e-07	71.694352	43	5.0293e-14	1.7359e-12	81.113	9.4186
chr11	96943442	96944597	2.2394e-08	89.581807	39	2.2704e-13	1.5956e-13	94.71	5.1282
chr11	96950854	96951145	2.2795e-05	88.445578	35	6.7091e-13	1.6241e-10	89.874	1.4286
chr11	96964086	96964750	0.041743	72.875696	21	3.8734e-08	2.9742e-07	94.304	21.429
chr11	96968207	96968484	0.025066	76.979458	17	6.4547e-07	1.786e-07	85.705	8.7255
chr11	96972582	96973348	0.0041372	83.452381	24	2.5871e-08	2.9478e-08	89.702	6.25
chr11	96976611	96977272	1.128e-06	83.130744	38	1.0758e-13	8.0371e-12	90.806	7.6754
chr11	96987685	96989169	2.4058e-05	65.520007	48	8.6708e-14	1.7142e-10	76.631	11.111
chr11	96930548	96931567	0.017289	64.132391	29	5.7484e-10	1.2319e-07	73.328	9.1954
chr11	96994898	96995333	0.020298	57.800880	24	5.2218e-08	1.4462e-07	86.62	28.819
chr11	97001306	97003340	1.2241e-06	83.812576	39	7.3719e-14	8.7221e-12	89.154	5.3419
chr11	97026898	97027288	0.001481	91.376812	23	6.2158e-09	1.0552e-08	95.725	4.3478
chr11	97003663	97004694	0.00081408	64.922780	37	4.4265e-11	5.8004e-09	74.607	9.6847
chr11	97034833	97036170	0.0021188	76.577061	31	1.0824e-10	1.5097e-08	82.491	5.914
chr11	97103246	97103620	0.0003199	93.315018	26	6.1792e-10	2.2793e-09	95.238	1.9231
chr11	97088751	97089561	4.2598e-05	86.480655	32	6.868e-12	3.0352e-10	88.824	2.3438
chr11	97173093	97175140	4.4842e-11	79.288654	54	4.4742e-14	3.1951e-16	89.597	10.309
chr11	97191022	97192312	0.00010506	78.359788	36	1.1166e-11	7.4859e-10	85.999	7.6389
chr11	97192316	97192747	0.0041814	81.034921	25	1.3329e-09	2.9793e-08	83.702	2.6667
chr11	97217640	97218460	0.00035464	67.522293	39	3.5815e-11	2.5269e-09	96.506	28.984
chr11	97236474	97237576	1.0386e-06	75.335097	36	4.8639e-13	7.4005e-12	83.9	8.5648
chr11	97263298	97264016	0.038873	87.583333	20	6.3019e-08	2.7698e-07	93.417	5.8333
chr11	97259660	97260828	0.0021837	87.911877	29	1.8487e-09	1.5559e-08	96.533	8.6207
chr11	97080410	97082276	2.581e-07	79.779266	48	4.5186e-14	1.839e-12	90.404	10.625
chr11	97313766	97314396	0.044534	91.724387	22	1.344e-08	3.1731e-07	94.376	2.6515
chr11	97317086	97317485	0.0024294	91.666667	20	6.3019e-08	1.731e-08	98.333	6.6667
chr11	97327058	97328116	2.1307e-05	80.371573	33	3.5117e-12	1.5182e-10	82.139	1.7677
chr11	97311248	97312885	2.4392e-06	87.191768	43	4.6629e-14	1.7379e-11	91.223	4.031
chr11	97342688	97343434	2.2184e-11	86.285311	59	4.4853e-14	1.5806e-16	91.37	5.0847
chr11	97352032	97353992	4.5891e-08	80.772765	38	6.0418e-13	3.2698e-13	84.062	3.2895
chr11	97349508	97350550	4.987e-05	87.794118	34	7.7354e-12	3.5533e-10	91.716	3.9216
chr11	97365869	97366961	5.6604e-07	80.909778	42	4.6518e-14	4.0331e-12	86.624	5.7143
chr11	97368868	97371184	1.8838e-15	83.570411	78	4.4964e-14	1.3423e-20	89.788	6.2179
chr11	97360837	97362118	2.6985e-07	81.165381	46	4.5297e-14	1.9227e-12	89.933	8.7681
chr11	97362118	97363673	6.2665e-07	63.806411	51	2.198e-12	4.465e-12	79.297	15.49
chr11	97375655	97376101	0.0013475	74.431818	22	1.344e-08	9.6015e-09	84.811	10.379
chr11	97393958	97394923	0.0017338	88.799453	24	2.298e-08	1.2353e-08	94.008	5.2083
chr11	97331620	97332299	0.00092628	69.419827	31	1.303e-10	6.5999e-09	74.259	4.8387
chr11	97398986	97399685	0.029881	64.398148	18	4.8911e-07	2.1291e-07	84.769	20.37
chr11	97404880	97405733	1.7138e-05	87.775041	29	6.1844e-11	1.2211e-10	89.499	1.7241
chr11	97410687	97411726	1.1367e-08	91.803136	41	4.9072e-14	8.099e-14	95.055	3.252
chr11	97434810	97435791	1.1933e-06	75.193191	38	9.4699e-12	8.5025e-12	86.158	10.965
chr11	97388068	97389609	5.4042e-06	87.914123	39	7.2942e-14	3.8506e-11	91.119	3.2051
chr11	97444674	97446158	0.004218	56.089804	32	2.7106e-09	3.0054e-08	76.402	20.312
chr11	97468162	97469092	3.8249e-05	77.356322	29	6.1844e-11	2.7253e-10	78.506	1.1494
chr11	97470893	97472474	5.4091e-08	84.865801	40	5.7065e-14	3.8541e-13	88.824	3.9583
chr11	97474922	97475466	0.0078688	85.941558	22	1.344e-08	5.6066e-08	88.972	3.0303
chr11	97476707	97477775	5.3138e-07	79.823413	40	6.0174e-14	3.7862e-12	86.032	6.2083
chr11	97498880	97499708	0.0091056	69.146825	30	1.2556e-08	6.4879e-08	81.369	12.222
chr11	97501948	97502467	0.0014592	82.603520	23	7.0858e-09	1.0397e-08	86.227	3.6232
chr11	97514594	97515144	0.018759	72.391775	22	2.0238e-08	1.3366e-07	80.498	8.1061
chr11	97415015	97415612	1.8154e-05	81.502816	31	7.4528e-11	1.2935e-10	85.804	4.3011
chr11	97523241	97524215	0.04208	74.150132	24	6.868e-09	2.9982e-07	85.261	11.111
chr11	97570339	97571432	0.0021655	73.813629	29	1.8899e-08	1.5429e-08	86.745	12.931
chr11	97600176	97600508	0.0074468	73.517316	22	2.3171e-08	5.306e-08	97.835	24.318
chr11	97582892	97583626	0.0001016	78.991597	34	7.3701e-11	7.2394e-10	92.227	13.235
chr11	97601837	97602324	0.0097979	88.313492	26	6.9382e-10	6.9811e-08	93.442	5.1282
chr11	97640376	97641228	0.0040876	71.515152	32	3.9486e-11	2.9125e-08	96.984	25.469
chr11	97668612	97669324	0.0017161	90.595238	24	3.262e-09	1.2227e-08	92.679	2.0833
chr11	97679258	97680374	1.8892e-05	78.702381	30	1.2662e-10	1.3461e-10	79.179	0.47619
chr11	97680758	97681863	0.00068591	78.772003	24	2.8772e-09	4.8872e-09	84.328	5.5556
chr11	97697318	97698043	0.0089591	74.147560	27	9.6234e-10	6.3835e-08	89.271	15.123
chr11	97587695	97588695	1.0003e-05	60.761527	42	3.9668e-13	7.1275e-11	66.714	5.9524
chr11	97714122	97714687	0.044259	74.848485	22	2.6516e-08	3.1536e-07	92.273	17.424
chr11	97714999	97716499	1.3242e-13	78.851039	63	4.0523e-14	9.4354e-19	92.608	13.757
chr11	97707133	97707869	1.2726e-07	90.018693	44	4.9294e-14	9.0671e-13	95.89	5.8712
chr11	97784970	97785988	8.9678e-05	84.927249	30	2.8764e-11	6.3897e-10	94.649	9.7222
chr11	97686724	97687589	0.00025002	87.599598	23	6.2158e-09	1.7814e-09	89.774	2.1739
chr11	97791165	97791842	0.038538	88.077381	20	6.3019e-08	2.7459e-07	89.327	1.25
chr11	97805693	97807490	5.4361e-08	90.551596	41	4.9072e-14	3.8733e-13	92.787	2.2358
chr11	97810423	97811419	0.0033739	77.384560	22	1.344e-08	2.404e-08	86.807	9.4228
chr11	97813669	97814513	4.336e-12	83.129252	56	4.2744e-14	3.0895e-17	86.522	3.3929
chr11	97804395	97804714	0.0040479	88.541667	24	3.262e-09	2.8842e-08	90.625	2.0833
chr11	97828984	97830124	0.00046456	66.742318	34	2.1318e-11	3.31e-09	91.105	24.363
chr11	97841047	97841616	0.017868	81.893939	22	3.0327e-08	1.2731e-07	89.621	7.7273
chr11	97847221	97847855	0.009416	85.861905	25	1.6955e-09	6.709e-08	91.862	6
chr11	97835932	97836420	0.00090991	84.740646	28	1.331e-10	6.4832e-09	92.096	7.3554
chr11	97855906	97856486	0.043407	77.148268	22	9.9144e-08	3.0928e-07	91.315	14.167
chr11	97861204	97862065	0.0046466	73.711624	29	2.8629e-10	3.3108e-08	74.861	1.1494
chr11	97722835	97723721	2.3483e-05	78.781513	34	1.5236e-11	1.6732e-10	86.87	8.0882
chr11	97898386	97899432	9.0383e-06	76.580087	44	6.6502e-14	6.4399e-11	86.883	10.303
chr11	97864045	97865644	1.8903e-10	82.136402	57	4.0967e-14	1.3469e-15	89.973	7.8363
chr11	97905957	97906630	0.04338	85.016234	22	1.344e-08	3.0909e-07	90.471	5.4545
chr11	97914744	97916284	2.1039e-05	83.073567	32	6.2559e-12	1.499e-10	88.542	5.4687
chr11	97932746	97933240	0.042067	80.202020	21	2.6845e-07	2.9974e-07	87.345	7.1429
chr11	97933240	97934077	2.7875e-07	94.329268	41	4.9072e-14	1.9861e-12	95.549	1.2195
chr11	97924289	97925374	0.0045442	92.371795	26	6.1792e-10	3.2378e-08	93.654	1.2821
chr11	97949193	97950591	5.5163e-14	92.178504	59	4.4742e-14	3.9304e-19	92.602	0.42373
chr11	97950611	97952468	4.8423e-06	67.402245	41	3.0235e-12	3.4502e-11	75.573	8.1707
chr11	97967601	97968350	0.0097322	80.820106	27	1.3232e-08	6.9343e-08	91.931	11.111
chr11	97969794	97970782	0.0077756	81.655844	22	1.344e-08	5.5403e-08	93.247	11.591
chr11	97997848	97998212	0.018828	89.885714	25	1.3329e-09	1.3415e-07	96.819	6.9333
chr11	98013445	98014194	0.0029421	86.848073	21	2.9088e-08	2.0963e-08	90.181	3.3333
chr11	98010143	98012084	3.7896e-10	87.818026	51	4.4076e-14	2.7001e-15	93.047	5.2288
chr11	98162600	98163643	0.0037513	87.439614	23	6.2158e-09	2.6728e-08	93.237	5.7971
chr11	98091169	98092509	0.00040147	75.635916	29	1.2726e-10	2.8605e-09	79.659	4.023
chr11	98235022	98235888	0.043068	81.556310	22	1.5413e-08	3.0687e-07	84.776	3.2197
chr11	98313539	98315281	9.2676e-12	83.540427	64	4.1522e-14	6.6033e-17	87.447	3.9062
chr11	98340362	98341275	0.004591	74.015525	29	9.3912e-10	3.2712e-08	84.935	10.92
chr11	98354468	98355971	2.8801e-14	87.243966	73	4.5519e-14	2.0521e-19	92.038	4.7945
chr11	98361122	98362085	4.4476e-05	73.817316	38	7.4729e-13	3.1689e-10	79.738	5.9211
chr11	98330278	98331405	0.019536	77.312554	25	2.1536e-09	1.392e-07	88.646	11.333
chr11	98368993	98371297	8.2678e-14	76.710423	75	4.3188e-14	5.8909e-19	90.51	13.8
chr11	98366709	98368673	3.0317e-07	63.134764	62	4.2299e-14	2.1601e-12	75.662	12.527
chr11	98380894	98381220	0.0015384	90.243271	23	6.2158e-09	1.0961e-08	91.33	1.087
chr11	98386312	98387944	3.7508e-10	86.642416	54	4.5075e-14	2.6725e-15	91.581	4.9383
chr11	98391499	98392160	0.044006	75.059524	22	1.5413e-08	3.1355e-07	85.817	10.758
chr11	98346788	98347392	0.00086284	90.321869	27	2.8668e-10	6.1479e-09	95.877	5.5556
chr11	98410341	98412313	3.788e-10	79.277320	52	4.4298e-14	2.699e-15	85.367	6.0897
chr11	98412695	98414134	1.0252e-05	85.273243	35	7.2609e-13	7.3044e-11	87.416	2.1429
chr11	98418086	98418639	0.0053316	75.112782	19	1.3668e-07	3.7989e-08	82.218	7.1053
chr11	98423126	98423764	0.0082041	86.118012	23	6.2158e-09	5.8455e-08	91.915	5.7971
chr11	98403490	98405254	4.4187e-11	86.514326	59	4.6407e-14	3.1484e-16	90.469	3.9548
chr11	98455028	98456962	6.6746e-14	80.529401	64	3.9746e-14	4.7557e-19	93.186	12.656
chr11	98459016	98460112	4.6919e-05	77.864146	34	3.0149e-12	3.343e-10	83.011	5.1471
chr11	98482648	98483561	0.00074041	79.479167	24	2.8772e-09	5.2756e-09	81.563	2.0833
chr11	98446215	98446673	0.015881	75.976190	20	6.3019e-08	1.1316e-07	77.643	1.6667
chr11	98490024	98490232	0.029881	40.193603	18	1.5164e-06	2.1291e-07	42.971	2.7778
chr11	98552803	98553205	0.015234	84.612734	20	6.3019e-08	1.0854e-07	90.863	6.25
chr11	98548847	98549361	6.6258e-05	88.456790	27	2.8668e-10	4.721e-10	91.543	3.0864
chr11	98563306	98563884	0.040095	70.225305	22	3.514e-07	2.8568e-07	74.013	3.7879
chr11	98557386	98557927	0.0092783	78.893849	24	2.8772e-09	6.6109e-08	86.88	7.9861
chr11	98568364	98570721	7.4609e-11	72.301259	55	4.2188e-14	5.316e-16	85.366	13.065
chr11	98515464	98516223	1.2884e-07	57.378358	43	7.2164e-14	9.1804e-13	88.752	31.373
chr11	98618657	98619518	1.8293e-05	61.515377	32	2.139e-10	1.3034e-10	88.457	26.942
chr11	98625731	98626703	1.3355e-08	85.287478	45	4.5186e-14	9.5158e-14	90.473	5.1852
chr11	98586868	98587400	0.00016704	87.495895	29	6.1844e-11	1.1902e-09	96.117	8.6207
chr11	98601534	98602164	0.041626	44.467120	21	2.0509e-07	2.9659e-07	90.499	46.032
chr11	98712418	98712826	0.00011717	77.047619	25	1.3329e-09	8.3484e-10	97.714	20.667
chr11	98838527	98839017	0.00011225	84.074074	24	2.8772e-09	7.9981e-10	93.935	9.8611
chr11	98797246	98798059	7.3083e-05	87.651382	27	2.8668e-10	5.2073e-10	92.59	4.9383
chr11	98884652	98885189	0.0070362	55.315399	21	2.9088e-08	5.0134e-08	98.139	42.823
chr11	98909480	98910321	0.00019306	87.257653	28	1.4821e-10	1.3755e-09	92.232	4.9745
chr11	98918980	98921165	1.6106e-09	76.538498	53	4.5741e-14	1.1476e-14	84.117	7.5786
chr11	98923769	98925380	6.9565e-07	68.718383	53	4.2188e-14	4.9566e-12	84.543	15.824
chr11	98944287	98945955	2.558e-09	76.616248	42	4.6518e-14	1.8226e-14	94.303	17.687
chr11	98960583	98961732	1.0315e-05	76.306306	37	2.8099e-12	7.3493e-11	92.973	16.667
chr11	98870111	98871202	1.1551e-06	87.855911	41	4.9072e-14	8.2306e-12	95.539	7.6829
chr11	98971121	98972636	2.7914e-10	93.148645	46	4.5741e-14	1.9889e-15	94.127	0.97826
chr11	98974522	98975316	0.020118	89.549689	23	6.2158e-09	1.4335e-07	90.999	1.4493
chr11	98983580	98984782	5.18e-08	86.252980	42	4.5963e-14	3.6908e-13	91.412	5.1587
chr11	98986635	98988443	8.7298e-06	77.636999	42	1.1133e-12	6.2201e-11	86.764	9.127
chr11	98988870	98991693	2.0969e-16	83.431548	80	4.5741e-14	1.4941e-21	90.348	6.9167
chr11	98996506	98997379	0.0044667	78.617216	27	3.5822e-10	3.1826e-08	82.63	4.0123
chr11	98997379	98998575	0.00094386	66.451613	31	6.6818e-10	6.7251e-09	70.753	4.3011
chr11	98994683	98995140	0.0043563	76.895238	25	1.6955e-09	3.1039e-08	84.667	7.7714
chr11	98995183	98996049	0.00095363	77.975444	29	1.3849e-09	6.7948e-09	79.125	1.1494
chr11	99002307	99002998	0.044943	58.963312	26	4.0112e-08	3.2022e-07	81.399	22.436
chr11	99010727	99011464	0.0092269	82.136243	24	3.262e-09	6.5743e-08	84.22	2.0833
chr11	99015564	99016091	0.0001884	68.609788	30	3.1796e-11	1.3424e-09	71.03	2.4206
chr11	99028160	99028957	0.0095943	68.833333	25	1.3801e-07	6.8361e-08	70.167	1.3333
chr11	99021186	99021662	0.042167	71.893424	21	1.2823e-06	3.0044e-07	93.322	21.429
chr11	99046008	99046444	0.0039576	82.697962	24	4.1878e-09	2.8199e-08	84.781	2.0833
chr11	99055517	99056444	4.8224e-05	74.336420	36	2.5107e-12	3.4361e-10	80.679	6.3426
chr11	99094009	99095863	0.00021636	78.673263	35	7.2319e-12	1.5416e-09	90.578	11.905
chr11	99089722	99090855	1.8097e-06	87.470238	32	6.2559e-12	1.2894e-11	91.22	3.75
chr11	99078481	99079023	0.0081318	80.303030	22	2.3171e-08	5.794e-08	90.909	10.606
chr11	99129175	99129682	2.0572e-05	71.010517	32	1.5066e-10	1.4658e-10	72.573	1.5625
chr11	99132571	99133634	0.00090587	75.090703	35	5.6576e-12	6.4545e-09	85.771	10.68
chr11	99143366	99144271	0.00034478	74.258730	25	1.5036e-09	2.4566e-09	87.035	12.776
chr11	99150557	99150914	0.018866	86.969697	22	1.344e-08	1.3443e-07	97.576	10.606
chr11	99157872	99158772	0.00044412	79.953315	34	1.1827e-11	3.1644e-09	91.28	11.327
chr11	99164640	99166871	3.6451e-10	71.645195	56	4.563e-14	2.5972e-15	89.175	17.53
chr11	99172047	99172183	0.029881	81.481481	18	2.9682e-07	2.1291e-07	83.333	1.8519
chr11	99172629	99173442	4.227e-06	83.389742	33	2.6997e-11	3.0118e-11	88.44	5.0505
chr11	99176634	99177398	4.3019e-05	84.030978	31	1.7903e-11	3.0651e-10	88.87	4.8387
chr11	99202486	99203483	0.0019591	84.482601	26	6.9382e-10	1.3959e-08	90.893	6.4103
chr11	99035827	99036410	1.6259e-09	67.380952	52	4.7296e-14	1.1585e-14	91.58	24.199
chr11	99211723	99212942	1.1619e-15	85.761905	60	4.3521e-14	8.2788e-21	88.262	2.5
chr11	99213349	99214845	3.194e-20	85.963672	77	4.5186e-14	2.2758e-25	86.613	0.64935
chr11	99206603	99209497	4.0631e-27	86.476031	122	4.3299e-14	2.895e-32	90.315	3.8388
chr11	99224303	99225838	7.0395e-16	81.167731	82	4.5297e-14	5.0157e-21	87.875	6.7073
chr11	99237045	99237768	0.009983	86.156463	28	3.3057e-09	7.113e-08	90.918	4.7619
chr11	99253514	99255278	3.7176e-15	83.326169	67	4.5186e-14	2.6488e-20	83.724	0.39801
chr11	99240327	99241549	2.9774e-08	87.625220	45	4.1522e-14	2.1215e-13	92.44	4.8148
chr11	99265212	99265416	0.01146	75.046296	18	2.9682e-07	8.1657e-08	91.713	16.667
chr11	99306337	99307041	0.0081077	78.409091	22	1.7666e-08	5.7769e-08	80.682	2.2727
chr11	99290702	99291602	0.00010266	78.627451	34	1.1827e-11	7.3145e-10	85.735	7.1078
chr11	99377555	99378333	0.00095636	88.137755	28	1.4821e-10	6.8142e-09	89.923	1.7857
chr11	99383321	99384017	4.2546e-07	92.444444	35	6.7091e-13	3.0315e-12	95.302	2.8571
chr11	99408994	99409895	0.021243	68.614141	25	7.2731e-08	1.5136e-07	93.281	24.667
chr11	99459538	99460668	0.0080769	77.925685	22	1.7666e-08	5.7549e-08	89.289	11.364
chr11	99522302	99522999	0.045417	85.338164	23	5.4072e-08	3.236e-07	92.585	7.2464
chr11	99536549	99537995	9.4802e-12	85.735171	57	4.6851e-14	6.7548e-17	89.829	4.0936
chr11	99682482	99683191	0.038496	79.285714	20	6.4505e-07	2.7429e-07	86.786	7.5
chr11	99728346	99729290	2.6934e-05	81.675824	26	4.7307e-09	1.9191e-10	89.368	7.6923
chr11	99722888	99726469	2.1546e-07	64.343206	52	4.4187e-14	1.5352e-12	83.674	19.331
chr11	99860145	99861548	0.00021244	80.391705	31	1.1877e-10	1.5137e-09	87.919	7.5269
chr11	99886016	99887169	0.038829	92.988095	20	6.3019e-08	2.7666e-07	95.488	2.5
chr11	99882865	99884488	1.7488e-10	85.516675	45	4.1522e-14	1.246e-15	88.85	3.3333
chr11	99876468	99877698	5.3445e-07	92.268170	38	1.0758e-13	3.808e-12	93.584	1.3158
chr11	99877781	99879279	0.0021192	75.114943	29	1.5777e-08	1.5099e-08	84.31	9.1954
chr11	99894785	99895565	0.045506	77.509158	26	6.5734e-09	3.2423e-07	81.355	3.8462
chr11	99896518	99897373	1.1322e-08	84.728261	46	4.3299e-14	8.0671e-14	91.612	6.8841
chr11	99873625	99874457	0.015713	79.577020	20	6.3019e-08	1.1196e-07	83.744	4.1667
chr11	99920453	99920830	0.029881	94.444444	18	2.9682e-07	2.1291e-07	98.611	4.1667
chr11	99940037	99940703	0.0046684	70.564374	27	1.7902e-08	3.3263e-08	89.392	18.827
chr11	99928284	99929222	9.1226e-07	91.156899	39	7.2942e-14	6.5e-12	94.362	3.2051
chr11	99935623	99938125	1.8065e-13	91.033872	56	4.7296e-14	1.2871e-18	93.564	2.5298
chr11	99943464	99944274	1.0704e-05	79.206349	34	1.2869e-11	7.6267e-11	83.128	3.9216
chr11	99944833	99946394	4.0689e-05	80.038690	40	1.1938e-12	2.8992e-10	91.705	11.667
chr11	99971462	99972601	0.021545	80.950855	26	6.5734e-09	1.5351e-07	91.207	10.256
chr11	99957667	99958472	5.5104e-09	86.130491	43	5.2847e-14	3.9263e-14	93.495	7.3643
chr11	99978503	99979312	0.020686	66.041667	28	1.636e-09	1.4739e-07	90.744	24.702
chr11	100022441	100023215	0.043079	72.996032	22	5.8878e-08	3.0694e-07	74.511	1.5152
chr11	100015746	100016581	0.000227	80.703463	33	3.8404e-12	1.6174e-09	86.259	5.5556
chr11	100016658	100017816	0.00087435	79.250441	27	9.7546e-09	6.2299e-09	86.658	7.4074
chr11	100011772	100012218	0.000454	93.151341	29	6.1844e-11	3.2348e-09	96.312	3.1609
chr11	99989769	99991818	3.4594e-11	86.392857	50	4.1744e-14	2.4648e-16	94.726	8.3333
chr11	100050552	100052368	1.4137e-08	80.793651	47	4.3854e-14	1.0072e-13	88.063	7.2695
chr11	100026433	100027217	7.9658e-05	72.142857	28	1.4781e-09	5.6758e-10	75.714	3.5714
chr11	100064891	100065942	0.020215	67.075250	27	8.5733e-07	1.4404e-07	80.038	12.963
chr11	100067210	100067901	0.0043662	85.905163	26	6.9382e-10	3.111e-08	91.803	5.8974
chr11	100080054	100080747	0.041389	75.816327	21	1.5631e-07	2.949e-07	80.181	4.3651
chr11	100074692	100075612	0.013715	73.654971	19	1.3668e-07	9.7722e-08	91.199	17.544
chr11	100091374	100092262	0.045741	80.426156	23	5.4072e-08	3.2591e-07	86.948	6.5217
chr11	100109987	100111298	0.0096754	85.905916	25	1.3329e-09	6.8939e-08	88.706	2.8
chr11	100124665	100125084	0.013682	83.053277	19	1.3668e-07	9.7486e-08	85.685	2.6316
chr11	100134122	100134318	0.0001118	88.867394	24	2.8772e-09	7.9657e-10	93.034	4.1667
chr11	100137851	100138814	4.3178e-05	72.063492	33	2.6997e-11	3.0765e-10	86.71	14.646
chr11	100140616	100142164	1.2305e-06	80.956074	42	6.9611e-14	8.7676e-12	92.702	11.746
chr11	100170603	100171290	0.0062631	88.253968	20	6.3019e-08	4.4625e-08	91.921	3.6667
chr11	100167363	100168293	2.467e-08	71.733045	40	6.0063e-14	1.7577e-13	92.358	20.625
chr11	100174040	100175563	4.6509e-05	84.219577	39	7.7494e-14	3.3138e-10	89.958	5.7387
chr11	100157860	100158083	0.0023965	90.000000	20	6.3019e-08	1.7076e-08	99	9
chr11	100181354	100182508	0.0090658	84.890873	24	2.8772e-09	6.4595e-08	91.488	6.5972
chr11	100204060	100205802	3.2415e-09	79.405546	46	5.5178e-14	2.3096e-14	89.913	10.507
chr11	100197461	100198840	0.00021512	90.687710	30	2.8764e-11	1.5328e-09	92.91	2.2222
chr11	100215954	100216264	0.041684	53.902663	22	2.1319e-07	2.97e-07	77.009	23.106
chr11	100228984	100230241	2.4554e-06	80.785071	37	5.144e-12	1.7495e-11	91.461	10.676
chr11	100233658	100234511	0.0015183	89.162022	23	6.2158e-09	1.0818e-08	95.466	6.3043
chr11	100218055	100218459	0.0031245	79.686147	22	1.344e-08	2.2263e-08	96.126	16.439
chr11	100189597	100191156	1.107e-08	69.892788	57	4.3188e-14	7.8873e-14	78.08	8.1871
chr11	100257972	100259156	5.1574e-06	84.523648	36	4.8639e-13	3.6747e-11	91.7	7.1759
chr11	100282795	100283725	0.00027359	53.985033	43	7.252e-12	1.9493e-09	88.597	34.612
chr11	100293658	100295045	2.1242e-06	76.433134	34	7.7354e-12	1.5135e-11	84.619	8.1863
chr11	100309519	100310802	1.7432e-05	70.696166	44	1.8104e-12	1.2421e-10	86.416	15.72
chr11	100314878	100316156	6.1205e-08	85.486542	46	4.6518e-14	4.3609e-13	89.689	4.2029
chr11	100317060	100317861	5.5034e-07	77.261905	41	9.4258e-14	3.9213e-12	85.717	8.4553
chr11	100318299	100318867	0.00038687	87.013889	28	7.9935e-10	2.7565e-09	94.157	7.1429
chr11	100289575	100289999	0.00064118	92.318841	23	7.0858e-09	4.5685e-09	94.493	2.1739
chr11	100327115	100328476	1.3583e-08	91.215278	48	4.341e-14	9.6781e-14	96.771	5.5556
chr11	100319232	100320756	3.1765e-14	92.930689	62	4.5408e-14	2.2633e-19	95.619	2.6882
chr11	100329118	100331208	1.4576e-08	81.093466	46	7.5051e-14	1.0386e-13	90.695	9.6014
chr11	100335762	100337051	2.5383e-10	75.013329	60	4.0523e-14	1.8086e-15	88.069	13.056
chr11	100410415	100411063	0.00040911	85.246914	27	3.2051e-10	2.915e-09	95.247	10
chr11	100434040	100435345	3.61e-05	85.444882	28	1.331e-10	2.5722e-10	89.909	4.4643
chr11	100441450	100442750	1.0135e-12	89.825856	55	4.4964e-14	7.2213e-18	93.311	3.4848
chr11	100452014	100452125	1.7028e-05	76.896552	29	6.8604e-11	1.2132e-10	94.713	17.816
chr11	100449718	100451428	4.7282e-07	76.688897	37	5.5478e-12	3.3689e-12	79.392	2.7027
chr11	100478115	100479235	0.0010063	53.895089	32	3.0285e-10	7.1702e-09	96.447	42.552
chr11	100490064	100490599	0.0020319	59.565811	28	2.5275e-10	1.4478e-08	95.578	36.012
chr11	100295490	100297175	9.1343e-05	87.539683	29	6.1844e-11	6.5083e-10	91.85	4.3103
chr11	100545588	100546516	0.00094928	91.543210	27	3.2051e-10	6.7638e-09	95.247	3.7037
chr11	100455973	100458279	7.8014e-20	84.542328	90	3.9968e-14	5.5586e-25	88.172	3.6296
chr11	100551401	100552140	0.0080011	83.062771	22	1.344e-08	5.7009e-08	93.669	10.606
chr11	100588091	100589081	0.020136	82.553535	25	1.1026e-08	1.4347e-07	92.354	9.8
chr11	100566350	100567191	0.00010103	74.819625	33	5.5023e-12	7.1983e-10	97.042	22.222
chr11	100632128	100632998	4.4279e-05	78.516152	31	1.6257e-11	3.155e-10	86.366	7.8495
chr11	100538810	100539669	2.5424e-08	83.250000	40	5.7065e-14	1.8115e-13	84.083	0.83333
chr11	100667903	100668086	0.0073223	84.431217	21	2.9088e-08	5.2173e-08	91.574	7.1429
chr11	100676575	100678554	1.6867e-09	85.566038	53	4.3965e-14	1.2018e-14	91.698	6.1321
chr11	100678900	100679288	1.7141e-05	83.508185	32	6.868e-12	1.2213e-10	84.55	1.0417
chr11	100685077	100685486	0.034508	84.210526	19	1.6018e-07	2.4587e-07	92.105	7.8947
chr11	100691823	100692554	0.0043469	83.828571	25	9.8355e-09	3.0972e-08	89.829	6
chr11	100690696	100691472	0.00038446	91.781136	26	6.1792e-10	2.7394e-09	94.986	3.2051
chr11	100700792	100701998	0.00097096	87.881944	32	6.2559e-12	6.9182e-09	93.351	5.4687
chr11	100717593	100717924	0.040566	91.179138	21	2.9088e-08	2.8904e-07	93.56	2.381
chr11	100729821	100730973	2.958e-08	79.753200	46	4.5852e-14	2.1076e-13	88.198	8.4446
chr11	100735336	100735865	0.00045008	82.406881	32	1.0939e-11	3.2069e-09	91.626	9.2188
chr11	100710629	100712720	1.4053e-17	79.533985	78	4.4076e-14	1.0013e-22	92.846	13.312
chr11	100731303	100732780	7.865e-10	85.231697	53	4.0412e-14	5.604e-15	88.376	3.1447
chr11	100745732	100746607	0.0017214	73.243007	24	3.262e-09	1.2265e-08	84.007	10.764
chr11	100757846	100759090	0.021229	88.521062	26	6.1792e-10	1.5126e-07	93.97	5.4487
chr11	100754909	100757483	2.2855e-17	88.764330	72	4.3854e-14	1.6285e-22	91.426	2.662
chr11	100746957	100748815	5.2087e-06	74.811266	41	1.4844e-13	3.7113e-11	88.47	13.659
chr11	100769986	100771423	2.4876e-17	89.984568	72	4.7073e-14	1.7725e-22	92.415	2.4306
chr11	100760680	100762073	6.6354e-09	83.929429	45	4.5186e-14	4.7278e-14	91.707	7.7778
chr11	100832151	100833288	4.9865e-05	72.126623	36	5.5262e-12	3.553e-10	87.299	15.172
chr11	100855278	100855652	0.01871	80.633117	22	1.7666e-08	1.3331e-07	89.724	9.0909
chr11	100886324	100887180	0.00019564	86.292517	28	1.331e-10	1.3939e-09	88.078	1.7857
chr11	100888246	100889744	9.1445e-06	80.577652	32	9.9696e-12	6.5156e-11	84.328	3.75
chr11	100892665	100893569	0.03866	86.166667	20	7.3268e-08	2.7546e-07	88.667	2.5
chr11	100914272	100914831	0.0019476	67.751832	26	1.547e-09	1.3877e-08	92.367	24.615
chr11	100955275	100956916	1.1307e-05	80.677356	38	4.5697e-13	8.0567e-11	94.142	13.465
chr11	101021528	101022668	0.0083017	67.596726	32	1.2865e-09	5.9151e-08	72.909	5.3125
chr11	101026428	101027836	0.0020687	77.964286	30	1.3477e-09	1.474e-08	84.909	6.9444
chr11	101109195	101109688	0.018997	80.909091	22	6.7124e-08	1.3536e-07	97.576	16.667
chr11	101126944	101127853	0.0043583	77.268991	28	4.2824e-10	3.1054e-08	84.114	6.8452
chr11	100968347	100969346	0.0024083	57.766860	38	5.9534e-10	1.7159e-08	82.548	24.781
chr11	101233408	101234475	4.8413e-06	77.764550	36	6.5992e-13	3.4495e-11	81.468	3.7037
chr11	101255043	101256275	2.2372e-05	80.174204	38	4.8672e-13	1.594e-10	87.192	7.0175
chr11	101261159	101262325	0.0004624	82.834656	30	2.8764e-11	3.2947e-09	83.501	0.66667
chr11	101265983	101266772	0.03812	71.624459	20	8.5123e-08	2.7161e-07	89.124	17.5
chr11	101239747	101241676	2.9046e-08	77.807164	48	4.6851e-14	2.0695e-13	83.768	5.9606
chr11	101309740	101310203	0.0073541	55.079365	21	4.5655e-07	5.2399e-08	59.841	4.7619
chr11	101389450	101390677	0.0082553	79.236955	31	1.303e-10	5.882e-08	90.258	11.022
chr11	101474703	101475564	8.528e-07	89.323063	34	1.389e-12	6.0763e-12	91.284	1.9608
chr11	101357491	101358110	0.0094618	57.131133	24	2.8772e-09	6.7417e-08	57.964	0.83333
chr11	101476692	101477629	3.983e-12	87.665469	53	4.2744e-14	2.838e-17	91.192	3.5265
chr11	101483864	101485324	0.008223	78.671275	31	8.985e-11	5.859e-08	85.123	6.4516
chr11	101485715	101486441	7.2952e-05	75.994898	28	1.335e-09	5.1979e-10	89.685	13.69
chr11	101489780	101490524	0.0040347	79.218235	24	3.6968e-09	2.8748e-08	83.385	4.1667
chr11	101478591	101479314	2.1683e-05	81.016114	36	2.1418e-12	1.5449e-10	93.285	12.269
chr11	101496518	101497670	0.000936	79.781237	27	3.5822e-10	6.6691e-09	81.633	1.8519
chr11	101544523	101545558	0.0043867	77.109768	29	6.8604e-11	3.1256e-08	83.432	6.3218
chr11	101554140	101554976	0.00018655	72.663497	28	1.331e-10	1.3292e-09	78.318	5.6548
chr11	101566192	101567227	0.039911	77.636054	28	4.4513e-09	2.8437e-07	83.588	5.9524
chr11	101584105	101585423	2.5015e-07	90.199315	44	4.7851e-14	1.7824e-12	95.881	5.6818
chr11	101588058	101588881	0.01736	79.841270	21	6.8179e-08	1.2369e-07	87.937	8.0952
chr11	101590960	101591466	0.019626	78.503821	27	4.4711e-10	1.3984e-07	84.059	5.5556
chr11	101594125	101595849	2.5322e-06	82.629622	38	2.5662e-12	1.8042e-11	87.849	5.2193
chr11	101598192	101599990	2.8168e-05	61.365001	37	4.5929e-10	2.007e-10	70.554	9.1892
chr11	101607373	101609130	2.2245e-06	80.038760	43	4.6629e-14	1.585e-11	88.062	8.0233
chr11	101602178	101603479	2.2252e-05	84.485261	35	5.2131e-12	1.5855e-10	89.512	5.0272
chr11	101619798	101621550	5.2259e-07	70.549645	47	6.9167e-14	3.7235e-12	88.848	18.298
chr11	101537735	101538226	1.9007e-06	91.018191	33	2.9344e-12	1.3543e-11	92.786	1.7677
chr11	101610313	101611130	4.7881e-08	84.721230	40	6.0174e-14	3.4116e-13	87.221	2.5
chr11	101630566	101631081	0.017387	77.292430	21	3.8734e-08	1.2389e-07	96.459	19.167
chr11	101665030	101665916	0.0084512	89.239130	23	6.2158e-09	6.0216e-08	92.283	3.0435
chr11	101744536	101745524	0.00094877	80.600778	28	9.8215e-10	6.7602e-09	92.803	12.202
chr11	101755715	101756090	0.01146	68.928171	18	2.9682e-07	8.1657e-08	88.095	19.167
chr11	101779584	101780169	0.0078966	68.022432	22	1.5413e-08	5.6264e-08	69.538	1.5152
chr11	101788276	101789506	4.1753e-05	84.498208	31	1.0824e-10	2.975e-10	87.724	3.2258
chr11	101812715	101813628	0.018783	91.969697	22	1.344e-08	1.3383e-07	93.788	1.8182
chr11	101820368	101821272	0.00019536	77.174036	28	8.8617e-10	1.392e-09	94.436	17.262
chr11	101831807	101832514	0.0037118	74.820566	23	4.2219e-08	2.6447e-08	82.429	7.6087
chr11	101839235	101840994	1.4683e-14	86.085434	68	4.2744e-14	1.0462e-19	89.517	3.4314
chr11	101864131	101865743	3.0859e-17	77.211111	75	4.2411e-14	2.1988e-22	82.011	4.8
chr11	101926927	101927601	0.041613	89.240363	21	2.0509e-07	2.965e-07	94.002	4.7619
chr11	101932929	101934162	3.0933e-09	73.611820	56	4.0301e-14	2.204e-14	88.493	14.881
chr11	101943162	101943872	0.0020056	79.440604	31	2.1703e-11	1.429e-08	86.507	7.0661
chr11	101959959	101961098	2.2896e-06	48.080121	42	4.8581e-11	1.6314e-11	56.413	8.3333
chr11	101951234	101951765	3.224e-06	52.337302	50	7.222e-13	2.2971e-11	57.171	4.8333
chr11	101994585	101995005	0.0094335	77.847619	25	1.9112e-09	6.7215e-08	81.848	4
chr11	102014675	102015279	0.00079399	56.684852	37	1.0429e-09	5.6573e-09	80.186	23.501
chr11	102005281	102006150	3.2746e-10	90.062035	51	4.6629e-14	2.3332e-15	91.827	1.7647
chr11	102015677	102017104	1.1256e-08	69.161682	54	4.2077e-14	8.0197e-14	90.211	21.049
chr11	102019429	102020264	0.0003834	68.571429	37	2.1273e-11	2.7318e-09	89.292	20.721
chr11	101869816	101870981	2.2461e-05	86.224323	34	1.389e-12	1.6004e-10	93.724	7.5
chr11	102056610	102059158	3.5855e-10	81.750821	58	4.0745e-14	2.5547e-15	94.94	13.19
chr11	102101952	102103518	8.0653e-16	85.137616	68	4.0412e-14	5.7466e-21	90.04	4.902
chr11	102123996	102125345	1.9949e-05	81.758716	31	1.3399e-11	1.4214e-10	87.511	5.7527
chr11	102128445	102128782	0.00020685	88.901515	22	1.344e-08	1.4738e-09	89.811	0.90909
chr11	102122834	102123292	0.021495	74.047619	25	1.3329e-09	1.5316e-07	84.848	10.8
chr11	102130672	102131912	0.00044346	79.811166	29	5.2072e-10	3.1598e-09	88.834	9.023
chr11	102134299	102134954	0.00021582	79.516807	34	4.6322e-12	1.5377e-09	85.399	5.8824
chr11	102136610	102137341	0.00021752	85.998789	34	1.6506e-12	1.5499e-09	93.352	7.3529
chr11	102159603	102160129	0.00090971	73.606602	28	1.6499e-10	6.4818e-09	87.595	13.988
chr11	102106305	102106951	1.0822e-06	82.870370	36	4.5275e-13	7.7107e-12	88.426	5.5556
chr11	102162597	102163428	0.00018476	76.699507	29	9.3535e-11	1.3164e-09	78.424	1.7241
chr11	102169432	102170289	4.7139e-05	81.217758	32	6.868e-12	3.3587e-10	85.905	4.6875
chr11	102153141	102153998	0.041806	88.004535	21	2.9088e-08	2.9787e-07	95.147	7.1429
chr11	102192001	102192557	0.013787	86.257310	19	1.3668e-07	9.8234e-08	92.222	5.9649
chr11	102204895	102205491	0.020449	78.183230	23	6.2158e-09	1.457e-07	98.835	20.652
chr11	102095726	102096325	0.0020601	76.978248	27	3.2051e-10	1.4678e-08	88.892	11.914
chr11	102213165	102214008	0.0044842	76.509354	28	2.2728e-10	3.1951e-08	81.093	4.5833
chr11	102221931	102222482	0.0099451	81.089744	26	6.1792e-10	7.086e-08	90.385	9.2949
chr11	102224768	102226057	4.0907e-05	75.833333	30	3.8831e-11	2.9147e-10	79.167	3.3333
chr11	102230861	102231258	0.0024579	75.932665	20	6.3019e-08	1.7513e-08	91.516	15.583
chr11	102235690	102237188	2.1759e-06	87.803455	34	1.5136e-12	1.5503e-11	92.46	4.6569
chr11	102238564	102239691	1.9572e-08	78.983740	41	3.4295e-13	1.3945e-13	82.642	3.6585
chr11	102240474	102241159	0.013623	89.160401	19	1.3668e-07	9.7064e-08	90.915	1.7544
chr11	102257751	102258194	0.01345	82.756892	19	1.3668e-07	9.583e-08	91.529	8.7719
chr11	102260886	102261867	0.0094244	67.921958	30	9.6735e-09	6.7151e-08	80.144	12.222
chr11	102250310	102251227	1.1201e-05	78.874158	36	3.4442e-12	7.9811e-11	85.819	6.9444
chr11	102319778	102320450	0.0060276	55.116342	20	8.5123e-08	4.2947e-08	81.366	26.25
chr11	102451252	102453176	5.8841e-07	87.938444	41	7.6605e-14	4.1925e-12	91.597	3.6585
chr11	102458738	102458848	0.004275	51.774691	18	2.9682e-07	3.046e-08	98.071	46.296
chr11	102488553	102489381	0.0017214	83.503337	24	2.8772e-09	1.2265e-08	87.323	3.8194
chr11	102526192	102526752	0.029881	91.666667	18	2.9682e-07	2.1291e-07	94.444	2.7778
chr11	102539076	102541480	4.1828e-13	73.069545	68	4.4409e-14	2.9803e-18	87.016	13.946
chr11	102544560	102545404	3.2526e-06	84.918470	30	2.8764e-11	2.3175e-11	85.585	0.66667
chr11	102552392	102553262	1.5905e-05	67.397186	44	4.7073e-14	1.1332e-10	88.149	20.752
chr11	102549196	102550025	0.0018526	81.906349	25	7.8175e-09	1.32e-08	86.573	4.6667
chr11	102581467	102582583	1.3196e-06	84.492063	30	2.8764e-11	9.402e-12	95.325	10.833
chr11	102592312	102592993	5.2234e-06	78.931789	37	1.0473e-12	3.7218e-11	89.681	10.75
chr11	102593043	102593780	0.019951	46.033362	28	6.5944e-09	1.4215e-07	79.97	33.937
chr11	102557691	102558358	0.0009128	77.650794	20	6.3019e-08	6.5038e-09	84.532	6.881
chr11	102648114	102649421	0.0003223	89.390476	25	1.3329e-09	2.2965e-09	91.724	2.3333
chr11	102654118	102656226	7.0596e-11	81.639942	49	4.5519e-14	5.03e-16	84.667	3.0272
chr11	102624624	102626150	0.00076994	66.427499	37	4.2863e-10	5.4859e-09	77.238	10.811
chr11	102626183	102627136	0.00010627	90.796056	33	2.9344e-12	7.5718e-10	95.342	4.5455
chr11	102707066	102707578	0.0079381	77.109919	23	2.9025e-08	5.656e-08	80.008	2.8986
chr11	102683802	102685160	1.0554e-11	81.303242	58	4.674e-14	7.5201e-17	87.851	6.5476
chr11	102729949	102730626	4.6321e-05	64.702381	32	2.139e-10	3.3004e-10	95.536	30.833
chr11	102739811	102740180	0.037893	89.666667	20	3.6682e-07	2.6999e-07	94.667	5
chr11	102756333	102756522	0.015616	63.496032	20	7.3268e-08	1.1127e-07	93.913	30.417
chr11	102781912	102782212	0.025102	75.098039	17	6.4547e-07	1.7886e-07	76.569	1.4706
chr11	102792249	102793304	0.020091	87.670494	23	6.2158e-09	1.4315e-07	92.381	4.7101
chr11	102812894	102813480	0.0077163	55.735931	22	7.6484e-08	5.498e-08	95.866	40.13
chr11	102817586	102818616	0.00010242	81.267109	24	2.8772e-09	7.2974e-10	82.309	1.0417
chr11	102820595	102821594	1.0764e-05	78.780345	34	1.4005e-11	7.6698e-11	83.927	5.1471
chr11	102824297	102825687	1.0781e-06	77.673715	39	1.6009e-13	7.6817e-12	86.007	8.3333
chr11	102834205	102834597	0.01146	85.179774	18	2.9682e-07	8.1657e-08	87.958	2.7778
chr11	102842447	102843341	0.00043664	87.775974	28	1.4821e-10	3.1111e-09	88.966	1.1905
chr11	102773468	102774333	0.034581	83.233083	19	1.3668e-07	2.464e-07	89.373	6.1404
chr11	102673136	102674454	4.7581e-05	65.185941	35	9.2355e-12	3.3902e-10	69.472	4.2857
chr11	102674471	102676152	2.4554e-06	68.565891	43	2.1175e-11	1.7495e-11	73.992	5.4264
chr11	102855164	102855805	4.1619e-06	66.578231	35	7.2319e-12	2.9654e-11	68.959	2.381
chr11	102867115	102868080	4.7576e-06	83.027778	40	1.6043e-13	3.3898e-11	88.444	5.4167
chr11	102871807	102872491	0.036574	65.777778	20	7.415e-07	2.606e-07	70.778	5
chr11	102899355	102900227	0.0019865	73.051587	30	4.7383e-11	1.4154e-08	90.107	17.056
chr11	102954684	102955253	0.0422	85.827664	21	1.3633e-07	3.0068e-07	98.526	12.698
chr11	102988761	102989557	0.0023122	58.117184	36	7.5392e-11	1.6475e-08	81.245	23.128
chr11	102999295	103000022	0.0080677	89.116162	22	1.344e-08	5.7483e-08	95.177	6.0606
chr11	103000605	103001328	0.0044762	89.601648	26	6.1792e-10	3.1894e-08	93.576	3.9744
chr11	102968215	102968777	7.4916e-11	91.800000	50	4.341e-14	5.3379e-16	94.8	3
chr11	102992559	102992776	0.0081847	-86.590909	22	1.344e-08	5.8317e-08	2.0455	88.636
chr11	103029162	103029420	0.00010662	-53.337773	35	3.0903e-11	7.5968e-10	32.71	86.048
chr11	103029430	103029777	0.037781	47.467653	30	1.369e-08	2.692e-07	56.912	9.4444
chr11	103042055	103042651	0.00041619	88.796296	27	2.8668e-10	2.9654e-09	89.722	0.92593
chr11	103054165	103055105	0.00021398	89.134921	30	2.8764e-11	1.5247e-09	90.246	1.1111
chr11	103066224	103067602	2.0059e-08	89.242609	39	7.2942e-14	1.4293e-13	91.379	2.1368
chr11	103069504	103070308	0.00035873	83.489011	26	7.7879e-10	2.556e-09	94.386	10.897
chr11	103085407	103086028	0.0092503	71.121032	24	4.7421e-09	6.591e-08	86.19	15.069
chr11	103096062	103096718	4.4737e-05	67.031490	31	1.3399e-11	3.1876e-10	68.483	1.4516
chr11	103090951	103091274	0.02014	66.205357	24	1.6065e-08	1.435e-07	67.872	1.6667
chr11	103117941	103118376	0.017477	88.888889	21	3.3576e-08	1.2453e-07	92.063	3.1746
chr11	103116349	103116851	0.019878	75.631614	24	4.1878e-09	1.4163e-07	85.116	9.4841
chr11	103121181	103121513	7.7387e-05	81.284014	28	1.8363e-10	5.5139e-10	83.07	1.7857
chr11	103144099	103145470	0.00092618	82.585498	30	4.7383e-11	6.5992e-09	90.085	7.5
chr11	103152708	103155392	6.3273e-23	84.128059	104	3.9857e-14	4.5083e-28	90.058	5.9295
chr11	103155392	103156502	2.2086e-08	74.033911	55	9.992e-14	1.5737e-13	82.519	8.4848
chr11	103164559	103165333	0.017222	93.367003	21	2.9088e-08	1.2271e-07	94.954	1.5873
chr11	103167891	103168261	0.015694	90.876984	20	6.3019e-08	1.1182e-07	92.544	1.6667
chr11	103184629	103185501	0.0098492	73.672439	27	1.8288e-07	7.0177e-08	87.87	14.198
chr11	103125929	103127314	4.8267e-07	84.035409	39	8.1601e-14	3.4391e-12	88.95	4.9145
chr11	103192760	103193863	2.4081e-05	73.240741	36	3.4442e-12	1.7158e-10	86.019	12.778
chr11	103196055	103196746	0.00010402	92.591036	34	1.389e-12	7.4118e-10	94.062	1.4706
chr11	103196850	103197285	0.024785	86.960784	17	6.4547e-07	1.766e-07	90.882	3.9216
chr11	103197923	103199566	1.5836e-12	87.720907	51	4.3632e-14	1.1283e-17	88.211	0.4902
chr11	103206924	103208727	6.2237e-08	81.690307	47	4.6074e-14	4.4345e-13	89.634	7.9433
chr11	103232796	103233444	0.00043506	91.369048	28	6.499e-10	3.0999e-09	98.512	7.1429
chr11	103225806	103226121	0.025769	93.137255	17	6.4547e-07	1.8361e-07	94.608	1.4706
chr11	103264468	103265477	5.0858e-06	79.887387	37	9.7422e-13	3.6237e-11	96.914	17.027
chr11	103276739	103277489	0.0017346	72.519841	24	4.7421e-09	1.2359e-08	98.214	25.694
chr11	103171307	103172120	7.6108e-07	91.014911	33	2.0774e-11	5.4228e-12	94.045	3.0303
chr11	103305774	103306614	0.0098141	68.974359	26	3.6158e-08	6.9927e-08	79.231	10.256
chr11	103313037	103314460	0.00085251	74.658030	34	2.2789e-10	6.0743e-09	87.648	12.99
chr11	103309604	103310450	0.017852	74.533258	21	5.1452e-08	1.272e-07	79.295	4.7619
chr11	103316435	103317115	0.0098592	83.035714	26	6.1792e-10	7.0248e-08	92.266	9.2308
chr11	103342184	103343462	0.0043813	85.466667	25	1.3329e-09	3.1217e-08	90.8	5.3333
chr11	103347526	103347943	0.019645	63.954344	24	1.4562e-07	1.3998e-07	75.343	11.389
chr11	103370888	103371689	0.03871	75.541667	20	1.1466e-07	2.7582e-07	82.208	6.6667
chr11	103516598	103518162	0.00016813	77.427721	28	1.636e-09	1.1979e-09	89.928	12.5
chr11	103518162	103519258	1.7383e-13	65.680272	63	4.4853e-14	1.2386e-18	67.744	2.0635
chr11	103528861	103529845	0.041285	62.788462	26	2.9859e-07	2.9416e-07	74.327	11.538
chr11	103601131	103602086	0.044161	74.052795	23	7.0858e-09	3.1466e-07	93.908	19.855
chr11	103603380	103604275	0.00016507	75.284392	36	1.5228e-11	1.1762e-09	80.377	5.0926
chr11	103634703	103635531	0.00094032	76.901541	28	1.8104e-09	6.6999e-09	83.449	6.5476
chr11	103622831	103623711	5.6638e-08	88.710317	42	4.6518e-14	4.0355e-13	91.091	2.381
chr11	103623711	103624797	0.00017258	58.382173	39	3.8364e-09	1.2297e-09	70.946	12.564
chr11	103625145	103626357	5.1867e-06	80.083655	37	1.7819e-13	3.6956e-11	81.66	1.5766
chr11	103649837	103651012	4.9126e-05	75.809283	33	6.5765e-12	3.5003e-10	80.355	4.5455
chr11	103535251	103536255	0.00051713	83.787879	22	1.344e-08	3.6847e-09	92.121	8.3333
chr11	103669171	103670731	1.8945e-07	87.902337	36	2.1418e-12	1.3499e-12	92.069	4.1667
chr11	103638483	103639714	1.6653e-05	71.616037	29	8.517e-10	1.1865e-10	75.064	3.4483
chr11	103673533	103674123	0.017806	89.306500	21	2.9088e-08	1.2687e-07	92.084	2.7778
chr11	103677199	103677859	0.038122	81.785714	20	4.8712e-07	2.7162e-07	91.786	10
chr11	103678577	103679956	0.0045122	78.444444	30	3.3133e-10	3.215e-08	84.556	6.1111
chr11	103682727	103683874	0.0089189	86.893468	30	2.0537e-10	6.3548e-08	90.893	4
chr11	103686856	103687916	2.2559e-06	73.967961	37	8.0834e-12	1.6074e-11	77.797	3.8288
chr11	103691090	103691956	0.0077701	93.959235	22	1.344e-08	5.5363e-08	96.232	2.2727
chr11	103703513	103703894	9.9245e-05	71.879509	33	7.8619e-12	7.0713e-10	78.95	7.0707
chr11	103704735	103705029	0.037066	93.730159	20	6.3019e-08	2.641e-07	94.98	1.25
chr11	103705846	103706986	8.0542e-07	78.584656	36	5.6777e-13	5.7387e-12	82.751	4.1667
chr11	103714924	103715928	0.00022729	85.675731	32	7.54e-12	1.6195e-09	94.374	8.6979
chr11	103748729	103749809	0.016492	60.574833	32	7.7665e-10	1.1751e-07	80.627	20.052
chr11	103803753	103804450	0.00046056	70.703125	32	1.9032e-11	3.2815e-09	91.693	20.99
chr11	103810136	103810752	0.045033	70.384615	26	1.1123e-07	3.2087e-07	91.538	21.154
chr11	103807290	103807938	5.3702e-07	75.683761	39	9.8366e-14	3.8263e-12	94.915	19.231
chr11	103829245	103829518	0.013767	79.680451	19	1.3668e-07	9.8095e-08	93.716	14.035
chr11	103886328	103887891	1.1678e-10	85.381758	47	4.6629e-14	8.3209e-16	92.119	6.7376
chr11	103906353	103907166	0.0013993	70.353958	23	3.6595e-07	9.9699e-09	84.847	14.493
chr11	103917518	103918090	0.041584	87.562358	21	2.9088e-08	2.9629e-07	93.673	6.1111
chr11	103895871	103896530	0.00081586	87.987302	25	1.3329e-09	5.8132e-09	88.787	0.8
chr11	103955703	103956625	0.0042902	82.802198	26	6.9382e-10	3.0569e-08	88.892	6.0897
chr11	103986879	103987651	0.00019382	80.739796	28	1.6499e-10	1.381e-09	92.942	12.202
chr11	103988774	103990554	2.8538e-10	78.206923	49	4.3077e-14	2.0334e-15	82.289	4.0816
chr11	103998062	103998570	0.021214	85.070901	24	2.8772e-09	1.5115e-07	93.057	7.9861
chr11	104004461	104005209	0.019218	72.339616	24	7.7641e-09	1.3693e-07	84.145	11.806
chr11	103951361	103953351	5.1105e-12	84.312557	59	4.6962e-14	3.6413e-17	92.222	7.9096
chr11	104012821	104013531	0.0072708	73.945578	21	5.1452e-08	5.1805e-08	77.914	3.9683
chr11	104013531	104014261	0.00088929	88.551865	26	6.1792e-10	6.3363e-09	89.834	1.2821
chr11	103995935	103997605	4.6466e-07	82.719780	39	8.9595e-14	3.3108e-12	87.079	4.359
chr11	104047741	104048331	0.043592	76.657509	26	4.2366e-09	3.106e-07	88.196	11.538
chr11	104091158	104093099	0.0046838	63.657622	28	1.7297e-08	3.3373e-08	86.515	22.857
chr11	104107586	104108308	0.00018761	71.929272	34	7.7354e-12	1.3368e-09	84.625	12.696
chr11	104119775	104120750	0.038242	80.366883	20	6.3019e-08	2.7248e-07	89.284	8.9167
chr11	104060093	104062130	7.8667e-20	77.348043	98	4.6074e-14	5.6051e-25	81.175	3.8265
chr11	104146160	104147275	0.0090732	78.396359	17	6.4547e-07	6.4648e-08	94.083	15.686
chr11	104148784	104149547	0.0099381	88.844797	27	2.8668e-10	7.0811e-08	93.783	4.9383
chr11	104140879	104141656	0.0042519	84.780952	25	1.3329e-09	3.0295e-08	94.781	10
chr11	104154393	104155685	0.0092105	81.846655	28	9.8215e-10	6.5626e-08	92.561	10.714
chr11	104166433	104167656	1.6834e-09	86.706774	51	4.4298e-14	1.1995e-14	88.145	1.4379
chr11	104169739	104171117	4.4533e-06	82.735690	33	1.5963e-11	3.1731e-11	84.251	1.5152
chr11	104172619	104173542	0.0037578	77.325428	23	6.1151e-08	2.6775e-08	85.296	7.971
chr11	104161503	104163338	5.9235e-07	74.181432	43	5.0293e-14	4.2206e-12	85.422	11.24
chr11	104163338	104166104	2.4954e-08	74.689278	53	4.3521e-14	1.778e-13	81.563	6.8733
chr11	104185459	104186371	3.9536e-07	76.903645	42	5.218e-14	2.817e-12	81.15	4.246
chr11	104206964	104208943	9.2428e-12	70.692641	66	4.4964e-14	6.5856e-17	78.806	8.1133
chr11	104195051	104196066	3.3354e-09	90.868794	47	4.2744e-14	2.3765e-14	94.84	3.9716
chr11	104216925	104217653	0.019093	91.283943	22	1.344e-08	1.3604e-07	96.587	5.303
chr11	104192402	104193655	1.1481e-13	83.261527	63	4.5297e-14	8.18e-19	90.933	7.672
chr11	104193710	104194473	0.0031809	87.521645	22	1.344e-08	2.2664e-08	89.794	2.2727
chr11	104213578	104214564	0.0086524	75.634921	23	6.2158e-09	6.165e-08	87.954	12.319
chr11	104126155	104127622	0.00021529	60.922118	36	4.7989e-11	1.534e-09	75.968	15.046
chr11	104362916	104364039	0.0094158	67.776190	25	1.7351e-08	6.7089e-08	84.443	16.667
chr11	104380996	104381725	1.0185e-05	84.683673	35	2.9322e-12	7.2567e-11	85.327	0.64286
chr11	104442709	104443694	0.0099154	77.893773	26	6.1792e-10	7.0648e-08	80.137	2.2436
chr11	104451086	104451969	9.8803e-05	76.472989	32	3.0285e-10	7.0399e-10	87.723	11.25
chr11	104456370	104456782	0.044789	84.122024	24	2.8772e-09	3.1913e-07	87.941	3.8194
chr11	104478862	104479856	0.00074741	87.970085	26	6.1792e-10	5.3254e-09	91.047	3.0769
chr11	104471249	104471888	0.044653	74.617605	22	1.6553e-07	3.1816e-07	85.981	11.364
chr11	104483721	104485087	4.7071e-06	72.145626	43	1.007e-13	3.3539e-11	80.285	8.1395
chr11	104492988	104494040	0.0043912	85.146520	26	6.1792e-10	3.1288e-08	86.108	0.96154
chr11	104496737	104497685	0.043172	67.752525	22	3.4667e-08	3.0761e-07	83.434	15.682
chr11	104588058	104588680	0.013582	88.684211	19	1.3668e-07	9.6776e-08	98.684	10
chr11	104594872	104595661	4.687e-08	72.175555	47	4.563e-14	3.3395e-13	77.282	5.1064
chr11	104598983	104599946	2.8372e-07	63.158112	42	2.3459e-13	2.0215e-12	90.142	26.984
chr11	104611816	104612413	0.00197	80.320513	26	6.1792e-10	1.4036e-08	95.064	14.744
chr11	104660545	104661021	0.043563	73.409091	22	3.4667e-08	3.1039e-07	91.591	18.182
chr11	105036264	105036975	0.0041862	70.755556	25	7.2731e-08	2.9828e-08	91.422	20.667
chr11	105030486	105031413	4.5214e-06	93.152958	33	2.9344e-12	3.2216e-11	96.688	3.5354
chr11	105043752	105045009	0.00081341	58.292517	35	3.3358e-09	5.7957e-09	71.728	13.435
chr11	105056167	105056384	0.018893	70.075758	22	9.9144e-08	1.3462e-07	72.348	2.2727
chr11	105210000	105210720	7.6707e-07	96.103896	33	2.9344e-12	5.4655e-12	97.619	1.5152
chr11	105213766	105214653	0.01815	84.722222	22	8.7103e-08	1.2932e-07	93.813	9.0909
chr11	105216177	105216578	0.020247	91.504486	23	6.2158e-09	1.4426e-07	95.128	3.6232
chr11	105246787	105248209	1.269e-08	90.481481	45	4.3854e-14	9.0415e-14	93.444	2.963
chr11	105252071	105252859	0.0091459	83.878968	24	1.6065e-08	6.5166e-08	87.351	3.4722
chr11	105241816	105242559	0.00038223	75.657814	26	1.0992e-09	2.7234e-09	88.799	13.141
chr11	105299803	105300739	7.5741e-10	88.182044	48	4.4742e-14	5.3966e-15	91.654	3.4722
chr11	105307497	105308061	0.0020662	84.133826	29	8.4372e-11	1.4722e-08	96.778	12.644
chr11	105340168	105340737	0.041563	82.653061	21	2.9088e-08	2.9614e-07	88.209	5.5556
chr11	105357780	105358912	8.3986e-05	75.347744	38	1.6864e-09	5.9841e-10	80.611	5.2632
chr11	105350424	105351585	4.1341e-07	86.476190	35	4.4232e-12	2.9456e-12	91.238	4.7619
chr11	105361327	105362230	0.029881	79.166667	18	4.145e-07	2.1291e-07	95.833	16.667
chr11	105364097	105365371	0.0045458	79.874709	26	4.2366e-09	3.2389e-08	86.926	7.0513
chr11	105375161	105376741	6.337e-09	89.432556	44	5.9841e-14	4.5152e-14	91.705	2.2727
chr11	105379837	105380564	0.008534	85.424431	23	6.2158e-09	6.0806e-08	89.193	3.7681
chr11	105395138	105396309	0.041304	75.277377	27	5.2597e-09	2.943e-07	89.166	13.889
chr11	105387838	105389115	1.0097e-06	86.665533	35	6.7091e-13	7.194e-12	90.951	4.2857
chr11	105408844	105410115	9.8315e-05	88.048184	23	6.2158e-09	7.0051e-10	88.773	0.72464
chr11	105404227	105405176	0.00045488	81.691297	29	1.2726e-10	3.2411e-09	92.611	10.92
chr11	105414831	105415878	4.2923e-06	87.422603	33	1.3382e-11	3.0583e-11	88.938	1.5152
chr11	105458827	105461104	8.1899e-07	74.123094	51	6.4615e-14	5.8354e-12	88.96	14.837
chr11	105463509	105464278	0.00044903	70.574713	29	1.5252e-09	3.1994e-09	97.586	27.011
chr11	105478798	105479864	0.00039788	78.775186	27	4.0027e-10	2.835e-09	82.788	4.0123
chr11	105738432	105739594	0.023833	61.975523	34	2.4676e-10	1.6981e-07	75.321	13.345
chr11	105821458	105822599	0.037662	74.285714	20	7.3268e-08	2.6835e-07	87.619	13.333
chr11	105844079	105845183	1.1816e-06	81.944444	39	7.3719e-14	8.4188e-12	87.073	5.1282
chr11	105847004	105847429	0.038072	81.726190	20	6.3019e-08	2.7127e-07	87.56	5.8333
chr11	105848684	105849349	0.0053005	80.228295	19	1.3668e-07	3.7767e-08	86.369	6.1404
chr11	105849730	105850242	0.0041386	83.237434	24	3.262e-09	2.9488e-08	85.321	2.0833
chr11	105875476	105876191	0.044623	74.695366	27	2.8064e-09	3.1795e-07	89.51	14.815
chr11	105881543	105882078	0.0071814	75.634921	21	3.3576e-08	5.1169e-08	78.81	3.1746
chr11	105882425	105882996	0.0004362	86.964286	28	8.8617e-10	3.108e-09	91.429	4.4643
chr11	105889726	105891118	9.1797e-05	79.801587	34	3.5807e-12	6.5406e-10	84.949	5.1471
chr11	105835692	105837035	2.3126e-08	85.536176	43	5.3624e-14	1.6478e-13	88.831	3.2946
chr11	105886140	105887064	1.8579e-11	84.413580	54	3.9635e-14	1.3238e-16	91.512	7.0988
chr11	105904879	105906036	2.7937e-07	75.597944	44	5.751e-14	1.9905e-12	84.348	8.75
chr11	105902578	105903171	0.00017821	79.407468	28	1.331e-10	1.2698e-09	82.384	2.9762
chr11	105938265	105939324	0.00096352	77.950938	33	2.0774e-11	6.8652e-09	94.113	16.162
chr11	105909402	105909742	1.5234e-06	78.090151	39	8.1601e-14	1.0855e-11	82.364	4.2735
chr11	105948800	105949462	0.009685	73.264652	26	8.7388e-10	6.9007e-08	90.252	16.987
chr11	106077085	106078819	0.0004232	69.222884	36	2.8475e-10	3.0154e-09	88.436	19.213
chr11	106095203	106095704	0.013629	96.198830	19	1.3668e-07	9.7111e-08	98.83	2.6316
chr11	106196255	106197985	9.6404e-10	85.534591	53	4.4742e-14	6.8689e-15	92.736	7.2013
chr11	106203505	106204674	4.421e-06	87.925170	35	6.7091e-13	3.15e-11	94.163	6.2381
chr11	106192681	106193117	0.015899	87.500000	20	6.3019e-08	1.1328e-07	91.667	4.1667
chr11	106211576	106211830	0.00094606	87.997449	28	1.331e-10	6.7408e-09	95.259	7.2619
chr11	106243164	106244167	0.018647	86.356421	22	1.344e-08	1.3286e-07	93.553	7.197
chr11	106247209	106247714	0.0080429	89.062718	22	1.344e-08	5.7307e-08	92.017	2.9545
chr11	106258529	106259121	0.041263	74.812925	28	1.331e-10	2.94e-07	87.313	12.5
chr11	106227967	106229246	3.2776e-10	79.454215	48	4.5519e-14	2.3354e-15	94.628	15.174
chr11	106272477	106273984	2.8648e-08	89.813312	44	4.452e-14	2.0412e-13	92.086	2.2727
chr11	106281357	106282485	0.0089274	65.427883	31	9.6358e-09	6.3609e-08	90.912	25.484
chr11	106268657	106269507	0.0021449	87.438424	29	7.609e-11	1.5283e-08	93.76	6.3218
chr11	106381596	106382322	0.034098	76.720969	19	1.6018e-07	2.4295e-07	83.739	7.0175
chr11	106492854	106493157	0.0011688	68.665911	21	2.9088e-08	8.328e-09	96.92	28.254
chr11	106509046	106510494	0.00093448	85.146415	29	6.1844e-11	6.6583e-09	94.342	9.1954
chr11	106528501	106528966	0.025555	-82.623716	17	6.4547e-07	1.8209e-07	2.6704	85.294
chr11	106501872	106502557	0.043068	70.871212	24	5.2218e-08	3.0687e-07	79.899	9.0278
chr11	106568023	106569424	0.001608	66.485891	36	6.0183e-11	1.1457e-08	88.801	22.315
chr11	106615518	106616524	4.5714e-08	83.948413	42	4.7629e-14	3.2572e-13	86.429	2.4802
chr11	106629240	106631154	6.2535e-08	84.416761	46	4.5519e-14	4.4557e-13	94.381	9.9638
chr11	106664704	106665220	0.016651	56.228097	21	1.5631e-07	1.1864e-07	97.498	41.27
chr11	106668018	106669564	0.00086342	78.140415	30	1.9433e-09	6.152e-09	87.585	9.4444
chr11	106807445	106808972	0.021429	66.095027	26	1.8299e-07	1.5268e-07	82.698	16.603
chr11	106816224	106817676	9.6718e-05	77.643986	38	5.2292e-13	6.8913e-10	84.624	6.9799
chr11	106824644	106826598	2.7928e-08	83.417337	49	4.6296e-14	1.9899e-13	92.64	9.2225
chr11	106827427	106828307	0.029881	90.709877	18	2.9682e-07	2.1291e-07	92.099	1.3889
chr11	106828322	106829104	0.043553	73.066667	25	1.8918e-07	3.1032e-07	92.067	19
chr11	106833270	106833904	0.018103	90.227273	22	1.344e-08	1.2899e-07	92.5	2.2727
chr11	106842942	106843421	9.4897e-06	89.649058	32	6.2559e-12	6.7615e-11	92.253	2.6042
chr11	106858258	106858845	0.04578	78.273810	24	3.6823e-08	3.2619e-07	88.69	10.417
chr11	106812442	106813488	4.1902e-05	82.261905	32	4.7306e-11	2.9856e-10	86.689	4.4271
chr11	106896849	106898171	0.000107	69.070676	46	1.3267e-13	7.6237e-10	84.197	15.127
chr11	106904122	106905180	3.1222e-08	79.728261	46	4.4187e-14	2.2246e-13	83.678	3.9493
chr11	106924302	106926144	6.8659e-05	55.281668	51	4.3521e-14	4.892e-10	92.798	37.516
chr11	106952009	106952749	0.0097745	62.463370	26	3.7929e-09	6.9645e-08	95.797	33.333
chr11	106960367	106961295	0.0019033	88.806061	25	6.9657e-09	1.3561e-08	96.806	8
chr11	106993798	106994962	0.0015825	70.170337	23	7.0858e-09	1.1276e-08	95.895	25.725
chr11	106944706	106945734	0.021623	76.631285	26	6.1792e-10	1.5407e-07	96.439	19.808
chr11	107017428	107018785	0.00082161	87.600733	26	6.1792e-10	5.8541e-09	92.729	5.1282
chr11	107013227	107015247	2.5171e-07	80.614809	40	9.136e-13	1.7934e-12	93.198	12.583
chr11	107027322	107028609	5.3496e-10	95.565476	48	4.341e-14	3.8117e-15	97.649	2.0833
chr11	107034792	107035083	0.008165	94.123377	22	1.344e-08	5.8176e-08	96.396	2.2727
chr11	107030487	107031266	0.0094517	79.313187	26	5.8926e-09	6.7345e-08	91.332	12.019
chr11	107024215	107025422	0.0018185	66.596055	34	2.5061e-09	1.2957e-08	77.608	11.012
chr11	107081947	107082825	0.018981	89.610390	22	1.344e-08	1.3524e-07	96.429	6.8182
chr11	107083214	107084601	1.1047e-05	83.216374	38	2.9697e-12	7.8709e-11	91.33	8.114
chr11	107080497	107080961	0.020529	84.861111	24	2.8772e-09	1.4627e-07	85.903	1.0417
chr11	106919509	106920386	8.7314e-07	81.637807	33	2.9344e-12	6.2213e-12	83.153	1.5152
chr11	107150522	107151041	0.0080053	74.621212	22	1.344e-08	5.7039e-08	93.939	19.318
chr11	107153813	107154712	1.8211e-06	75.895062	36	1.8309e-12	1.2976e-11	96.96	21.065
chr11	107167963	107170372	4.5122e-10	78.257522	67	4.5741e-14	3.215e-15	91.019	12.761
chr11	107177447	107179878	1.3398e-08	75.202908	45	4.2855e-14	9.5464e-14	93.944	18.741
chr11	107184090	107184701	0.0080131	86.226551	22	1.344e-08	5.7094e-08	96.075	9.8485
chr11	107198784	107200517	6.3485e-09	86.550325	44	4.9738e-14	4.5234e-14	92.422	5.8712
chr11	107206008	107207668	1.9772e-12	92.152237	55	4.13e-14	1.4088e-17	94.122	1.9697
chr11	107247534	107250009	1.8757e-10	84.703261	52	4.13e-14	1.3365e-15	89.19	4.4872
chr11	107250580	107251252	0.038139	84.208333	20	3.6682e-07	2.7175e-07	94.708	10.5
chr11	107217331	107219820	6.6958e-16	82.848973	68	4.6185e-14	4.7709e-21	89.362	6.5126
chr11	107227013	107228493	4.1603e-10	88.871271	43	4.6629e-14	2.9642e-15	92.263	3.3915
chr11	107238375	107239255	6.4777e-08	80.771692	46	4.3188e-14	4.6155e-13	81.859	1.087
chr11	107264640	107265905	0.00033675	95.603030	25	1.3329e-09	2.3994e-09	96.936	1.3333
chr11	107260362	107261977	4.429e-11	85.073593	55	4.5075e-14	3.1557e-16	94.468	9.3939
chr11	107272418	107273300	6.1237e-14	86.959968	66	4.2744e-14	4.3633e-19	90.117	3.1566
chr11	107281843	107282356	0.016943	83.439153	21	2.9088e-08	1.2072e-07	92.884	9.4444
chr11	107333085	107333812	0.00044142	73.324572	28	1.4821e-10	3.1452e-09	92.075	18.75
chr11	107321680	107322888	0.020119	70.860939	23	9.1954e-09	1.4335e-07	91.617	20.756
chr11	107352065	107354318	1.4304e-13	86.240260	55	4.13e-14	1.0192e-18	90.786	4.5455
chr11	107364823	107365499	0.00099289	81.930761	29	1.4095e-10	7.0745e-09	92.85	10.92
chr11	107340400	107343027	1.096e-21	90.344435	93	3.8303e-14	7.8088e-27	94.413	4.0681
chr11	107395027	107395768	8.6309e-05	85.541872	29	1.6794e-09	6.1497e-10	88.99	3.4483
chr11	107412271	107412792	0.004275	78.095238	18	2.9682e-07	3.046e-08	82.169	4.0741
chr11	107408711	107409836	9.4301e-05	86.384921	30	2.8764e-11	6.7191e-10	93.329	6.9444
chr11	107413284	107414962	2.3754e-13	90.562899	56	4.2744e-14	1.6925e-18	91.456	0.89286
chr11	107431721	107432235	0.0093999	73.843645	24	5.2218e-08	6.6976e-08	84.26	10.417
chr11	107423505	107425781	8.8289e-13	90.326832	57	4.4964e-14	6.2908e-18	93.105	2.7778
chr11	107440210	107441247	0.044546	81.285911	22	8.7103e-08	3.174e-07	94.316	13.03
chr11	107463147	107464193	8.1238e-06	74.944444	30	3.1796e-11	5.7883e-11	95.944	21
chr11	107468331	107468975	0.0087887	93.605935	23	6.2158e-09	6.2621e-08	97.736	4.1304
chr11	107469857	107471570	2.5679e-07	79.403742	46	4.2188e-14	1.8297e-12	94.828	15.424
chr11	107471766	107472747	0.037589	89.577381	20	6.3019e-08	2.6783e-07	95.911	6.3333
chr11	107474124	107475060	9.3584e-07	78.058069	34	1.8003e-12	6.668e-12	95.117	17.059
chr11	107455408	107457038	0.00021757	81.676902	34	1.389e-12	1.5502e-09	96.628	14.951
chr11	107487931	107488973	0.0097792	73.195238	25	7.8175e-09	6.9678e-08	96.529	23.333
chr11	107476438	107479450	8.535e-20	85.722222	85	4.6407e-14	6.0813e-25	93.546	7.8235
chr11	107503382	107504267	4.2098e-05	76.159933	30	1.1208e-09	2.9996e-10	90.438	14.278
chr11	107518692	107518813	0.01569	53.952381	20	6.3019e-08	1.1179e-07	96.036	42.083
chr11	107546919	107547375	0.00071577	80.090476	25	2.1536e-09	5.1e-09	94.757	14.667
chr11	107585410	107586011	0.029881	87.579365	18	2.9682e-07	2.1291e-07	88.69	1.1111
chr11	107586184	107587735	2.6479e-07	73.003639	46	7.511e-12	1.8866e-12	86.736	13.732
chr11	107603766	107604783	4.2742e-07	74.553571	36	2.1418e-12	3.0454e-12	92.933	18.38
chr11	107625623	107625888	0.00087493	69.862637	26	3.6158e-08	6.234e-09	92.94	23.077
chr11	107632758	107633221	0.0017669	82.500000	24	1.4246e-08	1.2589e-08	84.583	2.0833
chr11	107663266	107664204	5.2909e-07	88.442982	38	4.5697e-13	3.7698e-12	95.022	6.5789
chr11	107665860	107667680	1.2553e-06	76.522634	54	4.1078e-14	8.9441e-12	83.313	6.7901
chr11	107731753	107732844	0.0033368	89.772727	22	1.344e-08	2.3775e-08	95.076	5.303
chr11	107725247	107726635	0.004058	83.098244	24	2.8772e-09	2.8914e-08	90.182	7.0833
chr11	107740694	107741724	5.8674e-08	83.882576	44	4.4742e-14	4.1806e-13	89.564	5.6818
chr11	107747425	107747896	0.038004	79.000000	20	2.2039e-06	2.7079e-07	84	5
chr11	107774504	107775361	0.00090326	80.958995	30	8.1211e-09	6.4359e-09	93.459	12.5
chr11	107761407	107763511	2.0461e-15	83.525583	72	4.1522e-14	1.4578e-20	86.882	3.3565
chr11	107778082	107778459	0.021667	81.785714	25	1.3329e-09	1.5438e-07	93.786	12
chr11	107764967	107765911	0.00020572	79.526144	34	2.5376e-12	1.4658e-09	87.418	7.8922
chr11	107821678	107823754	2.4796e-21	90.000000	85	4.2299e-14	1.7667e-26	90.471	0.47059
chr11	107962993	107963727	0.020271	86.818496	23	5.4072e-08	1.4443e-07	91.166	4.3478
chr11	108037358	108038521	2.715e-08	88.743146	45	4.1522e-14	1.9345e-13	93.188	4.4444
chr11	108056444	108057150	4.9265e-05	76.823976	33	1.7693e-10	3.5102e-10	93.996	17.172
chr11	108087786	108088873	0.00043901	75.637755	28	1.1798e-08	3.128e-09	82.781	7.1429
chr11	108137403	108138671	0.00046292	87.549020	34	1.389e-12	3.2983e-09	96.863	9.3137
chr11	108139224	108139597	0.0085846	80.740741	24	2.0403e-08	6.1166e-08	92.546	11.806
chr11	108100823	108101385	0.0045202	81.460623	26	4.7307e-09	3.2207e-08	91.076	9.6154
chr11	108176203	108177791	8.9602e-06	81.118234	39	1.1202e-12	6.3843e-11	95.648	14.53
chr11	108190308	108190729	8.7934e-06	77.284226	32	1.0939e-11	6.2654e-11	87.44	10.156
chr11	108190762	108191383	0.00041255	83.830782	28	7.2085e-10	2.9395e-09	87.402	3.5714
chr11	108236980	108238303	0.010033	89.537037	27	2.8668e-10	7.1483e-08	92.623	3.0864
chr11	108238313	108239079	0.01848	68.429233	24	1.0246e-06	1.3167e-07	80.929	12.5
chr11	108243480	108244407	0.00041813	74.656085	30	3.6436e-10	2.9792e-09	91.045	16.389
chr11	108253752	108254652	0.003255	89.242424	22	1.344e-08	2.3192e-08	93.788	4.5455
chr11	108256179	108256722	0.034603	82.493734	19	1.1684e-06	2.4655e-07	87.757	5.2632
chr11	108264378	108265544	0.045658	69.530159	25	9.0175e-08	3.2532e-07	91.53	22
chr11	108191831	108192958	0.045927	85.724638	23	2.9025e-08	3.2724e-07	87.899	2.1739
chr11	108271443	108272290	0.042092	84.716553	21	2.9088e-08	2.9991e-07	86.304	1.5873
chr11	108309548	108311889	6.0899e-08	60.630816	58	4.4742e-14	4.3391e-13	70.688	10.057
chr11	108327459	108328263	0.0038618	86.747619	25	6.5282e-08	2.7516e-08	94.748	8
chr11	108334489	108335259	0.00040325	68.269558	28	5.4207e-09	2.8732e-09	95.055	26.786
chr11	108397116	108398596	0.00046039	69.596861	44	6.3893e-13	3.2803e-09	84.938	15.341
chr11	108534279	108535495	3.1777e-05	85.860991	27	2.8668e-10	2.2642e-10	87.096	1.2346
chr11	108541135	108541398	0.00041177	31.157915	30	2.8764e-11	2.9339e-09	94.651	63.493
chr11	108643388	108644287	0.0039981	83.214286	24	2.298e-08	2.8487e-08	87.381	4.1667
chr11	108749568	108750480	8.0221e-06	90.079365	30	2.8764e-11	5.7159e-11	91.746	1.6667
chr11	108750480	108752080	0.0046522	78.877357	27	2.6679e-08	3.3147e-08	89.988	11.111
chr11	108754095	108755483	2.2645e-07	85.566202	41	5.1514e-14	1.6135e-12	91.257	5.6911
chr11	108772868	108773987	0.002033	84.693223	26	7.7879e-10	1.4485e-08	92.065	7.3718
chr11	108788912	108790561	7.5567e-10	86.060753	49	4.5075e-14	5.3842e-15	90.891	4.8299
chr11	108795487	108797050	2.0392e-07	68.300395	46	2.0879e-11	1.453e-12	92.576	24.275
chr11	108850761	108851866	3.7171e-12	88.077269	53	4.5408e-14	2.6485e-17	94.115	6.0377
chr11	108860280	108861175	0.019251	80.303030	22	2.3171e-08	1.3716e-07	93.939	13.636
chr11	108856055	108856928	0.00047646	84.567220	30	2.8764e-11	3.3948e-09	92.067	7.5
chr11	108875171	108876285	0.034555	91.956786	19	1.3668e-07	2.4621e-07	94.588	2.6316
chr11	108872592	108873574	0.0086792	76.309524	24	1.8108e-08	6.1841e-08	87.073	10.764
chr11	108902924	108903861	0.0036816	69.923810	25	2.1719e-08	2.6232e-08	85.39	15.467
chr11	108967422	108968183	0.00017098	78.276014	36	1.207e-11	1.2183e-09	85.915	7.6389
chr11	109017018	109017809	9.0987e-05	80.710317	30	3.1796e-11	6.4829e-10	85.988	5.2778
chr11	109019496	109021061	0.00085527	64.566327	28	1.0715e-08	6.0939e-09	90.162	25.595
chr11	109026259	109027108	0.0041731	74.258242	26	6.7069e-08	2.9734e-08	87.72	13.462
chr11	109032390	109033365	0.00207	82.688172	31	3.8506e-11	1.4749e-08	95.054	12.366
chr11	109088521	109090135	0.00022424	82.734488	33	3.8404e-12	1.5978e-09	89.553	6.8182
chr11	109048304	109049655	0.0020232	86.206897	29	1.3849e-09	1.4415e-08	87.931	1.7241
chr11	109097239	109098486	1.2047e-09	73.168211	57	4.0079e-14	8.5835e-15	79.016	5.848
chr11	109092925	109094122	1.0027e-05	84.124579	33	2.9344e-12	7.1443e-11	84.882	0.75758
chr11	109109734	109110354	0.00045265	75.575397	30	3.8831e-11	3.2252e-09	77.242	1.6667
chr11	109120389	109120826	0.013757	94.824561	19	1.3668e-07	9.8023e-08	96.579	1.7544
chr11	109194814	109195141	0.00040247	75.982143	28	1.335e-09	2.8677e-09	79.554	3.5714
chr11	109220229	109220867	0.019183	82.330119	22	7.6484e-08	1.3668e-07	86.876	4.5455
chr11	109216872	109217992	3.934e-11	82.190279	55	4.2299e-14	2.803e-16	86.584	4.3939
chr11	109238766	109239383	0.0099419	71.152263	27	5.574e-10	7.0837e-08	83.807	12.654
chr11	109290469	109291070	9.121e-05	83.735632	29	6.1844e-11	6.4988e-10	97.069	13.333
chr11	109296270	109297540	0.00093657	76.101190	28	3.8558e-10	6.6732e-09	89.137	13.036
chr11	109309109	109310135	0.0040161	80.300926	24	3.6968e-09	2.8615e-08	93.495	13.194
chr11	109311566	109312382	0.00017843	85.723104	27	2.0419e-09	1.2714e-09	89.427	3.7037
chr11	109343642	109344273	1.2137e-06	70.046458	41	1.0403e-13	8.6476e-12	96.054	26.008
chr11	109317794	109319338	1.2142e-07	73.117460	50	4.4631e-14	8.651e-13	88.951	15.833
chr11	109345633	109345973	1.9991e-06	90.808081	33	2.9344e-12	1.4244e-11	93.333	2.5253
chr11	109390741	109391520	0.034544	95.614035	19	1.3668e-07	2.4613e-07	98.246	2.6316
chr11	109370247	109372194	2.9568e-14	83.590783	63	4.0745e-14	2.1068e-19	91.395	7.8042
chr11	109250543	109252272	2.2327e-13	67.120237	74	3.8636e-14	1.5909e-18	80.318	13.198
chr11	109414375	109415655	0.00034082	90.019048	25	1.3329e-09	2.4284e-09	96.019	6
chr11	109435823	109437442	5.876e-11	69.859307	66	4.1411e-14	4.1867e-16	77.688	7.8283
chr11	109493940	109494654	0.00094689	84.345238	28	1.0883e-09	6.7467e-09	94.464	10.119
chr11	109365566	109366992	3.2374e-09	79.876717	46	4.2188e-14	2.3067e-14	81.398	1.5217
chr11	109496766	109497406	0.00043646	80.510753	31	1.3399e-11	3.1098e-09	88.79	8.2796
chr11	109505958	109506394	5.6403e-05	83.629426	26	6.1792e-10	4.0188e-10	90.168	6.5385
chr11	109510463	109511665	0.00020421	78.270026	37	1.9194e-12	1.455e-09	84.802	6.5315
chr11	109519764	109520661	0.0020516	65.763889	28	2.2151e-09	1.4618e-08	80.05	14.286
chr11	109521030	109521993	0.0082248	87.956349	22	1.344e-08	5.8603e-08	93.449	5.4924
chr11	109486015	109487130	1.4653e-08	86.194525	49	4.3188e-14	1.0441e-13	90.276	4.0816
chr11	109526593	109527927	0.00042996	83.284314	34	5.3109e-11	3.0635e-09	91.373	8.0882
chr11	109551094	109551523	0.017538	80.668934	21	2.9088e-08	1.2496e-07	94.558	13.889
chr11	109558277	109558696	1.3915e-08	84.153727	46	4.7851e-14	9.9145e-14	95.567	11.413
chr11	109499914	109501067	0.0040637	85.915404	24	2.8772e-09	2.8954e-08	90.777	4.8611
chr11	109580991	109581542	0.015733	85.666667	20	8.5123e-08	1.121e-07	92.75	7.0833
chr11	109576371	109577569	2.0963e-06	83.571429	34	1.8003e-12	1.4936e-11	87.983	4.4118
chr11	109584138	109586255	1.5788e-10	86.215659	52	4.3743e-14	1.1249e-15	89.261	3.0449
chr11	109586255	109587578	0.00038843	68.514109	27	5.8342e-09	2.7676e-09	83.02	14.506
chr11	109591975	109592485	0.040477	79.943311	21	2.9088e-08	2.8841e-07	91.848	11.905
chr11	109537762	109538892	3.1338e-05	80.027778	30	4.7383e-11	2.2329e-10	90.028	10
chr11	109539040	109540193	2.1342e-05	66.439394	32	2.7451e-11	1.5206e-10	81.648	15.208
chr11	109594599	109595893	2.6453e-13	84.327877	64	4.6629e-14	1.8848e-18	92.401	8.0729
chr11	109600652	109601267	0.0013168	89.484127	22	1.344e-08	9.3826e-09	91.757	2.2727
chr11	109609033	109609695	0.0020826	84.320988	27	1.6494e-09	1.4839e-08	96.049	11.728
chr11	109565844	109566911	4.4183e-07	85.570988	36	4.5275e-13	3.1481e-12	91.127	5.5556
chr11	109604245	109605412	9.0907e-05	84.193548	31	1.9716e-11	6.4772e-10	91.452	7.2581
chr11	109623533	109624519	0.045547	60.625000	24	3.5234e-07	3.2453e-07	84.792	24.167
chr11	109637908	109638679	0.00021473	81.547619	31	9.8628e-11	1.53e-09	93.644	12.097
chr11	109659994	109661492	4.554e-12	82.641026	65	3.9635e-14	3.2448e-17	91.718	9.0769
chr11	109613464	109615208	4.357e-16	85.461601	68	4.2966e-14	3.1044e-21	89.506	4.0441
chr11	109682084	109682834	0.0096375	81.330049	29	2.3409e-10	6.8669e-08	87.652	6.3218
chr11	109685341	109685923	0.000416	77.355967	27	2.0419e-09	2.9641e-09	92.479	15.123
chr11	109709215	109709818	0.013808	82.969925	19	1.3668e-07	9.8382e-08	85.602	2.6316
chr11	109715759	109716177	0.042313	92.714286	15	3.067e-06	3.0149e-07	94.937	2.2222
chr11	109756684	109757988	4.8652e-05	74.350649	36	2.717e-12	3.4665e-10	87.545	13.194
chr11	109740224	109741129	9.3568e-06	83.465301	43	4.6629e-14	6.6669e-11	89.473	6.0078
chr11	109776415	109777846	4.4639e-06	88.787879	33	1.5963e-11	3.1806e-11	95.354	6.5657
chr11	109767306	109768025	0.0094746	85.133333	25	1.6955e-09	6.7508e-08	90.467	5.3333
chr11	109781614	109783063	8.9953e-05	77.126437	29	4.7158e-10	6.4093e-10	90.862	13.736
chr11	109798009	109799574	0.019371	61.387521	29	5.9724e-08	1.3802e-07	90.698	29.31
chr11	109807694	109808357	0.0017184	93.043531	24	2.8772e-09	1.2244e-08	95.127	2.0833
chr11	109827079	109828617	0.00014367	75.458333	40	1.2551e-11	1.0236e-09	95.875	20.417
chr11	109925875	109927040	0.00047775	76.443932	31	4.6543e-11	3.4041e-09	85.046	8.6022
chr11	109919997	109921482	2.573e-15	91.895004	61	4.5741e-14	1.8333e-20	92.715	0.81967
chr11	109959848	109961427	7.2863e-10	77.646520	52	4.0301e-14	5.1916e-15	82.775	5.1282
chr11	109984579	109986069	0.00089724	80.300819	31	9.8628e-11	6.393e-09	91.806	11.505
chr11	110066239	110066956	0.037243	65.696429	20	2.5174e-06	2.6536e-07	94.446	28.75
chr11	110108411	110109648	0.0096068	78.469388	28	4.2824e-10	6.845e-08	87.993	9.5238
chr11	110145025	110145413	4.8629e-06	86.380719	34	1.6506e-12	3.4649e-11	92.263	5.8824
chr11	110152966	110153323	0.024765	77.359944	17	6.4547e-07	1.7646e-07	85.203	7.8431
chr11	110156380	110156775	0.020059	78.830228	23	9.1954e-09	1.4293e-07	89.337	10.507
chr11	110220471	110221492	0.00020042	66.823192	36	2.4177e-11	1.428e-09	93.258	26.435
chr11	110235240	110235614	0.00189	81.292517	28	2.5275e-10	1.3467e-08	91.412	10.119
chr11	110247002	110247638	0.043783	76.352814	22	2.6516e-08	3.1196e-07	85.216	8.8636
chr11	110242920	110244350	1.6227e-18	93.803525	86	4.0634e-14	1.1562e-23	94.191	0.3876
chr11	110250386	110251575	4.8741e-07	69.646081	47	1.2113e-13	3.4728e-12	85.958	16.312
chr11	110263277	110264234	8.9261e-06	75.285278	38	3.1948e-12	6.36e-11	83.531	8.2456
chr11	110271315	110272171	0.0034093	68.471621	33	8.436e-10	2.4292e-08	81.35	12.879
chr11	110279563	110280836	0.00086782	85.097680	26	6.1792e-10	6.1833e-09	92.149	7.0513
chr11	110335347	110336466	3.0363e-12	88.209170	55	4.5075e-14	2.1634e-17	93.361	5.1515
chr11	110301009	110301471	0.00097245	89.440091	29	4.2698e-10	6.9289e-09	92.888	3.4483
chr11	110346589	110347230	0.00010178	81.826637	32	9.0818e-12	7.2518e-10	88.077	6.25
chr11	110364715	110366188	1.1096e-06	91.267696	37	1.7819e-13	7.9061e-12	92.844	1.5766
chr11	110414764	110415932	4.1152e-06	89.192708	32	3.9486e-11	2.9321e-11	92.318	3.125
chr11	110420734	110421874	0.0096432	79.360317	25	1.9112e-09	6.8709e-08	88.694	9.3333
chr11	110440535	110441113	0.00013886	87.890720	26	6.9382e-10	9.8942e-10	93.019	5.1282
chr11	110466420	110467215	0.0040856	69.902297	24	2.5871e-08	2.9111e-08	90.388	20.486
chr11	110425495	110428032	3.0293e-18	83.549107	80	4.0079e-14	2.1584e-23	85.737	2.1875
chr11	110488793	110489772	0.0038727	78.968254	24	3.6823e-08	2.7594e-08	87.996	9.0278
chr11	110521302	110522509	3.0551e-09	81.976687	48	4.5519e-14	2.1768e-14	91.699	9.7222
chr11	110533060	110533667	1.5237e-05	86.475096	29	6.1844e-11	1.0856e-10	89.636	3.1609
chr11	110542143	110542960	0.0098164	72.509158	26	5.2806e-09	6.9943e-08	87.573	15.064
chr11	110713614	110715083	5.4998e-07	90.576389	40	5.7065e-14	3.9187e-12	93.91	3.3333
chr11	110734790	110735141	0.015792	86.382937	20	6.3019e-08	1.1252e-07	93.883	7.5
chr11	110908399	110909673	0.042688	58.836451	28	7.4663e-07	3.0416e-07	86.455	27.619
chr11	110913673	110915351	0.00092302	64.946312	34	5.4227e-10	6.5767e-09	82.103	17.157
chr11	110919142	110919985	0.00099364	79.898148	30	1.9433e-09	7.0798e-09	86.565	6.6667
chr11	110920955	110921902	2.2069e-05	79.271284	33	1.4616e-11	1.5725e-10	83.817	4.5455
chr11	111166115	111166916	0.0019547	92.638889	26	6.1792e-10	1.3927e-08	94.562	1.9231
chr11	111179275	111180227	0.043284	71.926407	22	1.0485e-06	3.084e-07	88.593	16.667
chr11	111220035	111220692	0.00093844	79.282978	29	5.7484e-10	6.6866e-09	92.789	13.506
chr11	111214749	111215248	3.7364e-05	68.158263	34	5.9879e-12	2.6622e-10	79.923	11.765
chr11	111316988	111317832	0.03866	86.666667	20	7.3268e-08	2.7546e-07	91.667	5
chr11	111383093	111384132	0.00046925	75.917888	30	3.5142e-11	3.3435e-09	79.807	3.8889
chr11	111390557	111392072	4.8896e-06	86.172840	36	2.3199e-12	3.4839e-11	89.877	3.7037
chr11	111413556	111414186	4.1354e-06	91.711310	32	6.2559e-12	2.9465e-11	92.753	1.0417
chr11	111439689	111440655	0.038245	88.452381	20	6.3019e-08	2.725e-07	90.952	2.5
chr11	111473197	111474678	2.2564e-10	74.285714	63	4.3299e-14	1.6077e-15	84.709	10.423
chr11	111474704	111475844	0.0020028	89.462366	31	8.985e-11	1.4271e-08	92.688	3.2258
chr11	111698192	111699665	0.017989	79.888633	31	9.8628e-11	1.2817e-07	87.953	8.0645
chr11	111726967	111728413	0.026542	66.883754	34	4.2234e-09	1.8912e-07	89.433	22.549
chr11	111780157	111781315	0.0093663	79.895833	24	2.8772e-09	6.6736e-08	95.174	15.278
chr11	111827040	111828382	2.0384e-07	86.521164	36	1.9796e-12	1.4524e-12	94.854	8.3333
chr11	111858334	111859237	8.5014e-05	83.095238	28	5.9796e-09	6.0573e-10	90.238	7.1429
chr11	111868950	111870003	0.020467	76.977226	23	4.6087e-07	1.4583e-07	89.296	12.319
chr11	111876717	111879291	1.1884e-13	82.420034	66	4.4964e-14	8.4678e-19	88.228	5.8081
chr11	111909681	111910730	0.020109	74.195402	29	3.529e-08	1.4328e-07	90.575	16.379
chr11	111914117	111914564	0.034706	81.587302	19	1.3668e-07	2.4729e-07	84.219	2.6316
chr11	111925896	111927364	0.0098914	71.519274	28	2.091e-08	7.0477e-08	82.234	10.714
chr11	111942991	111943429	0.019261	66.458333	16	1.4058e-06	1.3724e-07	95.833	29.375
chr11	111947051	111947382	0.0080283	95.331726	22	1.344e-08	5.7202e-08	96.847	1.5152
chr11	111960458	111962819	1.9085e-15	86.312813	68	4.5408e-14	1.3598e-20	91.803	5.4902
chr11	111978434	111979069	0.0063068	76.696429	20	7.3268e-08	4.4937e-08	93.78	17.083
chr11	111982863	111983683	0.0017681	91.030093	24	2.8772e-09	1.2598e-08	93.113	2.0833
chr11	111996482	111997043	0.0093348	83.420966	24	2.5871e-08	6.6512e-08	89.671	6.25
chr11	112031015	112032116	1.2391e-09	91.060606	44	4.452e-14	8.8285e-15	93.333	2.2727
chr11	112051460	112051723	0.0078547	94.237013	22	6.7124e-08	5.5966e-08	98.782	4.5455
chr11	112044606	112045381	0.0046989	69.642857	28	4.0287e-08	3.3481e-08	83.333	13.69
chr11	112130037	112130532	0.020497	61.891534	27	1.0391e-07	1.4604e-07	62.817	0.92593
chr11	112141693	112143016	0.00097243	79.081633	28	1.5725e-08	6.9287e-09	82.653	3.5714
chr11	112158424	112159132	0.020194	68.400621	23	6.2158e-09	1.4388e-07	97.748	29.348
chr11	112181912	112182569	0.0036852	82.804233	24	2.298e-08	2.6257e-08	86.971	4.1667
chr11	112209922	112210829	2.3974e-07	74.831349	48	7.3164e-14	1.7082e-12	84.38	9.5486
chr11	112251174	112252014	0.0080988	69.337155	27	2.906e-07	5.7705e-08	82.3	12.963
chr11	112285508	112286911	9.9592e-08	82.858678	47	1.6631e-13	7.0961e-13	93.497	10.638
chr11	112348833	112350123	0.00099404	83.865627	29	6.8604e-11	7.0827e-09	90.992	7.1264
chr11	112363965	112364773	3.034e-06	83.305556	30	2.2608e-10	2.1618e-11	86.639	3.3333
chr11	112423105	112424134	0.0033722	84.549062	22	1.344e-08	2.4027e-08	85.458	0.90909
chr11	112487089	112488467	0.041253	69.809146	21	2.1177e-06	2.9393e-07	90.047	20.238
chr11	112492516	112493472	0.021216	68.517460	25	3.3879e-08	1.5117e-07	85.184	16.667
chr11	112476062	112476872	0.045548	82.997558	26	4.7307e-09	3.2454e-07	93.254	10.256
chr11	112508741	112510355	3.7941e-10	83.180981	56	4.0967e-14	2.7034e-15	93.598	10.417
chr11	112578501	112579845	0.00089315	79.551282	26	5.8926e-09	6.3638e-09	87.244	7.6923
chr11	112582323	112582877	0.0072095	85.544218	21	2.0509e-07	5.1369e-08	90.306	4.7619
chr11	112601798	112602200	0.0087736	91.009317	23	7.0858e-09	6.2513e-08	93.183	2.1739
chr11	112627466	112627758	0.001923	84.615385	26	6.9382e-10	1.3702e-08	92.885	8.2692
chr11	112654532	112655559	0.044551	86.913781	22	8.7103e-08	3.1743e-07	95.247	8.3333
chr11	112639526	112640312	4.358e-06	91.876751	34	1.389e-12	3.1052e-11	93.053	1.1765
chr11	112647710	112648458	0.044141	80.122655	22	9.3057e-07	3.1451e-07	89.214	9.0909
chr11	112661848	112662579	0.015501	88.702381	20	6.3019e-08	1.1045e-07	91.202	2.5
chr11	112658760	112660161	2.488e-06	83.647661	38	2.2178e-12	1.7727e-11	89.788	6.1404
chr11	112665361	112666986	1.5245e-10	85.609815	49	4.5519e-14	1.0862e-15	86.29	0.68027
chr11	112687980	112688917	0.044078	88.270202	22	6.7124e-08	3.1406e-07	91.679	3.4091
chr11	112707922	112709613	1.3862e-08	76.557971	46	4.1522e-14	9.8768e-14	78.732	2.1739
chr11	112726944	112728161	1.9626e-05	80.487265	43	5.6621e-14	1.3984e-10	91.146	10.659
chr11	112741673	112742750	1.605e-06	92.012987	33	2.9344e-12	1.1436e-11	93.528	1.5152
chr11	112731926	112733858	2.5013e-08	85.100198	40	1.6043e-13	1.7822e-13	87.6	2.5
chr11	112768771	112769190	0.018997	87.103175	22	1.344e-08	1.3536e-07	98.846	11.742
chr11	112777198	112777485	0.018959	78.409091	22	2.0238e-08	1.3509e-07	80.682	2.2727
chr11	112750890	112753191	8.1012e-15	73.574735	72	4.3299e-14	5.7722e-20	77.741	4.1667
chr11	112764387	112765341	9.0927e-09	76.590339	38	1.3622e-13	6.4787e-14	90.187	13.596
chr11	112788245	112789672	0.042227	82.871533	28	2.5275e-10	3.0087e-07	91.205	8.3333
chr11	112798898	112799704	4.6641e-05	81.622807	38	2.7628e-12	3.3233e-10	89.079	7.4561
chr11	112794705	112795605	2.721e-08	90.244982	44	4.452e-14	1.9387e-13	94.79	4.5455
chr11	112815819	112816859	4.2958e-05	73.307292	32	3.0071e-11	3.0608e-10	75.13	1.8229
chr11	112839365	112839728	0.019076	88.260870	23	7.0858e-09	1.3592e-07	91.884	3.6232
chr11	112842997	112843471	0.0014191	82.385913	24	1.6065e-08	1.0111e-08	86.553	4.1667
chr11	112848620	112849944	0.0077071	65.966811	33	1.4781e-09	5.4914e-08	78.593	12.626
chr11	112878485	112879398	0.00010176	79.617117	37	1.0119e-11	7.2507e-10	88.401	8.7838
chr11	112891908	112892589	0.019019	92.481962	22	1.344e-08	1.3552e-07	97.027	4.5455
chr11	112910182	112912061	2.9115e-09	70.941892	54	4.6962e-14	2.0745e-14	86.374	15.432
chr11	112904888	112906445	1.1439e-07	85.772098	39	3.102e-13	8.1503e-13	89.618	3.8462
chr11	112929504	112930255	4.2618e-05	84.523810	35	2.6347e-11	3.0366e-10	93.095	8.5714
chr11	112924673	112926101	1.1431e-13	91.947119	58	4.2966e-14	8.1446e-19	93.815	1.8678
chr11	112948983	112949883	9.694e-05	85.611942	36	1.9198e-11	6.9071e-10	91.167	5.5556
chr11	113130624	113131607	7.4687e-05	87.736626	27	2.8668e-10	5.3215e-10	88.971	1.2346
chr11	113090005	113090963	1.2064e-12	89.843899	59	4.6407e-14	8.5955e-18	92.951	3.1073
chr11	113217614	113217959	0.0014423	71.314700	23	6.9124e-08	1.0277e-08	75.663	4.3478
chr11	113270794	113271713	0.00019917	77.639456	35	1.0868e-11	1.4191e-09	89.068	11.429
chr11	113272019	113272940	0.0019669	86.630037	26	2.7163e-09	1.4014e-08	87.912	1.2821
chr11	113276817	113277723	0.00097493	75.327381	28	7.9935e-10	6.9465e-09	77.113	1.7857
chr11	113298393	113299087	0.040629	79.540230	29	3.8651e-10	2.8949e-07	95	15.46
chr11	113327896	113328661	0.00047269	82.053571	32	7.4116e-11	3.368e-09	89.866	7.8125
chr11	113323911	113325835	1.0016e-11	88.425499	62	4.4853e-14	7.1369e-17	95.684	7.2581
chr11	113325981	113327484	6.5999e-07	73.405350	54	2.347e-13	4.7025e-12	90.381	16.975
chr11	113309626	113310523	2.4917e-09	87.810020	48	4.4187e-14	1.7754e-14	91.803	3.9931
chr11	113391465	113393083	5.6679e-09	63.646585	66	5.0071e-14	4.0385e-14	87.662	24.015
chr11	113352582	113354055	1.001e-06	75.106647	48	4.6851e-14	7.1323e-12	88.544	13.437
chr11	113394902	113395769	0.0045087	80.669130	29	4.2698e-10	3.2125e-08	90.439	9.7701
chr11	113414280	113416654	6.3119e-25	88.579665	106	4.6185e-14	4.4973e-30	92.966	4.3868
chr11	113460692	113462218	0.020184	82.965507	26	3.7929e-09	1.4382e-07	95.466	12.5
chr11	113457421	113459958	8.991e-12	81.258681	64	4.2966e-14	6.4062e-17	89.006	7.7474
chr11	113453349	113453761	1.8932e-05	88.171837	30	2.8764e-11	1.3489e-10	97.283	9.1111
chr11	113463091	113464159	0.00020641	75.499339	36	4.7184e-12	1.4707e-09	88.032	12.533
chr11	113467932	113469020	0.00065808	69.216524	39	3.5305e-13	4.6889e-09	76.182	6.9658
chr11	113482173	113482993	1.992e-05	72.309704	32	5.6642e-11	1.4194e-10	91.633	19.323
chr11	113471890	113473483	0.00087612	91.167582	26	6.1792e-10	6.2425e-09	91.937	0.76923
chr11	113495380	113496016	0.038764	90.333333	20	6.3019e-08	2.762e-07	92	1.6667
chr11	113502157	113502768	0.0019425	81.190476	28	3.1235e-10	1.384e-08	87.143	5.9524
chr11	113504514	113505106	0.0018163	82.523810	25	6.2044e-09	1.2942e-08	84.524	2
chr11	113489824	113490836	2.8432e-08	92.759740	44	4.5075e-14	2.0258e-13	97.305	4.5455
chr11	113497640	113498595	8.7514e-11	92.538801	45	4.1522e-14	6.2355e-16	94.465	1.9259
chr11	113498595	113499818	0.0002184	84.961598	31	6.7856e-11	1.5561e-09	88.456	3.4946
chr11	113520065	113520932	0.04354	73.728469	22	1.879e-07	3.1023e-07	83.88	10.152
chr11	113527365	113528345	4.9681e-06	88.991228	38	3.6837e-13	3.5399e-11	92.018	3.0263
chr11	113513938	113515221	4.9119e-07	75.723104	36	1.8309e-12	3.4998e-12	94.797	19.074
chr11	113529208	113529814	4.2282e-06	85.937208	34	7.9968e-11	3.0127e-11	91.82	5.8824
chr11	113558889	113559146	0.0091832	80.898056	17	6.4547e-07	6.5431e-08	90.702	9.8039
chr11	113563755	113564765	2.1556e-08	84.949187	41	4.885e-14	1.5359e-13	92.571	7.622
chr11	113507296	113508399	1.0653e-07	83.594403	38	1.309e-13	7.5902e-13	88.419	4.8246
chr11	113602610	113602895	0.01146	78.211480	18	2.9682e-07	8.1657e-08	90.249	12.037
chr11	113607494	113608783	1.0735e-05	87.933107	35	6.7091e-13	7.6485e-11	90.79	2.8571
chr11	113611457	113611915	0.015899	81.083333	20	6.3019e-08	1.1328e-07	96.5	15.417
chr11	113599029	113599757	7.3833e-05	77.289412	32	7.54e-12	5.2607e-10	81.456	4.1667
chr11	113647508	113647861	9.7694e-05	90.658730	30	2.8764e-11	6.9608e-10	94.548	3.8889
chr11	113652767	113653583	0.0045662	87.307692	26	6.1792e-10	3.2535e-08	92.436	5.1282
chr11	113659919	113661245	0.021106	71.910374	27	1.4639e-08	1.5038e-07	78.392	6.4815
chr11	113661772	113662523	8.2611e-08	85.230500	38	1.0758e-13	5.8861e-13	90.581	5.3509
chr11	113662534	113663798	0.0098129	76.959676	27	1.5165e-07	6.9919e-08	84.367	7.4074
chr11	113681554	113682170	0.0007886	83.733333	25	1.3329e-09	5.6189e-09	99	15.267
chr11	113684117	113684599	0.019064	69.783058	22	1.5413e-08	1.3584e-07	95.162	25.379
chr11	113695213	113697016	4.1218e-05	82.530908	37	1.5288e-12	2.9369e-10	89.738	7.2072
chr11	113705450	113706903	5.691e-07	87.417731	41	4.9072e-14	4.0549e-12	89.247	1.8293
chr11	113725189	113725856	1.4747e-10	85.661939	47	4.3632e-14	1.0507e-15	88.853	3.1915
chr11	113728734	113729404	0.0099748	79.413919	26	7.7879e-10	7.1072e-08	92.555	13.141
chr11	113688203	113690701	9.9738e-20	76.406534	92	4.5519e-14	7.1064e-25	82.91	6.5036
chr11	113736231	113738366	8.5852e-12	82.485119	64	4.3854e-14	6.1171e-17	87.355	4.8698
chr11	113742373	113743409	4.6955e-07	78.005430	38	1.5465e-13	3.3456e-12	88.751	10.746
chr11	113743460	113744575	2.2707e-05	81.091871	33	1.9237e-10	1.6179e-10	89.274	8.1818
chr11	113752386	113753629	2.7851e-17	78.569103	76	4.3521e-14	1.9844e-22	90.864	12.295
chr11	113748547	113749270	2.0389e-05	87.482639	32	3.9486e-11	1.4528e-10	94.358	6.875
chr11	113767476	113768410	2.493e-08	82.846561	45	5.6288e-14	1.7763e-13	93.958	11.111
chr11	113717926	113718699	9.9949e-06	87.759637	35	7.2609e-13	7.1215e-11	90.141	2.381
chr11	113778609	113779259	0.0001024	82.855903	32	1.2004e-11	7.2964e-10	88.064	5.2083
chr11	113776116	113776651	0.0089299	82.240730	23	6.2158e-09	6.3627e-08	92.458	10.217
chr11	113765404	113766312	3.7e-10	83.848994	51	4.3077e-14	2.6363e-15	89.307	5.4575
chr11	113792692	113793230	0.044558	82.860750	22	1.344e-08	3.1749e-07	94.603	11.742
chr11	113646212	113647134	8.0022e-10	80.592470	43	4.5186e-14	5.7017e-15	89.507	8.9147
chr11	113821967	113823998	5.7381e-08	77.649241	46	4.6851e-14	4.0885e-13	85.439	7.7899
chr11	113838464	113838993	0.0091776	86.944444	24	2.8772e-09	6.5392e-08	91.806	4.8611
chr11	113839344	113840008	0.040859	67.317177	28	6.3061e-07	2.9113e-07	88.151	20.833
chr11	113798355	113799458	4.9613e-06	73.012182	43	1.4175e-12	3.535e-11	86.733	13.721
chr11	113844489	113845427	2.4634e-07	78.266500	38	6.9555e-13	1.7552e-12	90.942	12.675
chr11	113873486	113874210	0.00050967	89.880952	22	1.344e-08	3.6314e-09	93.745	3.8636
chr11	113878002	113878475	0.015454	81.750000	20	6.3019e-08	1.1011e-07	96.75	15
chr11	113882810	113884210	7.9956e-12	84.663087	51	4.3632e-14	5.697e-17	85.643	0.98039
chr11	113904211	113905510	2.476e-07	85.209763	41	3.4295e-13	1.7642e-12	93.34	8.1301
chr11	113928084	113928991	3.8815e-05	89.666667	30	2.8764e-11	2.7656e-10	91.333	1.6667
chr11	113940764	113941879	9.7478e-05	80.030612	35	1.0896e-12	6.9454e-10	86.983	6.9524
chr11	113933169	113934058	0.0020653	73.184186	32	1.0582e-10	1.4716e-08	92.351	19.167
chr11	113963910	113964469	9.2234e-06	70.285106	32	1.2631e-10	6.5718e-11	88.514	18.229
chr11	113984677	113986070	1.0184e-06	73.472222	36	6.5992e-13	7.2559e-12	76.25	2.7778
chr11	113988380	113989585	4.7736e-05	87.384334	32	5.1772e-11	3.4012e-10	90.509	3.125
chr11	113989815	113990766	0.0040489	56.714767	33	2.9131e-08	2.8849e-08	83.129	26.414
chr11	114002337	114003273	0.0093798	78.621032	24	9.91e-09	6.6832e-08	85.565	6.9444
chr11	114006213	114007096	1.0921e-06	80.793651	36	4.8639e-13	7.7817e-12	83.571	2.7778
chr11	113997409	113998045	0.00010706	79.350649	33	1.1618e-10	7.6281e-10	82.381	3.0303
chr11	114038906	114039425	0.019044	83.441558	22	8.7103e-08	1.3569e-07	90.26	6.8182
chr11	114042417	114043037	0.042335	82.500000	15	3.067e-06	3.0164e-07	85.833	3.3333
chr11	114020197	114020860	1.077e-05	58.193961	41	5.7846e-12	7.6741e-11	87.056	28.862
chr11	114046792	114047266	0.017594	89.682540	21	2.9088e-08	1.2536e-07	96.825	7.1429
chr11	114058278	114059915	8.8128e-11	77.687771	60	4.0634e-14	6.2793e-16	89.354	11.667
chr11	114072264	114073956	1.065e-05	86.507937	34	1.5136e-12	7.588e-11	92.39	5.8824
chr11	114093566	114094176	5.4552e-07	87.880781	38	1.0758e-13	3.8869e-12	91.17	3.2895
chr11	114120099	114121170	7.8748e-11	89.733333	50	4.1744e-14	5.6109e-16	94.733	5
chr11	114117132	114117656	4.0101e-06	79.609788	36	1.9796e-12	2.8572e-11	85.628	6.0185
chr11	114127221	114128756	0.00010253	86.633881	34	7.1035e-12	7.3055e-10	90.408	3.7745
chr11	114133475	114134183	0.020201	83.153899	23	2.5804e-07	1.4394e-07	94.023	10.87
chr11	114131771	114133136	5.0835e-06	85.945578	35	7.8659e-13	3.6221e-11	93.088	7.1429
chr11	114147281	114149134	0.001275	64.927850	38	4.3679e-09	9.0846e-09	84.665	19.737
chr11	114163639	114164383	0.0005937	90.398551	23	3.2902e-08	4.2302e-09	94.746	4.3478
chr11	114164383	114165577	0.0099897	69.542125	26	3.037e-09	7.1178e-08	89.991	20.449
chr11	114167599	114168620	0.0010228	80.214286	30	1.0218e-09	7.2877e-09	89.937	9.7222
chr11	114138516	114138902	0.015936	87.285714	20	7.3268e-08	1.1354e-07	89.786	2.5
chr11	114185031	114185333	0.001271	88.106061	22	1.344e-08	9.056e-09	90.379	2.2727
chr11	114203569	114205073	4.4157e-08	67.784864	56	4.3854e-14	3.1463e-13	80.434	12.649
chr11	114199610	114200776	2.4144e-05	76.246693	36	1.8309e-12	1.7203e-10	94.534	18.287
chr11	114218368	114219957	3.4436e-14	87.013190	71	4.3965e-14	2.4536e-19	93.938	6.9249
chr11	114208347	114208966	4.8516e-07	85.720721	37	1.9196e-13	3.4568e-12	87.973	2.2523
chr11	114214387	114215889	4.8515e-06	88.372057	35	7.2609e-13	3.4568e-11	90.515	2.1429
chr11	114215889	114217545	2.66e-08	77.607474	48	4.5186e-14	1.8953e-13	88.719	11.111
chr11	114228425	114230366	1.8059e-10	92.724019	51	4.1189e-14	1.2867e-15	94.881	2.1569
chr11	114241925	114242556	0.0017443	90.907738	24	2.8772e-09	1.2429e-08	92.991	2.0833
chr11	114250460	114252163	6.1973e-14	76.398157	68	4.0967e-14	4.4157e-19	83.016	6.6176
chr11	114273171	114274098	0.0019158	84.861905	25	8.7702e-09	1.365e-08	90.195	5.3333
chr11	114264992	114266245	0.0018977	79.630952	30	2.4883e-10	1.3521e-08	85.187	5.5556
chr11	114266245	114266776	0.00020198	75.515873	35	1.0017e-11	1.4392e-09	86.468	10.952
chr11	114355470	114357063	5.8131e-09	80.423588	43	5.862e-14	4.1419e-14	82.749	2.3256
chr11	114348616	114350363	2.5642e-06	55.202051	39	6.4414e-12	1.827e-11	86.627	31.425
chr11	114350523	114351899	2.1239e-05	64.464322	40	1.3411e-11	1.5133e-10	84.587	20.123
chr11	114371062	114371947	0.00038557	69.153866	31	9.8896e-08	2.7472e-09	84.208	15.054
chr11	114365348	114365970	0.002024	82.131821	26	5.2806e-09	1.4422e-08	89.824	7.6923
chr11	114373001	114373659	3.2178e-06	91.539683	30	2.8764e-11	2.2928e-11	93.206	1.6667
chr11	114412594	114414225	7.5333e-11	80.726250	52	3.9191e-14	5.3676e-16	87.457	6.7308
chr11	114478111	114478662	7.6711e-05	92.680776	27	2.8668e-10	5.4658e-10	94.533	1.8519
chr11	114502146	114503251	1.019e-05	75.289116	42	6.3893e-13	7.2604e-11	84.813	9.5238
chr11	114517555	114518564	0.0020308	79.869792	32	4.3223e-11	1.447e-08	85.339	5.4688
chr11	114545296	114546136	0.0031807	60.202020	22	2.0238e-08	2.2663e-08	62.854	2.6515
chr11	114527857	114528021	5.1816e-08	61.560201	41	2.0818e-11	3.6919e-13	68.877	7.3171
chr11	114569825	114571226	1.3353e-08	74.947825	54	4.3854e-14	9.5144e-14	79.886	4.9383
chr11	114577220	114578011	0.012902	63.371813	33	4.1023e-09	9.1932e-08	89.18	25.808
chr11	114578040	114579001	0.00020405	82.930108	31	2.1703e-11	1.4539e-09	86.156	3.2258
chr11	114580019	114581059	2.5735e-06	88.139672	41	4.9072e-14	1.8336e-11	94.678	6.5379
chr11	114586439	114587144	0.018893	86.287879	22	1.344e-08	1.3462e-07	89.242	2.9545
chr11	114606307	114606921	0.042886	57.448839	22	1.1367e-05	3.0557e-07	85.858	28.409
chr11	114624982	114625561	5.0006e-07	90.604891	37	1.9196e-13	3.563e-12	96.686	6.0811
chr11	114608825	114609992	2.2985e-06	82.750567	35	7.2609e-13	1.6377e-11	83.322	0.57143
chr11	114636299	114637848	6.7935e-05	66.174242	44	4.3532e-12	4.8405e-10	76.856	10.682
chr11	114646102	114647317	0.0094073	79.594414	28	8.0139e-09	6.7028e-08	94.594	15
chr11	114638285	114638828	0.00040717	78.114822	28	1.2987e-08	2.9011e-09	86.151	8.0357
chr11	114659257	114659972	0.021079	73.449028	24	5.3674e-09	1.5019e-07	82.963	9.5139
chr11	114669064	114670170	2.5924e-06	86.059524	40	7.0166e-14	1.8471e-11	94.143	8.0833
chr11	114693574	114694533	0.020531	60.229828	24	2.0403e-08	1.4628e-07	64.396	4.1667
chr11	114717674	114718408	0.01369	86.065163	19	1.3668e-07	9.754e-08	87.82	1.7544
chr11	114718945	114719555	0.00043746	74.841270	33	2.9156e-10	3.117e-09	80.902	6.0606
chr11	114722268	114723170	0.038323	95.277778	20	6.3019e-08	2.7306e-07	96.944	1.6667
chr11	114714761	114716023	1.1098e-06	68.098289	44	4.563e-14	7.9078e-12	80.691	12.593
chr11	114673518	114674640	3.6105e-10	81.857143	50	4.2522e-14	2.5725e-15	85.524	3.6667
chr11	114683421	114684812	2.0706e-05	55.234025	39	7.9994e-11	1.4754e-10	62.926	7.6923
chr11	114780689	114781177	0.0004732	83.210445	31	1.3399e-11	3.3716e-09	86.705	3.4946
chr11	114787254	114787973	0.018712	71.562049	22	1.2824e-07	1.3333e-07	88.986	17.424
chr11	114821339	114822781	0.0010143	89.903319	30	2.0537e-10	7.2268e-09	94.07	4.1667
chr11	114819264	114820438	2.3443e-05	83.185328	37	5.144e-12	1.6704e-10	90.393	7.2072
chr11	114824263	114825020	0.0093207	88.630952	24	2.8772e-09	6.6411e-08	90.02	1.3889
chr11	114880213	114881330	0.00017159	82.721928	27	3.2051e-10	1.2226e-09	89.027	6.3051
chr11	114904560	114905339	0.0038006	86.231884	23	7.0858e-09	2.708e-08	92.754	6.5217
chr11	114945725	114946403	0.0072832	68.073593	33	3.0052e-09	5.1894e-08	81.71	13.636
chr11	114960935	114961801	0.04393	82.570346	22	1.344e-08	3.13e-07	88.252	5.6818
chr11	114985555	114986311	0.015582	85.674603	20	6.3019e-08	1.1103e-07	87.341	1.6667
chr11	114972876	114973779	0.0016634	80.314003	24	3.262e-09	1.1852e-08	81.356	1.0417
chr11	114994642	114995659	5.1625e-09	93.004259	41	4.9072e-14	3.6784e-14	93.492	0.4878
chr11	114995659	114997575	0.00019736	71.220822	34	3.387e-10	1.4062e-09	79.554	8.3333
chr11	114979351	114979844	0.040849	71.940035	27	7.7418e-10	2.9105e-07	77.496	5.5556
chr11	115016092	115016676	0.021223	82.395833	24	2.8772e-09	1.5122e-07	92.812	10.417
chr11	115082364	115082902	0.001371	73.587662	22	1.344e-08	9.7683e-09	91.769	18.182
chr11	115109492	115110822	1.4439e-09	81.254369	51	4.5075e-14	1.0288e-14	85.503	4.2484
chr11	115097727	115098119	0.0021749	65.662698	30	1.3954e-10	1.5497e-08	88.996	23.333
chr11	115073664	115074076	0.00067711	82.033730	24	3.262e-09	4.8245e-09	86.895	4.8611
chr11	115182330	115182827	0.017626	81.912320	21	3.3576e-08	1.2559e-07	86.674	4.7619
chr11	115231267	115232138	0.004275	74.863316	18	2.9682e-07	3.046e-08	76.715	1.8519
chr11	115237330	115238094	0.0042824	81.384127	25	1.5036e-09	3.0513e-08	84.717	3.3333
chr11	115222662	115222991	0.01713	94.761905	21	2.9088e-08	1.2205e-07	97.143	2.381
chr11	115238564	115239451	0.00030856	61.913690	40	5.294e-11	2.1985e-09	77.33	15.417
chr11	115278223	115278531	0.017423	94.047619	21	2.9088e-08	1.2414e-07	97.222	3.1746
chr11	115281445	115282535	4.7623e-06	81.347904	36	2.717e-12	3.3932e-11	89.913	8.5648
chr11	115277123	115277766	0.0028415	85.721501	21	2.9088e-08	2.0246e-08	90.801	5.0794
chr11	115313181	115313902	0.00017916	76.014109	27	2.8668e-10	1.2766e-09	91.076	15.062
chr11	115332624	115333671	2.4916e-06	77.379960	40	6.0063e-14	1.7753e-11	86.13	8.75
chr11	115296841	115297826	0.00981	57.963659	38	5.6074e-09	6.9897e-08	91.911	33.947
chr11	115342561	115343351	0.019264	54.033935	29	5.7407e-07	1.3726e-07	88.402	34.368
chr11	115355424	115356348	1.2208e-08	77.583267	49	4.563e-14	8.6981e-14	87.447	9.8639
chr11	115346695	115348247	1.2978e-07	84.383031	42	2.3459e-13	9.2471e-13	91.883	7.5
chr11	115348303	115351360	8.3132e-16	76.433471	81	4.3632e-14	5.9233e-21	80.96	4.5267
chr11	115360624	115360943	0.0018793	79.866667	25	1.3329e-09	1.339e-08	96.333	16.467
chr11	115384642	115385761	8.0781e-06	86.929744	30	2.8764e-11	5.7558e-11	88.708	1.7778
chr11	115154022	115154801	0.034535	89.060150	19	1.3668e-07	2.4607e-07	91.692	2.6316
chr11	115361366	115362378	0.018618	76.534993	22	2.3171e-08	1.3265e-07	86.08	9.5455
chr11	115411375	115412135	0.021176	67.860450	24	8.2712e-08	1.5088e-07	80.36	12.5
chr11	115409914	115410544	0.019045	89.989177	22	1.5413e-08	1.357e-07	93.019	3.0303
chr11	115421191	115421614	0.016877	91.462585	21	2.9088e-08	1.2025e-07	95.431	3.9683
chr11	115451141	115451803	0.0022813	74.032051	20	6.4505e-07	1.6254e-08	85.699	11.667
chr11	115445375	115446815	2.5762e-09	71.538801	45	4.6074e-14	1.8356e-14	73.02	1.4815
chr11	115523177	115523944	2.1985e-06	86.625967	36	3.3606e-13	1.5665e-11	87.737	1.1111
chr11	115525748	115526237	0.0071584	85.470522	21	2.9088e-08	5.1005e-08	92.217	6.746
chr11	115576305	115577203	0.020603	88.466667	25	1.3329e-09	1.468e-07	92.467	4
chr11	115617047	115618221	1.3059e-07	83.183107	42	6.628e-14	9.3044e-13	90.037	6.8537
chr11	115615165	115615640	0.00019994	37.206482	29	6.1844e-11	1.4246e-09	70.874	33.667
chr11	115629392	115629847	0.0029673	88.291074	21	2.9088e-08	2.1142e-08	89.482	1.1905
chr11	115629947	115631096	0.00047942	74.992320	31	7.3037e-10	3.4159e-09	86.551	11.559
chr11	115633597	115634232	2.1674e-06	73.160957	34	7.1035e-12	1.5443e-11	92.377	19.216
chr11	115658098	115658798	8.5405e-05	90.086207	29	6.1844e-11	6.0852e-10	98.132	8.046
chr11	115520864	115521976	0.02259	63.312390	36	1.1089e-09	1.6096e-07	74.886	11.574
chr11	115764320	115764958	0.0019827	71.098867	33	1.1215e-11	1.4127e-08	82.21	11.111
chr11	115760216	115761903	3.6841e-10	84.973016	50	4.6851e-14	2.625e-15	89.14	4.1667
chr11	115761924	115763249	3.593e-08	72.002748	58	1.6465e-13	2.5601e-13	81.054	9.0517
chr11	115818998	115819331	0.0015084	81.340580	23	6.2158e-09	1.0748e-08	99.457	18.116
chr11	115852145	115852761	0.0040688	65.203373	24	2.8772e-09	2.8991e-08	98.051	32.847
chr11	115861040	115861506	0.0006404	74.456522	23	6.1151e-08	4.563e-09	87.5	13.043
chr11	115869520	115870052	8.2857e-07	84.180672	34	1.0867e-11	5.9037e-12	87.122	2.9412
chr11	115871401	115872155	1.2212e-06	87.010324	42	4.6518e-14	8.701e-12	91.058	4.0476
chr11	115864690	115865255	0.0087898	77.509158	26	6.1792e-10	6.2629e-08	79.56	2.0513
chr11	115874208	115874804	7.026e-05	92.243436	27	2.8668e-10	5.0062e-10	94.095	1.8519
chr11	115875957	115877548	1.0458e-11	82.486076	57	4.019e-14	7.4518e-17	89.679	7.193
chr11	115904450	115906188	5.1472e-07	69.486612	45	9.5035e-14	3.6675e-12	86.545	17.058
chr11	115927959	115928818	0.0004084	84.066776	29	6.1844e-11	2.9099e-09	92.687	8.6207
chr11	115943822	115944346	0.0036687	93.478261	23	6.2158e-09	2.614e-08	95.652	2.1739
chr11	115896053	115896352	0.014471	-78.844156	20	6.3019e-08	1.0311e-07	11.156	90
chr11	115992240	115993664	7.8846e-10	68.087016	51	4.5186e-14	5.6179e-15	74.95	6.8627
chr11	116061287	116062065	0.0033705	83.134921	22	1.344e-08	2.4015e-08	92.226	9.0909
chr11	116062065	116063218	0.0071084	70.951646	34	5.2704e-09	5.0648e-08	79.04	8.0882
chr11	116003143	116003925	0.041283	62.619048	21	5.1452e-08	2.9415e-07	85.612	22.993
chr11	116066533	116067706	0.011115	78.968254	37	3.0728e-11	7.9193e-08	90.004	11.036
chr11	116069247	116070929	3.6033e-15	82.784301	73	4.0745e-14	2.5674e-20	91.92	9.1357
chr11	116106584	116107497	0.00010061	79.697555	37	1.4175e-12	7.1684e-10	86.905	7.2072
chr11	116131231	116132500	4.422e-05	81.726190	34	3.8184e-11	3.1508e-10	86.873	5.1471
chr11	116136688	116137278	0.00087184	83.267196	27	2.2709e-09	6.212e-09	93.761	10.494
chr11	116121626	116123140	5.0906e-07	88.142857	40	1.2967e-13	3.6271e-12	93.768	5.625
chr11	116112203	116112652	0.0009331	70.490196	34	5.9879e-12	6.6485e-09	79.069	8.5784
chr11	116018733	116019473	0.00016941	85.511464	27	2.8668e-10	1.2071e-09	91.684	6.1728
chr11	116155762	116157219	0.00061139	66.108999	41	1.6119e-10	4.3562e-09	91.516	25.407
chr11	116200027	116201611	1.2287e-07	91.142857	40	6.0063e-14	8.7544e-13	95.31	4.1667
chr11	116202336	116203322	0.00020213	76.898555	30	3.8831e-11	1.4402e-09	81.899	5
chr11	116198047	116199101	1.0857e-06	83.968532	42	4.5963e-14	7.7356e-12	85.556	1.5873
chr11	116204373	116205853	5.0995e-07	86.884384	37	1.7819e-13	3.6335e-12	90.578	3.6937
chr11	116174013	116174180	0.00097211	-64.630952	30	6.3774e-11	6.9264e-09	4.8135	69.444
chr11	116236023	116237293	5.3425e-05	65.388095	50	1.7597e-13	3.8066e-10	78.555	13.167
chr11	116237801	116238918	1.8937e-10	80.373168	52	4.4742e-14	1.3493e-15	85.149	4.7756
chr11	116233826	116234762	7.9918e-10	81.399134	50	4.6296e-14	5.6943e-15	91.532	10.133
chr11	116252353	116252963	0.0095049	81.387157	25	1.3329e-09	6.7724e-08	92.054	10.667
chr11	116255143	116256165	0.00021795	87.976190	31	1.6257e-11	1.5529e-09	91.202	3.2258
chr11	116260008	116260221	0.0014807	79.855072	23	6.2158e-09	1.055e-08	93.551	13.696
chr11	116241129	116242616	4.3732e-05	77.978335	37	1.7819e-13	3.116e-10	90.128	12.149
chr11	116270186	116271247	4.616e-07	84.490741	36	3.8969e-13	3.2889e-12	94.676	10.185
chr11	116296622	116297724	1.1426e-13	83.776683	58	4.6185e-14	8.1415e-19	95.53	11.753
chr11	116292164	116294536	5.2391e-07	58.789967	57	4.4964e-14	3.7329e-12	90.003	31.213
chr11	116300215	116300874	0.029881	90.434303	18	2.9682e-07	2.1291e-07	95.434	5
chr11	116298151	116298751	0.0015761	74.071774	23	1.1911e-08	1.123e-08	88.347	14.275
chr11	116307193	116308648	0.0044259	72.345110	31	5.3608e-09	3.1535e-08	84.173	11.828
chr11	116310805	116312233	5.0795e-06	74.494570	38	9.2604e-13	3.6192e-11	84.582	10.088
chr11	116290048	116290632	0.036796	64.863636	30	7.3855e-08	2.6218e-07	93.864	29
chr11	116356625	116356841	0.0033067	72.678571	22	1.7666e-08	2.3561e-08	87.906	15.227
chr11	116397025	116397589	0.0099407	76.584249	26	1.547e-09	7.0829e-08	89.212	12.628
chr11	116403914	116405405	1.0956e-06	72.710538	36	2.5107e-12	7.8065e-12	84.053	11.343
chr11	116427599	116428639	0.018084	72.054531	31	9.6358e-09	1.2885e-07	90.495	18.441
chr11	116522833	116524170	4.9276e-07	64.329168	44	5.8731e-14	3.511e-12	70.541	6.2121
chr11	116527240	116528099	0.0036191	55.800902	23	3.7279e-08	2.5787e-08	56.67	0.86957
chr11	116540238	116540749	0.00020063	78.676793	29	7.609e-11	1.4295e-09	81.263	2.5862
chr11	116418604	116419732	0.0054228	73.758259	38	5.3151e-12	3.8638e-08	87.292	13.534
chr11	116558405	116558917	4.5711e-06	90.357143	34	1.389e-12	3.2569e-11	93.298	2.9412
chr11	116599145	116600201	2.7031e-08	89.353465	41	7.6605e-14	1.926e-13	90.979	1.626
chr11	116601216	116603217	1.6203e-19	88.965278	80	4.3188e-14	1.1545e-24	91.257	2.2917
chr11	116568978	116569829	0.042175	61.978458	21	5.9321e-07	3.005e-07	90.232	28.254
chr11	116588988	116589827	0.00042839	93.686096	28	1.331e-10	3.0523e-09	94.579	0.89286
chr11	116605287	116606124	6.4386e-05	74.389222	26	6.1792e-10	4.5876e-10	87.53	13.141
chr11	116610816	116611124	0.046213	64.890303	23	8.0739e-09	3.2928e-07	79.166	14.275
chr11	116620799	116622015	1.1371e-06	64.913230	38	7.4729e-13	8.1022e-12	90.44	25.526
chr11	116556568	116557519	9.3742e-05	78.456221	31	8.184e-11	6.6793e-10	80.069	1.6129
chr11	116672649	116674110	6.2195e-09	79.496528	48	4.4964e-14	4.4315e-14	83.142	3.6458
chr11	116674770	116675235	0.00015857	90.324270	26	6.1792e-10	1.1298e-09	91.094	0.76923
chr11	116687782	116689215	1.0029e-06	81.187996	48	4.2744e-14	7.1461e-12	90.91	9.7222
chr11	116690882	116691752	0.0037341	85.942029	23	7.0858e-09	2.6606e-08	91.377	5.4348
chr11	116670653	116672339	3.3296e-09	82.026118	50	4.13e-14	2.3724e-14	86.859	4.8333
chr11	116684547	116686414	8.5368e-07	76.611039	50	7.6716e-14	6.0826e-12	83.278	6.6667
chr11	116694828	116695416	0.0091402	84.201389	24	2.8772e-09	6.5125e-08	97.049	12.847
chr11	116764830	116764952	0.038286	93.000000	20	6.3019e-08	2.7279e-07	98	5
chr11	116779812	116780179	0.0081352	71.670274	22	1.6553e-07	5.7964e-08	76.216	4.5455
chr11	116818288	116820194	2.9626e-08	80.518461	46	4.9294e-14	2.1109e-13	82.366	1.8478
chr11	116834022	116834387	0.025305	91.470588	17	6.4547e-07	1.803e-07	92.941	1.4706
chr11	116824556	116825468	0.044316	87.159091	22	1.344e-08	3.1576e-07	95.114	7.9545
chr11	116835571	116836401	0.0004468	71.944444	32	1.1833e-09	3.1835e-09	84.705	12.76
chr11	116839285	116839725	0.0088397	84.673913	23	7.0858e-09	6.2984e-08	91.196	6.5217
chr11	116840983	116841722	7.9517e-05	87.746305	29	6.8604e-11	5.6657e-10	91.195	3.4483
chr11	116845415	116846364	0.00063491	61.294261	39	3.8292e-10	4.5238e-09	75.397	14.103
chr11	116856853	116857769	0.00018584	82.175698	29	3.4979e-10	1.3241e-09	87.348	5.1724
chr11	116869262	116870206	0.00047516	85.257995	31	1.3399e-11	3.3856e-09	89.29	4.0323
chr11	116859148	116859476	9.7481e-05	91.666667	30	3.1796e-11	6.9456e-10	95.556	3.8889
chr11	116879651	116881096	4.3781e-06	87.184789	38	1.0758e-13	3.1195e-11	92.448	5.2632
chr11	116932952	116934063	0.0077082	76.716196	33	7.5992e-11	5.4922e-08	86.06	9.3434
chr11	116936408	116937727	2.3016e-09	76.868386	60	4.4187e-14	1.6399e-14	89.813	12.944
chr11	116944868	116946300	4.7269e-05	90.299320	35	6.7091e-13	3.368e-10	92.918	2.619
chr11	116949216	116950086	0.0019842	86.166056	26	6.1792e-10	1.4138e-08	88.089	1.9231
chr11	116953735	116954435	0.0037402	63.358135	24	6.868e-09	2.6649e-08	72.178	8.8194
chr11	116977231	116977871	0.0040474	83.282077	24	4.1878e-09	2.8838e-08	89.532	6.25
chr11	116999524	117000632	4.9434e-05	86.201189	33	3.2101e-12	3.5222e-10	92.262	6.0606
chr11	116995783	116996690	0.0017369	88.154762	24	2.8772e-09	1.2375e-08	90.933	2.7778
chr11	116971745	116972384	0.0079558	72.468516	22	2.0238e-08	5.6686e-08	74.741	2.2727
chr11	117041756	117042563	2.0533e-05	89.801362	32	6.868e-12	1.463e-10	95.791	5.9896
chr11	117074897	117075799	0.043065	73.712121	22	1.879e-07	3.0685e-07	82.803	9.0909
chr11	117057838	117059638	1.277e-07	87.667941	47	4.3632e-14	9.0988e-13	94.228	6.5603
chr11	117102474	117103213	2.7408e-07	84.040616	34	1.389e-12	1.9529e-12	91.639	7.598
chr11	117106491	117107386	4.4197e-06	90.429505	34	1.5136e-12	3.1491e-11	94.596	4.1667
chr11	117114311	117115217	0.0001231	83.740079	24	2.8772e-09	8.7713e-10	91.032	7.2917
chr11	117118251	117119192	0.00054158	90.154959	22	1.344e-08	3.8588e-09	92.806	2.6515
chr11	117139103	117140533	5.7261e-08	80.740670	51	4.6074e-14	4.08e-13	90.054	9.3137
chr11	117152844	117153339	7.9212e-06	87.805556	30	1.8652e-10	5.644e-11	94.472	6.6667
chr11	117026957	117027736	0.034604	86.842105	19	8.6848e-07	2.4656e-07	92.105	5.2632
chr11	117120305	117122574	5.9174e-14	83.828295	72	4.5297e-14	4.2162e-19	90.611	6.7824
chr11	117142924	117143927	9.6952e-05	78.028407	36	6.7549e-10	6.908e-10	91.917	13.889
chr11	117167410	117168225	0.044774	76.418651	24	2.298e-08	3.1902e-07	90.308	13.889
chr11	117170118	117171590	2.4548e-08	84.852183	40	1.2734e-13	1.7491e-13	86.519	1.6667
chr11	117190542	117191901	4.4866e-07	83.005620	39	1.829e-12	3.1968e-12	91.553	8.547
chr11	117200075	117201019	8.9315e-05	84.848485	33	6.0155e-12	6.3638e-10	95.202	10.354
chr11	117214463	117215172	0.020182	81.180124	23	1.8118e-07	1.438e-07	86.977	5.7971
chr11	117215793	117216325	0.040631	71.598124	22	2.6516e-08	2.895e-07	76.901	5.303
chr11	117228148	117228880	0.0016773	91.527778	24	1.6065e-08	1.1951e-08	95.694	4.1667
chr11	117181893	117182603	1.3368e-07	84.878247	44	4.4742e-14	9.5247e-13	92.454	7.5758
chr11	117232343	117233780	6.4482e-12	87.669018	54	4.1411e-14	4.5945e-17	90.138	2.4691
chr11	117259202	117260036	0.00046068	84.302135	29	1.8487e-09	3.2824e-09	88.9	4.5977
chr11	117234792	117235794	0.0042057	74.051587	30	1.1488e-10	2.9966e-08	80.718	6.6667
chr11	117261765	117262473	0.00046414	84.861111	30	2.2608e-10	3.3071e-09	92.639	7.7778
chr11	117162168	117163215	0.00015321	84.862637	26	3.037e-09	1.0916e-09	88.645	3.7821
chr11	117277445	117278752	0.00098287	58.936314	41	1.1183e-10	7.0031e-09	72.554	13.618
chr11	117292392	117293432	5.2674e-07	59.346764	39	7.4044e-12	3.7531e-12	62.937	3.5897
chr11	117293432	117294543	1.1175e-05	70.109395	37	1.78e-12	7.9626e-11	78.037	7.9279
chr11	117325394	117326330	1.9093e-05	77.860863	32	9.0818e-12	1.3604e-10	89.163	11.302
chr11	117246402	117247597	4.569e-15	86.346006	62	4.5852e-14	3.2555e-20	91.292	4.9462
chr11	117388609	117388941	0.00079635	79.276557	26	7.7879e-10	5.6741e-09	83.123	3.8462
chr11	117398734	117400313	1.0218e-05	86.737799	33	3.8404e-12	7.2804e-11	90.273	3.5354
chr11	117408323	117409433	0.0004497	80.014881	32	6.2559e-12	3.2041e-09	91.734	11.719
chr11	117412923	117413199	0.029881	66.994949	18	2.9682e-07	2.1291e-07	82.736	15.741
chr11	117428305	117429573	3.41e-05	65.110931	44	4.3532e-12	2.4297e-10	81.778	16.667
chr11	117439156	117441092	3.6401e-10	70.231481	54	4.4742e-14	2.5936e-15	76.713	6.4815
chr11	117442496	117444223	2.8244e-09	83.547943	49	4.13e-14	2.0124e-14	87.017	3.4694
chr11	117476978	117478178	3.8963e-09	84.449666	38	1.0758e-13	2.7762e-14	85.108	0.65789
chr11	117480295	117480811	0.00021449	67.718894	31	3.501e-11	1.5283e-09	78.472	10.753
chr11	117502742	117503882	2.4287e-09	67.505025	42	4.9405e-14	1.7305e-14	69.489	1.9841
chr11	117533284	117534272	5.2474e-07	73.988095	38	1.4366e-13	3.7388e-12	77.146	3.1579
chr11	117538056	117539469	2.2422e-06	84.448442	37	1.9196e-13	1.5976e-11	85.8	1.3514
chr11	117540534	117541549	1.1294e-05	83.132581	37	7.2153e-13	8.0473e-11	88.088	4.955
chr11	117495378	117496905	3.3234e-09	73.579988	51	3.9413e-14	2.368e-14	77.175	3.5948
chr11	117578749	117579112	0.029881	77.727072	18	2.4272e-06	2.1291e-07	92.079	14.352
chr11	117590005	117590851	0.03812	69.190476	20	6.3019e-08	2.7161e-07	90.44	21.25
chr11	117643563	117644344	0.004067	73.056908	24	2.8772e-09	2.8978e-08	96.737	23.681
chr11	117679292	117680881	6.9748e-10	80.103543	47	4.2633e-14	4.9697e-15	81.699	1.5957
chr11	117675257	117676174	7.5327e-11	92.668651	48	4.5963e-14	5.3672e-16	94.058	1.3889
chr11	117751605	117751821	1.7899e-05	-89.569892	31	1.3399e-11	1.2754e-10	6.129	95.699
chr11	117763947	117764085	1.0605e-05	-75.648148	36	5.6777e-13	7.5564e-11	12.778	88.426
chr11	117782800	117783010	0.045768	72.101449	23	1.1911e-08	3.2611e-07	88.768	16.667
chr11	117814088	117814750	5.1933e-07	84.862013	44	7.1942e-14	3.7003e-12	93.726	8.8636
chr11	117815808	117818368	6.756e-09	73.259034	47	4.0301e-14	4.8137e-14	85.67	12.411
chr11	117812611	117813678	0.00045197	88.440066	29	6.8604e-11	3.2203e-09	93.325	4.8851
chr11	117833963	117835460	0.00044636	81.376574	29	3.2734e-09	3.1804e-09	94.595	13.218
chr11	117826583	117828059	1.6425e-09	76.336392	51	4.1078e-14	1.1703e-14	81.712	5.3758
chr11	117844145	117847501	1.5905e-26	78.365535	122	4.3077e-14	1.1332e-31	83.475	5.1093
chr11	117848848	117850173	4.9405e-05	77.330766	34	2.9113e-09	3.5202e-10	89.831	12.5
chr11	117851907	117852657	8.3283e-05	88.884508	28	1.331e-10	5.934e-10	92.754	3.869
chr11	117870159	117871003	2.4552e-07	86.310473	38	1.1158e-13	1.7494e-12	88.503	2.193
chr11	117871313	117875808	6.5282e-25	78.037640	118	3.9191e-14	4.6514e-30	82.925	4.887
chr11	117697670	117698916	0.00022056	68.489658	33	2.4743e-11	1.5715e-09	86.924	18.434
chr11	117949445	117950060	0.0020519	68.959436	27	4.9929e-10	1.462e-08	87.478	18.519
chr11	117980352	117981632	2.2078e-11	90.158046	58	4.2966e-14	1.5731e-16	92.457	2.2989
chr11	118025826	118026623	0.00046997	79.198413	30	4.4034e-10	3.3486e-09	85.865	6.6667
chr11	118026649	118028104	0.0052964	63.551587	38	9.4198e-10	3.7737e-08	75.832	12.281
chr11	118017092	118017748	4.8383e-06	91.031746	35	7.8659e-13	3.4473e-11	96.746	5.7143
chr11	118031123	118031700	0.0019253	68.271164	30	6.2369e-09	1.3718e-08	78.271	10
chr11	118061058	118062215	0.0039024	80.625000	24	2.298e-08	2.7805e-08	88.958	8.3333
chr11	118066435	118067409	0.045793	76.657143	25	1.9416e-08	3.2628e-07	89.99	13.333
chr11	118095489	118095821	0.01146	93.805115	18	2.9682e-07	8.1657e-08	96.583	2.7778
chr11	118007736	118007904	0.020902	79.571759	24	3.6968e-09	1.4893e-07	87.905	8.3333
chr11	118183499	118185335	1.2078e-09	76.714056	44	4.5852e-14	8.6057e-15	77.737	1.0227
chr11	118186171	118187880	5.5675e-08	86.642857	40	5.7065e-14	3.9669e-13	89.101	2.4583
chr11	118194526	118195593	1.1521e-10	86.498496	47	4.6629e-14	8.2089e-16	95.364	8.8652
chr11	118214308	118215204	0.00010393	84.592352	33	2.6997e-11	7.4049e-10	89.138	4.5455
chr11	118229260	118230074	0.019072	90.757576	22	5.8878e-08	1.3589e-07	93.03	2.2727
chr11	118235080	118237077	6.2263e-09	84.585570	50	4.4742e-14	4.4363e-14	93.586	9
chr11	118238840	118240179	1.0148e-05	83.338555	38	1.309e-13	7.2308e-11	89.04	5.7018
chr11	118217293	118218399	0.00076683	82.724868	36	3.3606e-13	5.4638e-09	89.001	6.2765
chr11	118250710	118251741	4.7061e-06	75.854342	34	1.6506e-12	3.3532e-11	78.894	3.0392
chr11	118260312	118260848	0.013768	92.631579	19	1.3668e-07	9.81e-08	95.263	2.6316
chr11	118243377	118244118	0.017877	67.475369	29	4.2094e-08	1.2738e-07	81.843	14.368
chr11	118269509	118270200	0.038282	83.309524	20	6.3019e-08	2.7276e-07	89.976	6.6667
chr11	118338949	118339270	0.00082568	89.476496	26	6.1792e-10	5.8831e-09	92.361	2.8846
chr11	118334700	118335897	1.7682e-11	80.228571	50	4.2522e-14	1.2599e-16	82.229	2
chr11	118346515	118347152	0.044306	74.747475	22	1.879e-07	3.1568e-07	81.566	6.8182
chr11	118357400	118358131	0.042406	90.222222	15	3.067e-06	3.0215e-07	92.444	2.2222
chr11	118360493	118361030	0.038401	82.668651	20	6.3019e-08	2.7361e-07	93.502	10.833
chr11	118395164	118396025	0.046145	67.706255	23	9.1024e-07	3.2879e-07	78.576	10.87
chr11	118399212	118400155	2.2579e-05	82.788600	33	1.4616e-11	1.6088e-10	84.304	1.5152
chr11	118407813	118408451	0.034497	76.791980	19	1.8756e-07	2.458e-07	79.424	2.6316
chr11	118411209	118412018	0.018831	64.166667	22	9.3057e-07	1.3418e-07	70.227	6.0606
chr11	118403975	118404530	2.5925e-07	84.038462	39	8.4599e-14	1.8472e-12	87.885	3.8462
chr11	118451374	118452147	5.3845e-08	84.432763	42	4.563e-14	3.8365e-13	88.639	4.2063
chr11	118452289	118453089	0.0035974	80.350242	23	5.4072e-08	2.5632e-08	86.872	6.5217
chr11	118454035	118455502	1.2244e-07	82.071609	44	4.4409e-14	8.724e-13	91.731	9.6591
chr11	118418207	118419557	3.0845e-09	76.134840	45	4.563e-14	2.1978e-14	83.913	7.7778
chr11	118498236	118498768	0.037849	79.950397	20	9.8827e-08	2.6968e-07	88.284	8.3333
chr11	118504361	118505060	0.00089486	76.735348	26	6.5734e-09	6.376e-09	80.582	3.8462
chr11	118525864	118526694	2.8467e-08	88.268141	42	6.628e-14	2.0283e-13	90.649	2.381
chr11	118515465	118516139	0.042233	85.935374	21	2.9088e-08	3.0091e-07	90.697	4.7619
chr11	118382052	118383063	1.2969e-06	85.483871	31	1.4757e-11	9.2404e-12	91.667	6.1828
chr11	118559891	118560577	0.018628	75.995671	22	1.4573e-07	1.3273e-07	85.087	9.0909
chr11	118562905	118564110	1.1797e-06	81.140161	38	1.1158e-13	8.4057e-12	86.842	5.7018
chr11	118565427	118567101	1.0517e-06	85.445906	38	1.0758e-13	7.4932e-12	91.893	6.4474
chr11	118589196	118590512	0.000454	82.287655	29	5.7484e-10	3.2348e-09	89.472	7.1839
chr11	118600953	118603445	1.9279e-19	81.749681	87	4.3521e-14	1.3736e-24	87.248	5.4981
chr11	118465599	118466266	0.00019526	87.911255	22	1.344e-08	1.3912e-09	89.426	1.5152
chr11	118604704	118605454	0.034295	70.215054	31	7.5033e-09	2.4436e-07	89.301	19.086
chr11	118588082	118588739	0.00020706	75.724790	34	2.1318e-11	1.4753e-09	90.186	14.461
chr11	118631099	118632068	0.044285	68.619991	26	2.6432e-08	3.1554e-07	79.517	10.897
chr11	118651276	118652221	1.7603e-06	83.482143	32	6.2559e-12	1.2542e-11	90.253	6.7708
chr11	118654363	118654837	0.0044636	90.989011	26	6.1792e-10	3.1804e-08	95.476	4.4872
chr11	118660127	118660838	0.0062712	84.666667	20	6.3019e-08	4.4683e-08	87.167	2.5
chr11	118657260	118657801	0.044661	82.651515	22	1.7666e-08	3.1822e-07	84.924	2.2727
chr11	118663539	118664170	0.020103	78.821098	24	2.9113e-08	1.4323e-07	85.071	6.25
chr11	118681117	118682285	4.9337e-05	84.735450	33	2.4743e-11	3.5153e-10	91.301	6.5657
chr11	118684633	118685329	0.00046998	86.708995	30	2.8764e-11	3.3487e-09	89.487	2.7778
chr11	118685351	118686868	8.8521e-07	71.857315	46	3.6964e-12	6.3072e-12	81.64	9.7826
chr11	118611381	118612929	3.3247e-09	80.558771	46	4.452e-14	2.3689e-14	84.907	4.3478
chr11	118728518	118729882	0.00017077	80.051307	27	3.5822e-10	1.2168e-09	81.903	1.8519
chr11	118731278	118731791	0.042447	81.378066	22	7.6484e-08	3.0244e-07	89.711	8.3333
chr11	118731791	118732428	0.01146	77.982804	18	2.9682e-07	8.1657e-08	79.094	1.1111
chr11	118741764	118742722	0.0004326	90.178571	28	7.2085e-10	3.0824e-09	96.131	5.9524
chr11	118716035	118716389	0.0020277	75.014881	32	2.0864e-11	1.4448e-08	86.473	11.458
chr11	118764497	118765149	4.9967e-07	80.517857	40	2.025e-13	3.5602e-12	88.851	8.3333
chr11	118782309	118782922	6.6052e-09	88.882576	44	4.9738e-14	4.7063e-14	92.86	3.9773
chr11	118745263	118745787	0.0042475	77.912415	28	2.5275e-10	3.0264e-08	93.984	16.071
chr11	118788362	118788605	0.0034907	59.347826	23	2.9025e-08	2.4872e-08	83.406	24.058
chr11	118835184	118835729	0.00010469	81.004535	35	2.4323e-11	7.4592e-10	86.719	5.7143
chr11	118829353	118830330	1.8512e-05	82.287946	32	6.868e-12	1.319e-10	90.048	7.7604
chr11	118844986	118845833	8.9658e-05	63.620690	29	1.2726e-10	6.3882e-10	66.494	2.8736
chr11	118852760	118853956	8.6426e-07	91.646224	33	1.7429e-11	6.158e-12	94.677	3.0303
chr11	118879501	118880003	0.021065	76.333333	25	6.4634e-07	1.5009e-07	84.333	8
chr11	118881525	118881870	0.0014962	76.946170	23	3.2902e-08	1.0661e-08	97.236	20.29
chr11	118873855	118874800	1.0802e-07	90.695971	39	7.3719e-14	7.6967e-13	94.542	3.8462
chr11	118883145	118884245	0.0017642	66.407563	34	2.1043e-10	1.257e-08	85.035	18.627
chr11	118899885	118901365	0.0018447	88.877778	25	1.3329e-09	1.3144e-08	92.211	3.3333
chr11	118896385	118898447	8.7592e-11	81.467581	59	4.5741e-14	6.2411e-16	85.535	4.0678
chr11	118918927	118919316	0.00021621	77.634409	31	8.985e-11	1.5405e-09	93.763	16.129
chr11	118795054	118796447	9.0211e-06	78.141534	36	6.094e-13	6.4276e-11	83.697	5.5556
chr11	118955796	118956693	4.8493e-05	94.491342	33	2.9344e-12	3.4552e-10	96.461	1.9697
chr11	118908800	118909656	0.00039499	67.818878	28	1.0715e-08	2.8144e-09	88.652	20.833
chr11	118958853	118959987	0.0087204	72.838089	31	2.0648e-10	6.2134e-08	81.978	9.1398
chr11	118985669	118986980	4.5369e-05	70.465368	38	1.262e-11	3.2326e-10	77.922	7.4561
chr11	118988264	118989638	0.00019024	83.414116	28	1.6499e-10	1.3555e-09	85.2	1.7857
chr11	118991186	118992535	0.0043618	87.586996	26	6.1792e-10	3.1078e-08	92.715	5.1282
chr11	118996711	118997381	0.0077517	69.594156	22	7.6484e-08	5.5232e-08	71.867	2.2727
chr11	119018234	119018867	0.0010049	74.105090	29	7.7225e-10	7.1601e-09	82.151	8.046
chr11	119023496	119024075	0.041819	88.913864	21	2.9088e-08	2.9796e-07	91.295	2.381
chr11	119026767	119027257	0.02486	84.201681	17	6.4547e-07	1.7713e-07	94.986	10.784
chr11	119054910	119055537	0.00038472	81.152263	27	3.2051e-10	2.7412e-09	94.424	13.272
chr11	119059139	119059505	0.021628	77.541991	25	5.2538e-08	1.541e-07	85.542	8
chr11	119068125	119068651	5.094e-06	76.732130	41	1.2956e-13	3.6296e-11	89.334	12.602
chr11	119082448	119083406	0.00019136	82.222222	31	1.7903e-11	1.3634e-09	94.05	11.828
chr11	119074613	119076017	6.5475e-09	79.714286	45	4.6962e-14	4.6652e-14	80.27	0.55556
chr11	119088644	119089270	0.043628	89.015152	22	1.7666e-08	3.1085e-07	93.182	4.1667
chr11	119092540	119093210	0.0035834	83.985507	23	6.2158e-09	2.5532e-08	85.435	1.4493
chr11	119114079	119115774	1.2992e-09	91.820907	45	4.1522e-14	9.2568e-15	92.694	0.87302
chr11	119095734	119096501	2.2878e-06	90.491623	36	3.3606e-13	1.6301e-11	94.195	3.7037
chr11	119042258	119044584	2.3266e-12	82.106671	65	4.4964e-14	1.6577e-17	89.799	7.6923
chr11	119122690	119123361	0.0097482	73.489327	29	3.8651e-10	6.9457e-08	87.282	13.793
chr11	119200677	119201422	0.026449	70.548341	33	6.4051e-11	1.8845e-07	77.316	6.7677
chr11	119129876	119130546	3.7138e-10	81.568627	51	3.9524e-14	2.6461e-15	86.797	5.2288
chr11	119249802	119251789	3.9754e-16	86.128646	79	3.9413e-14	2.8325e-21	91.487	5.3586
chr11	119255982	119256878	0.00015863	87.393162	26	6.1792e-10	1.1302e-09	97.65	10.256
chr11	119263114	119263670	0.024674	84.208683	17	6.4547e-07	1.758e-07	96.464	12.255
chr11	119267322	119269265	1.802e-15	85.958110	76	4.1078e-14	1.284e-20	92.922	6.9643
chr11	119272330	119272797	0.00062901	88.188406	23	7.0858e-09	4.4818e-09	91.087	2.8986
chr11	119259532	119261053	1.8627e-11	87.785603	65	4.2188e-14	1.3272e-16	92.888	5.1026
chr11	119247559	119248536	0.00082796	82.229938	36	3.8969e-13	5.8993e-09	93.619	11.389
chr11	119354046	119355176	4.8289e-05	80.343137	34	5.3109e-11	3.4407e-10	94.559	14.216
chr11	118983026	118983961	3.5916e-07	76.235380	38	1.6376e-13	2.5591e-12	82.156	5.9211
chr11	119421900	119422941	2.1674e-05	78.218006	32	6.2559e-12	1.5443e-10	85.978	7.7604
chr11	119418822	119419673	0.0096849	86.187642	28	1.0883e-09	6.9006e-08	92.259	6.0714
chr11	119423307	119424655	2.0805e-05	74.512472	42	2.7944e-13	1.4824e-10	85.425	10.913
chr11	119431733	119432366	0.00010423	83.643579	33	3.5117e-12	7.4267e-10	85.159	1.5152
chr11	119446173	119447586	0.00022318	75.276498	31	2.8931e-11	1.5902e-09	82.911	7.6344
chr11	119462276	119463204	0.00046574	72.276335	33	2.6838e-10	3.3185e-09	86.771	14.495
chr11	119481163	119481902	0.020915	79.284188	26	5.2806e-09	1.4902e-07	93.387	14.103
chr11	119486496	119487099	0.0019853	72.585034	28	1.7297e-08	1.4146e-08	74.966	2.381
chr11	119478705	119480127	1.957e-05	77.220244	31	1.6257e-11	1.3944e-10	84.908	7.6882
chr11	119452184	119453268	1.9289e-05	90.053323	32	6.2559e-12	1.3744e-10	91.616	1.5625
chr11	119489560	119491171	4.3611e-06	76.227754	33	6.5765e-12	3.1073e-11	87.339	11.111
chr11	119528034	119529384	4.6529e-07	90.264550	36	3.3606e-13	3.3152e-12	92.116	1.8519
chr11	119567224	119568110	0.0029688	93.187831	21	2.9088e-08	2.1153e-08	94.775	1.5873
chr11	119580329	119581281	0.0096549	90.548629	25	1.3329e-09	6.8793e-08	91.882	1.3333
chr11	119671178	119671813	4.0982e-05	88.308081	30	2.8764e-11	2.92e-10	97.197	8.8889
chr11	119685420	119686142	0.00734	65.739142	21	1.791e-07	5.2298e-08	97.088	31.349
chr11	119725175	119725917	0.00068134	65.267857	24	9.91e-09	4.8546e-09	86.657	21.389
chr11	119823459	119824518	0.0041284	79.150132	24	2.298e-08	2.9415e-08	89.567	10.417
chr11	119834663	119836767	3.9518e-13	77.245370	60	4.2744e-14	2.8157e-18	89.523	12.278
chr11	119917149	119918368	0.00087404	73.896520	26	1.9396e-09	6.2276e-09	91.635	17.738
chr11	119909580	119910587	1.195e-07	89.285714	42	4.5963e-14	8.5148e-13	91.667	2.381
chr11	119931498	119932222	0.019689	81.946170	23	7.0858e-09	1.4028e-07	85.569	3.6232
chr11	119992543	119993427	0.0043162	70.403667	29	1.2572e-09	3.0754e-08	84.484	14.08
chr11	120061880	120062608	0.04278	59.991497	28	1.7102e-06	3.0481e-07	67.134	7.1429
chr11	120064105	120064830	4.6537e-05	64.190685	38	2.8555e-13	3.3158e-10	87.436	23.246
chr11	120091122	120091714	0.024697	56.131483	17	6.4547e-07	1.7597e-07	71.818	15.686
chr11	120134060	120134905	5.6471e-09	80.238095	56	4.4187e-14	4.0236e-14	96.31	16.071
chr11	120156805	120157856	2.4177e-07	76.572682	38	3.9857e-13	1.7226e-12	96.748	20.175
chr11	120158715	120160067	2.5759e-06	84.407666	41	5.0404e-14	1.8354e-11	92.538	8.1301
chr11	120188998	120191544	1.157e-13	87.079324	58	4.2188e-14	8.2439e-19	88.229	1.1494
chr11	120194416	120194751	0.00046305	76.196160	29	7.0004e-10	3.2993e-09	81.656	5.4598
chr11	120202812	120204188	9.8484e-10	86.492819	42	4.7184e-14	7.0171e-15	87.564	1.0714
chr11	120227243	120228469	0.019008	68.688672	22	3.4667e-08	1.3544e-07	86.416	17.727
chr11	120229385	120230426	0.00091192	76.707766	28	1.4781e-09	6.4975e-09	84.446	7.7381
chr11	120232992	120233969	0.00040489	77.367725	27	2.8668e-10	2.8849e-09	94.96	17.593
chr11	120081452	120082339	0.043431	31.847977	27	1.1426e-07	3.0945e-07	34.934	3.0864
chr11	120180930	120181862	1.9249e-11	86.666667	55	4.3743e-14	1.3715e-16	95.758	9.0909
chr11	120252827	120253339	2.7776e-08	84.715354	52	4.5075e-14	1.979e-13	90.805	6.0897
chr11	120245206	120247148	1.0253e-06	80.078521	47	5.54e-14	7.3055e-12	84.334	4.2553
chr11	120303201	120304274	0.046384	68.266667	25	1.1026e-08	3.3049e-07	96.867	28.6
chr11	120312293	120312797	0.046588	88.544673	24	2.8772e-09	3.3195e-07	92.711	4.1667
chr11	120313631	120315313	2.9991e-09	87.000169	47	4.2855e-14	2.1369e-14	89.66	2.6596
chr11	120345841	120346578	0.034666	85.037594	19	1.0077e-06	2.47e-07	92.055	7.0175
chr11	120392931	120393516	0.017636	71.783653	21	2.9088e-08	1.2566e-07	92.18	20.397
chr11	120396315	120397409	0.00082623	82.435897	26	7.7879e-10	5.887e-09	86.282	3.8462
chr11	120410736	120412106	3.955e-11	87.232704	53	4.5519e-14	2.818e-16	87.862	0.62893
chr11	120406962	120409246	2.4814e-12	86.332020	58	4.5852e-14	1.7681e-17	87.941	1.6092
chr11	120424861	120425410	0.046736	74.614141	25	5.8575e-08	3.33e-07	84.881	10.267
chr11	120443670	120444934	0.00021486	74.318783	30	4.2898e-11	1.5309e-09	82.597	8.2778
chr11	120445369	120446693	1.9009e-05	71.812658	32	6.1964e-11	1.3544e-10	89.729	17.917
chr11	120461033	120461872	4.6645e-05	81.662946	32	1.5066e-10	3.3235e-10	98.85	17.188
chr11	120502424	120502691	0.024618	79.705882	17	6.4547e-07	1.7541e-07	95.882	16.176
chr11	120535822	120536825	0.00019446	74.829932	28	2.2728e-10	1.3855e-09	90.544	15.714
chr11	120540409	120543622	3.4076e-09	75.724254	52	4.2188e-14	2.428e-14	79.987	4.2628
chr11	120546059	120546935	0.00015199	74.026833	42	4.7051e-13	1.0829e-09	83.154	9.127
chr11	120510282	120511192	0.0021362	76.091954	29	4.7158e-10	1.5221e-08	94.483	18.391
chr11	120594900	120595159	0.041716	-57.857143	21	3.4633e-06	2.9723e-07	32.619	90.476
chr11	120624485	120625536	1.7431e-05	83.471713	30	3.1796e-11	1.242e-10	89.861	6.3889
chr11	120626784	120627694	4.5319e-05	83.512096	32	6.2559e-12	3.229e-10	87.366	3.8542
chr11	120631840	120632821	0.00046953	73.010753	31	3.501e-11	3.3455e-09	88.495	15.484
chr11	120655573	120656891	1.0647e-05	87.977068	37	7.2153e-13	7.5859e-11	98.157	10.18
chr11	120666098	120666852	0.0019519	83.768315	26	6.1792e-10	1.3908e-08	93.191	9.4231
chr11	120616513	120617542	0.0061564	70.722222	35	2.343e-10	4.3866e-08	83.817	13.095
chr11	120739295	120741255	1.0938e-08	80.333047	53	4.5519e-14	7.7938e-14	94.453	14.119
chr11	120749193	120750107	0.0032498	87.411616	22	1.344e-08	2.3155e-08	91.578	4.1667
chr11	120830828	120832440	1.3556e-07	83.684939	43	4.7184e-14	9.6588e-13	88.917	5.2326
chr11	120854574	120855184	0.0087968	71.956522	23	7.0858e-09	6.2678e-08	96.812	24.855
chr11	120893576	120894224	2.0885e-05	87.300420	34	1.389e-12	1.4881e-10	91.81	4.5098
chr11	120896570	120897441	0.00088444	80.727513	27	3.2051e-10	6.3018e-09	82.579	1.8519
chr11	120898652	120899881	1.9923e-06	84.450457	33	2.9344e-12	1.4195e-11	90.511	6.0606
chr11	120906194	120907221	1.885e-05	87.177249	30	2.8764e-11	1.3431e-10	88.288	1.1111
chr11	120912114	120913908	5.7119e-10	74.125138	43	5.6621e-14	4.0698e-15	88.272	14.147
chr11	120916929	120917471	0.04195	81.875902	22	1.344e-08	2.989e-07	93.77	11.894
chr11	120917836	120918683	0.0042403	86.295351	28	7.2085e-10	3.0213e-08	91.057	4.7619
chr11	120937996	120938783	0.00021197	85.217926	22	1.344e-08	1.5103e-09	89.763	4.5455
chr11	120948205	120950122	1.4737e-08	90.671958	45	4.1522e-14	1.05e-13	93.767	3.0952
chr11	120952494	120953432	1.3812e-06	85.835979	30	3.1796e-11	9.8416e-12	90.947	5.1111
chr11	120955678	120957113	4.735e-05	89.047619	35	3.7546e-12	3.3737e-10	92.857	3.8095
chr11	120967936	120968893	0.019353	80.713384	24	1.4562e-07	1.3789e-07	90.436	9.7222
chr11	120973314	120974453	0.00017702	82.522046	27	3.5822e-10	1.2613e-09	87.46	4.9383
chr11	120976719	120977383	0.0098274	78.196206	26	8.1719e-09	7.0022e-08	85.889	7.6923
chr11	120974978	120976358	4.5548e-06	77.945870	42	8.1046e-14	3.2453e-11	88.286	10.34
chr11	120979486	120980222	0.0036286	90.948930	23	6.2158e-09	2.5854e-08	92.543	1.5942
chr11	120982887	120984453	5.2271e-06	92.305573	36	3.3606e-13	3.7244e-11	94.62	2.3148
chr11	120984721	120985867	0.00091426	76.468910	33	1.365e-09	6.5142e-09	89.384	12.915
chr11	120987469	120988871	5.2323e-06	86.361416	39	7.9126e-13	3.7281e-11	89.78	3.4188
chr11	120998398	121000713	1.23e-13	76.468790	74	4.3743e-14	8.7638e-19	86.491	10.023
chr11	121016102	121016934	0.0088679	87.423880	23	6.2158e-09	6.3185e-08	91.772	4.3478
chr11	121027843	121029338	9.9366e-12	86.364358	55	4.674e-14	7.08e-17	89.152	2.7879
chr11	121008928	121009300	1.9613e-06	79.949495	33	2.4743e-11	1.3975e-11	86.768	6.8182
chr11	121009305	121010418	5.1377e-06	84.209656	36	9.5568e-12	3.6607e-11	87.543	3.3333
chr11	121050536	121051630	3.7664e-11	92.797619	52	3.9413e-14	2.6836e-16	94.304	1.5064
chr11	121048817	121049114	0.00042434	66.785714	28	1.2987e-08	3.0235e-09	90	23.214
chr11	121035056	121036113	0.0033638	90.506854	22	1.344e-08	2.3968e-08	91.416	0.90909
chr11	121055448	121056580	4.9909e-07	86.071496	37	2.0217e-13	3.5561e-12	92.378	6.3063
chr11	121202042	121203170	0.00019518	28.889009	38	4.9409e-12	1.3907e-09	85.027	56.138
chr11	121233724	121234905	0.0018791	70.878489	29	5.7469e-09	1.3389e-08	88.752	17.874
chr11	121238026	121238889	0.029881	90.702862	18	2.9682e-07	2.1291e-07	94.592	3.8889
chr11	121251032	121251832	0.018977	81.011905	22	1.344e-08	1.3522e-07	82.527	1.5152
chr11	121253313	121254891	0.004094	64.654018	32	9.6829e-11	2.917e-08	81.953	17.299
chr11	121258136	121259061	0.0087682	74.077734	23	4.2219e-08	6.2475e-08	82.701	8.6232
chr11	121277048	121278334	0.00022165	68.976190	35	1.2859e-12	1.5793e-09	72.786	3.8095
chr11	121204164	121204644	4.314e-06	21.952736	42	2.6794e-12	3.0738e-11	82.131	60.178
chr11	121309875	121311626	0.00038521	65.174162	36	1.0335e-09	2.7447e-09	75.128	9.9537
chr11	121332528	121334427	1.4344e-09	86.505932	45	4.3854e-14	1.0221e-14	88.506	2
chr11	121340750	121341596	6.0472e-08	75.233490	47	8.652e-13	4.3087e-13	86.226	10.993
chr11	121367599	121367987	0.034484	80.388471	19	7.4784e-07	2.4571e-07	96.88	16.491
chr11	121408674	121409375	9.5761e-08	86.305347	38	1.1746e-13	6.8231e-13	94.858	8.5526
chr11	120694271	120695146	2.1235e-05	80.546976	37	1.4175e-12	1.513e-10	86.583	6.036
chr11	121517938	121519124	0.0045019	70.800265	30	1.619e-09	3.2077e-08	93.11	22.31
chr11	121540894	121541602	0.00088316	65.002405	30	2.4883e-10	6.2927e-09	93.752	28.75
chr11	121541608	121543050	0.012716	50.018116	46	3.7033e-07	9.06e-08	94.946	44.928
chr11	121564646	121565835	8.3587e-05	88.170351	28	1.331e-10	5.9557e-10	91.742	3.5714
chr11	121596241	121596670	0.007274	75.839002	21	2.9088e-08	5.1828e-08	91.599	15.76
chr11	121629080	121630257	0.0024123	81.910714	20	6.3019e-08	1.7188e-08	92.077	10.167
chr11	121657078	121657714	0.046667	81.448413	24	3.6968e-09	3.3251e-07	93.254	11.806
chr11	121663310	121664051	0.041112	85.916306	21	2.9088e-08	2.9293e-07	96.234	10.317
chr11	121590290	121592308	0.010046	74.505495	26	6.1792e-10	7.1578e-08	90.659	16.154
chr11	121716802	121718351	0.00046328	76.377218	34	3.9646e-10	3.3009e-09	86.377	10
chr11	121720160	121720928	0.0003045	80.403400	26	9.8027e-10	2.1696e-09	84.25	3.8462
chr11	121794374	121795234	0.043277	71.264881	24	4.1387e-08	3.0836e-07	86.24	14.975
chr11	121815551	121815944	0.017841	63.832200	21	4.4656e-08	1.2712e-07	66.213	2.381
chr11	121866378	121867090	5.2215e-06	53.787661	41	7.7494e-14	3.7204e-11	78.797	25.009
chr11	121867090	121867760	0.019725	77.603458	28	8.8617e-10	1.4054e-07	83.024	5.4209
